address, result
0x390de26d772d2e2005c6d1d24afc902bae37a4bb,upbit
1JZBBnTwRaHKyi9VNTGSnW3xmkG5AyJL21,bitsum
0xfa71e45ef0f83ec0424b641690a41b5c0ddff10a,unknown
197B3VUSCVtcuinHpuekhwDazzFoE6aqDj,bitsum
panacea1kjfznhy7u3d4ce8jhn98wn6ujem3064l4fls4x,upbit
panacea1ewqtt74fdgyag8clvd9epv7c36409tx2yq37hz,bitsum
13qtuXpJxFsBMYVMkwFHHSwSCp3TEyDBhw,bitsum
1QCPLsUSh8GaEFR74tspWB7DoVj4D7HhqV,unknown
0x390de26d772d2e2005c6d1d24afc902bae37a4bb,upbit
1125CwoGNDjWzy37RNvr3nfdJEEUYwFGHN,unknown
1LUVZvuxGBhj7zjSFHqKudFC2jv3YUYDCn,korbit
19UhxjK9MuU2dY1oB2MqUH6PD8ff2gC9EA,unknown
 1H2WdGBL4Gz8bjdAFKVs8yEWriQd1PSLT7 Output 10.09979011 BTC 1QCPLsUSh8GaEFR74tspWB7DoVj4D7HhqV,unknown
0x390de26d772d2e2005c6d1d24afc902bae37a4bb,upbit
0x390de26d772d2e2005c6d1d24afc902bae37a4bb,upbit
0x3c2850b096abb795e063868fef10c39754b1fd38,upbit
0x145cb52f5b6ab4786ac88cb8cc5afce265060174,unknown
1QKYyumH87eZDFVWs5RGtH9ba7YvdAV4kX,bitsum
1QKYyumH87eZDFVWs5RGtH9ba7YvdAV4kX,bitsum
1QKYyumH87eZDFVWs5RGtH9ba7YvdAV4kX,bitsum
1QKYyumH87eZDFVWs5RGtH9ba7YvdAV4kX,bitsum
1QKYyumH87eZDFVWs5RGtH9ba7YvdAV4kX,bitsum
1QKYyumH87eZDFVWs5RGtH9ba7YvdAV4kX,bitsum
3C8653ka3WxcX2oRzySuPXZhw9aYzvBT4D,unknown
3C8653ka3WxcX2oRzySuPXZhw9aYzvBT4D,unknown
3C8653ka3WxcX2oRzySuPXZhw9aYzvBT4D,unknown
	1QKYyumH87eZDFVWs5RGtH9ba7YvdAV4kX,unknown
3C8653ka3WxcX2oRzySuPXZhw9aYzvBT4D,unknown
1QKYyumH87eZDFVWs5RGtH9ba7YvdAV4kX,bitsum
3C8653ka3WxcX2oRzySuPXZhw9aYzvBT4D,unknown
1CoHMNc5iBQ7ticV3VzXw7XhfuJeUyZfAq,unknown
3C8653ka3WxcX2oRzySuPXZhw9aYzvBT4D,unknown
1QKYyumH87eZDFVWs5RGtH9ba7YvdAV4kX,bitsum
bc1quxq8ajps584n656vc0szp98etg98sjjnkep3yp,unknown
	bc1quxq8ajps584n656vc0szp98etg98sjjnkep3yp,unknown
bc1quxq8ajps584n656vc0szp98etg98sjjnkep3yp,unknown
 13spzCitc4p9WVMfecrtkjt2Ta9KQuBLdy,unknown
6986e34f719edaf2c1011fa69f51823dc4601ba270ce622b2c3df8bce8d6ac26,unknown
t1MqQ3JSzUT4WHhNLhnAkYFeP9iyBMrZmaT,unknown
t1Wqu6kwjDj3Ebnt8Q7HQHxsqEPBLuCy7zV,unknown
3GDgbaYyoKyY1qc369FhoiqxRCBi9aaHNM,unknown
3MNvEmqDZKdzhNHe4GiJGaCurxVB3bSiLF,unknown
34C2rzP5sdGTL4asWybjh7nHcS4eTYciAB,bitsum
t1MqQ3JSzUT4WHhNLhnAkYFeP9iyBMrZmaT,unknown
34C2rzP5sdGTL4asWybjh7nHcS4eTYciAB,bitsum
0x5c1ecfb7946ed489960fefb7f5465a2c46189cfe,unknown
 0x5c1ecfb7946ed489960fefb7f5465a2c46189cfe,unknown
 0x5c1ecfb7946ed489960fefb7f5465a2c46189cfe,unknown
r4hYwnBsNH764iTfhTSopu4M3Ct5gMkCGD,unknown
0xec44374a44d6c6215e928115d0dc203865c61172,unknown
r4hYwnBsNH764iTfhTSopu4M3Ct5gMkCGD,unknown
0x167a9333bf582556f35bd4d16a7e80e191aa6476,unknown
0x167a9333bf582556f35bd4d16a7e80e191aa6476,unknown
0x167a9333bf582556f35bd4d16a7e80e191aa6476,unknown
0x4d5d1a278332e8c951608d46f7b3669469946787,unknown
0x144bd4bcd0305394196fb991e23e0750524250fa,bitsum
0x4D5d1A278332E8c951608d46F7B3669469946787,unknown
bc1qq5vmdtwqp31fdyv12a7sagtq63av19qdfcm6du,unknown
bc1qq5vmdtwqp3lfdyvl2a7sagtq63avl9qdfcm6du,unknown
0x1b5a053331718af382ec34bb01586ab3a3dd00447d6dee6c5e58b8a3c2a18847,unknown
0x1b5a053331718af382ec34bb01586ab3a3dd00447d6dee6c5e58b8a3c2a18847,unknown
	0x144bd4bcd0305394196fb991e23e0750524250fa	,unknown
0x144bd4bcd0305394196fb991e23e0750524250fa	,unknown
0x144bd4bcd0305394196fb991e23e0750524250fa,bitsum
0x3cbda739f6305ccfb17b35c5f84a129876b3f0ea,unknown
TEPEK9wvB4iHoJzYJWyTC4NZ4yHwqmj57v,unknown
bc1qr9hs5rhuehc6v6c74c8vk43hetdaxm2c8232k6,unknown
0x725f15D8E24877433c671b0ed6eF39C5e52d6A98,unknown
TPAS97NMGW44VbCiQU9Zkc7qVtsaCrnC6S,unknown
TLnx9Ap4zMYP2z4z9MhUbDKTyZcAYFRWb6,unknown
184EHDbpXRp8pX2fEE8qEjj2zTHc5fyeJf,unknown
TSDe5wVdFhqzrsoFkVaT1F9kt3W2sgeStg,unknown
TFwvZNN2JbJhimxkWX4BNm3ENYMep61U2n,unknown
0xd12f2091b85a083e4656bce3f28c851da3c42db8,unknown
bc1qsj32zchn324jl3zanw6xx4pk672pxv6nqsfugn,unknown
0x172e79023ad66ea91c5301aa7af4d1675a624dc0,upbit
0x172e79023ad66ea91c5301aa7af4d1675a624dc0,upbit
0x172e79023ad66ea91c5301aa7af4d1675a624dc0,upbit
0x172e79023ad66ea91c5301aa7af4d1675a624dc0,upbit
0x172e79023ad66ea91c5301aa7af4d1675a624dc0,upbit
oxbdc4833372ec300df3c1obfb327c4568694ffefo,unknown
0xbdc4833372ec300df3c10bfb327c4568694ffef0,unknown
 GDYYMSF4DNDRFH4EBHHIJNET4DHE6QAG3O4A7V3B5LLMPPTMOPY3FOE4,unknown
0x172e79023ad66ea91c5301aa7af4d1675a624dc0,upbit
1EZooKqPMBUVZ8QtBpiorJ3gpQrojyppLq,unknown
1Ve6NUg1GVBgeRMSJhnG4gpfBCbhUUoJb,unknown
12JQcvhVe3Tq32KfzZHrqFUf2FQ4n4cD8N,coinone
0x3052cD6BF951449A984fe4B5a38B46AEF9455c8E,bitsum
rNfGiGeV26HNZDEvMpLdZaVu4X1SJpwmX2,unknown
1MgnbcEZCmwzb17CcydzAKKis8pKCfR3Kw,korbit
1MgnbcEZCmwzb17CcydzAKKis8pKCfR3Kw,korbit
0xfa71e45ef0f83ec0424b641690a41b5c0ddff10a,unknown
2N3nHE1YjQQn3CmqBNyq3icgZTbY1gAVjqX,unknown
GCXDR4QZ4OTVX6433DPTXELCSEWQ4E5BIPVRRJMUR6M3NT4JCVIDALZO,unknown
DPTXELCSEb7590yq3icgZTbY1,unknown
1CXGjkbtPsLpnbdvgWH1quu6pUtpvGKy9b,unknown
132BHbuzfVRpoz6uaqGBYu1KzhvTUqMCC6,unknown
1EJELWXNJGsUvEdoBtBnEmFAKgVjKHBy4q,unknown
1CTwHATrXfvuJ1Tzq9N7xUyEKAqHH8qneq,unknown
1KjKMHF5MxTeuwfVZSXnMFH5scWMSyNVhs,unknown
1Hmbdxbv1EnYMLm6gxkzDKgfQCNvQp8sNE,unknown
1L857Mvp8KnEF8SaXy9MKMuyTLSFDtMV3m,unknown
17GVVuFRBDocH3rEyDzFn6YrXa3uMMRRrf,unknown
1DixGqLX3DnF2WFR9xBj519ed9xYDSs7w,unknown
0xfa71e45ef0f83ec0424b641690a41b5c0ddff10a,unknown
2N3nHE1YjQQn3CmqBNyq3icgZTbY1gAVjqX,unknown
0x172e79023ad66ea91c5301aa7af4d1675a624dc0,upbit
0x3052cD6BF951449A984fe4B5a38B46AEF9455c8E,bitsum
12JQcvhVe3Tq32KfzZHrqFUf2FQ4n4cD8N,coinone
1MgnbcEZCmwzb17CcydzAKKis8pKCfR3Kw,korbit
TXTY5SuNrCpasvDxoqWe8VNnRsKvwf8B2H,unknown
17GVVuFRBDocH3rEyDzFn6YrXa3uMMRRrf,unknown
1ATGLvWRSVouXQd3vTLx86Hq1AuB3FjFe7,unknown
TQDTwET8ahHHG3FWaiMrGnPXWRpWDjUUxB,unknown
TKFvdC4UC1vtCoHZgn8eviK34kormXaqJ7,unknown
TS9PDCB6vzLYDCPr5Nas2yzekdr7ot6dxn,unknown
TQVxjVy2sYt4at45ezD7VG4H6nQZtsua5C,unknown
TYgFxMvvu2VHFJnxQf8fh1qVAeMfXZJZ3K,unknown
TU4vEruvZwLLkSfV9bNw12EJTPvNr7Pvaa,unknown
TPYWMqsDwtUZJVCWyVu5rD2RhJQp96Y4D3,unknown
TMZcXcF61BGPtiLmm5DuNDha4G75SPMEUj,unknown
TR7NHqjeKQxGTCi8q8ZY4pL8otSzgjLj6t,unknown
TL37qVJH7gAZZJxvrnYPEfWKjmQKzsaj18,unknown
TXapQNRb5ZAssLsVDgDTBGEC8XNQPbXMaA,unknown
TV6MuMXfmLbBqPZvBHdwFsDnQeVfnmiuSi,unknown
1MgnbcEZCmwzb17CcydzAKKis8pKCfR3Kw,korbit
12JQcvhVe3Tq32KfzZHrqFUf2FQ4n4cD8N,coinone
 0x3052cD6BF951449A984fe4B5a38B46AEF9455c8E,unknown
  0x3052cD6BF951449A984fe4B5a38B46AEF9455c8E,unknown
1NDVYa55K6kLZAvZdkbXskiYHWJnfiXo5c,unknown
16jHyEUbxFqjUCcud1VyWW3Si1m57cmTAC,bitsum
0x172e79023ad66ea91c5301aa7af4d1675a624dc0,upbit
1MgnbcEZCmwzb17CcydzAKKis8pKCfR3Kw,korbit
0x172e79023ad66ea91c5301aa7af4d1675a624dc0,upbit
0x172e79023ad66ea91c5301aa7af4d1675a624dc0,upbit
0x172e79023ad66ea91c5301aa7af4d1675a624dc0,upbit
0x172e79023ad66ea91c5301aa7af4d1675a624dc0,upbit
0x172e79023ad66ea91c5301aa7af4d1675a624dc0,upbit
0x172e79023ad66ea91c5301aa7af4d1675a624dc0,upbit
0x172e79023ad66ea91c5301aa7af4d1675a624dc0,upbit
0x172e79023ad66ea91c5301aa7af4d1675a624dc0,upbit
0x172e79023ad66ea91c5301aa7af4d1675a624dc0,upbit
0x172e79023ad66ea91c5301aa7af4d1675a624dc0,upbit
0x172e79023ad66ea91c5301aa7af4d1675a624dc0,upbit
0x172e79023ad66ea91c5301aa7af4d1675a624dc0,upbit
0x7c006525f3B38A6605AB2A371ca43a209b2cF46d,unknown
0xdba4a2D5d1eF4226862b20002B8644A9682B3299,unknown
0xdba4a2D5d1eF4226862b20002B8644A9682B3299	,unknown
0x5c1ecfb7946ed489960fefb7f5465a2c46189cfe,unknown
1MgnbcEZCmwzb17CcydzAKKis8pKCfR3Kw,korbit
0x5d5d86f234ac2fd98869e5b76a83acc30240259b,unknown
0xec68821ebd60dd8acb19287f0ff1aaea64d5d411,unknown
TRmfnxVAmp7XEd57imAe3peMH3S1QqvgrJ,unknown
TTcwsfYV6Y8obfGNzDxEjHJuAozySRCdw8,unknown
TRmfnxVAmp7XEd57imAe3peMH3s1QqvgrJ,unknown
TZEBWmdD4pKcer2mptUKgbTnvWYzABp8gB,unknown
TUoeQuUfWbTCwHtNcBCW38TgccPHatCsnX,unknown
TKiv1Fh2et8LLjdi4EFrJgbnLzuy,unknown
TUoeQuUfWbYCwHtNcBCW38TgccPHatCsnX,unknown
TRjBBEkp9ntms4skm2t2kGnMfV3xWzjhJk,unknown
bc1q2tmap8k46zyjm226yn0plqxseqezxhgzd4tg96,unknown
0x172e79023ad66ea91c5301aa7af4d1675a624dc0,upbit
bc1quuqrzk9a36yd4tu9peaw5qd9f0zy5m37pj0jvu,unknown
0x9676fC9c1DF013b9211fb313316eb0b7d5553944,unknown
1J7H8mR8nEKFQDDmh9uaVAbdkL7Fqx5eM6,unknown
0x172e79023ad66ea91c5301aa7af4d1675a624dc0,upbit
bc1quuqrzk9a36yd4tu9peaw5qd9f0zy5m37pj0jvu,unknown
bc1quuqrzk9a36yd4tu9peaw5qd9f0zy5m37pj0jvu,unknown
0x9676fC9c1DF013b9211fb313316eb0b7d5553944,unknown
1J7H8mR8nEKFQDDmh9uaVAbdkL7Fqx5eM6,unknown
0oa55a757dc0a9ccda09cf3f5237d96f83fdf5cdb4,unknown
0xa55a757dc0a9ccda09cf3f5237d96f83fdf5cdb4,unknown
TFwvZNN2JbJhimxkWX4BNm3ENYMep61U2n,unknown
16FGRrU1q1TFuHsGt72CLNcjkJ5HnHrBNq,unknown
0xa55a757dc0a9ccda09cf3f5237d96f83fdf5cdb4,unknown
0x310b4e4d7d5ab7ad2c7724bdd62e5291206eda5f,unknown
3M214eZMBK4zc5s6QwY1WZUG7aRhAJct49,unknown
1NuHpuBGteZCFYzoRXJZWmVwPJRAkeg8TM,unknown
TR7NHqjeKQxGTCi8q8ZY4pL8otSzgjLj6t,unknown
TRibYiQxwKczxPjiionBRM86NJTZRSxDWC,unknown
TM1zzNDZD2DPASbKcgdVoTYhfmYgtfwx9R,unknown
TLDMya9PZTG3sXLpVKP5TEoSWQuoh5VNxw,unknown
TV6MuMXfmLbBqPZvBHdwFsDnQeVfnmiuSi,unknown
3G2w4kQkDmRnuR4iUXdXxNRgG3ScoqkWmo,unknown
TX9j8iMQFP2JKBfQHWRfshi7SPaTSsdb5Y,unknown
TK6sMH5NR5xZQhkYE5QcwLcHpK8xD6DVfj,unknown
TAsFBmqWqrA94kLd7baSq6bBmUTtEgaEXi,unknown
13ahySUscfRRRPcz7ghM3KZFXC9dj1MZjy,unknown
TWT3L694985N2sF8aCQpMbtpxCUgRPsfME,unknown
THFNtRuWBXDcwbAc2xZWe3bjHALEWdHwSQ,unknown
TWS1onJnNTg8tJHomceqxBxTsUB1DHh7PV,unknown
TKj77sVcm3UjgKMA45L25sRGmi6LZnzETq,unknown
TCWuojSyb8M4ViPTVeW5unYbCdvckR39p9,unknown
TKJRxz1wJSN1MPXWC5gkYVjRBJ9WvtvHHH,unknown
TMCggoW1zo682Q4d89PTy17fppELgpWigD,unknown
TJEyDvL2GReS7fbQhyRGPWmDP68TESQGZu,unknown
16YuFuCZSQ3YL9zWECQ2soHT5SJeE6T1ac,unknown
16YuFuCZSq3YL9zWECQ2soHT5SJeE6T1aC,unknown
bc1qhz625spy529s929galtu3d6ey93tfla4diflw,unknown
TJEB2fSs7u2c2y1bAzXB2P8sZXhMkViZ,unknown
1NFkA7Y5NXATdjytkAmcNhbg6jiLMMk7sV,unknown
TRQE3483UWRMge6L6bsrzpgmDfdxHo6rxX,unknown
TRQE3483UWRMge6L6BsrzpgmDfdxHo6rxX,upbit
0x13e9e51a19d4714892b364d8fc02e9d711ff0639,unknown
TJPE4q8TrmTrkBMgh1PofypWakV7R5qvtz,unknown
0xdd494f93a5637bc29a31b01f8f453c47204504d1,unknown
0x8261074a983f12c59cab52e42519144faec2d572,unknown
0xca1ed1f8292da0fc652893217c6c21a8a5a4aa4a,unknown
0x76fe51a6b4cebbf233ccf4406ee50fda2f08b909,unknown
0x8df111002f75503e9047d4b05565f3fb012ca7dd,unknown
3VWia87hNkxgg51heFc9z1GtZdmSuC63RGtFe98Nnsbb,unknown
0x254aF750dA52c7941B3C2D7a887D3e8cA59fA174,unknown
0x86de11cfaa8899cdcf50d5720c47d236c5eab95d,unknown
0x8c9ad49aefdbb308a785942058494da2de9130ae,unknown
0xfa0f2cfd9265432dfe65742726180f827c8a7399,unknown
0x86de11cfaa8899cdcf50d5720c47d236c5eab95d,unknown
0xb745cdbc31f55b78ae256c41f07d996854996b976bb3563c3431e78c1248e214,unknown
0x8c9ad49aefdbb308a785942058494da2de9130ae,unknown
0x5521a68D4F8253fC44BFb1490249369b3E299A4A,bitsum
0x2140eFD7Ba31169c69dfff6CDC66C542f0211825,unknown
0xC257274276a4E539741Ca11b590B9447B26A8051,bitsum
TWNRAS18kcFisqNJ44iUMECZNtG5uddw7z,unknown
0x0012365f0a1e5f30a5046c680dcb21d07b15fcf7,unknown
0x814f779fe24f023a461f796d8d8be22da387c3a9,unknown
0xfc71005f66c230e91b14b27c9cd2e1276abc10dd,unknown
0xb524dd86cdf6d6a3cc185677c2d5e48d3b629bc47a9c7345b89d6e632887cfb0,unknown
0xebccfc79b1ed5bf26add806031d49f487a7ab44a,unknown
16YuFuCZSq3YL9zWECQ2soHT5SJeE6T1aC,unknown
TAoA7rUU4RPEYXD8SQ2RARXpcfbgooJ1AX,unknown
0x159da03b79a7b4b062c4373d73b24cc03d558e9c,unknown
TAoA7rUU4RPEYXD8SQ2RARXpcfbgooJ1AX,unknown
0xa55a757dc0a9ccda09cf3f5237d96f83fdf5cdb4,unknown
3McvxiJaLjzU17kBR6biehQGzByLjQLxmt,unknown
5f5e4bfe8e5af5d9b83a80fc2ecabdcdf3dc0ceeb450cbb30ac9fa45a5b8764c,unknown
TCWtthVZnZoAxbFdxoL2vHvHnxZ5yKf5z4,unknown
3KtQTB9c59CJAT4g2ecANt47PaZLYooEFD,upbit
3McvxiJaLjzU17kBR6biehQGzByLjQLxmt,unknown
0x9aaF9DBa6e301C460c2bb5B63191926d09Af3f24,unknown
0x159da03B79a7b4b062C4373D73b24CC03d558e9c,unknown
TV6MuMXFmLbBqPZvBHdwFsDnQeVfnmiuSi,unknown
TV6MuMXfmLbBqPZvBHdwFsDnQeVfnmiuSi,unknown
0x682996fded3548f76f2D70e2e95499BDf79C4d70,unknown
TTaar18bU3zsV8XPop3LusMuRPvmozWxYJ,unknown
0x2652921c2C0325BEf44221AB741848b61B802Fb6,unknown
0x167a9333bf582556f35bd4d16a7e80e191aa6476,unknown
terra1dma8ykt8rl7chn7cmtjar8zhfw5h7eqcqdxa5p,unknown
TDyMTdn9vjfw3apLtrymp2o8jYxzFy9Z6,unknown
0xd971dd7a9987447d603c830b5aefca5s5x0b7flcfa8a57367227ef3d0b9b2a23e,unknown
3Lpmc84PYGVqoUys8tNJFii2aHkYPRU8z7,unknown
0x7fA9956DFaBF1495A80b599B72dF4490b0a7e0B9,bitsum
0x1afcd9bb325acd1154bab11d826f8ae8e3e9d117101b0f263be438addd719da9,unknown
t1bkdSXDHJ7ja4hbFF4eV3L6RTZqVeKbkrn,unknown
t1R2w9rwZN2aR9J4muUFYAnYCPEibXSgk1B,bitsum
t1R2w9rwZN2aR9J4muUFYAnYCPEibXSgk1B,bitsum
t1NQfH6yfm81hvGhSsBEpv9upmGFqwtszSg,bitsum
0x94512c17f8e60f04866747424f6010cfaf8e56f2,unknown
0x1afcd9bb325acd1154bab11d826f8ae8e3e9d11701b0f263be438addd719da9,unknown
0x1f8f16a29251fa399d89e1005e3f95427bf5b1de,unknown
0x2140eFD7Ba31169c69dfff6CDC66C542f0211825,unknown
0x97122ddca38c29b7653d52b07998d06a7128fa0b,bitsum
0xB40a1B2bF8CA56fb0243b2A39a5D59e226E5167E,unknown
0xdac17f958d2ee523a2206206994597c13d831ec7,unknown
0x305783Df7B5233CC1Ae069d4d0FE02B9504fC9Ec,unknown
bc1q0eyxxhdly994kdyzgr7554vtq46wgen6afza5w,unknown
0x74eb22b2b94b383f948cb8ab0335b7df44538e4e,unknown
0xa672c2c428b33d4f05fbc1f613743dd69c5464c1,unknown
TWpmSK4WcYLgSCYthJCD7iieVmE3yUjV5e,unknown
TFdYE4M2aKxUCSDUvCxpr1z6o48vZfJGTQ,unknown
bc1q6ttaqhyleytp5kd66wwr0z48q90wu8vrcf02lk,unknown
bc1q42e3dtp50t7thaemkfvzm80ywcz86c27htdhr4,unknown
0x6487A7fbcFD0a094BbE542D2167f9515887b4ab3,unknown
0x6487A7fbcFD0a094BbE542D2167f9515887b4ab3,unknown
0x28beA8C5cC62d147b080544853C5e1450bf7F096,unknown
TYzQamgt2fAasuHcFTty9vv77b4cxrdVjf,unknown
1EiZKi7EKvWDJzvnfySWvsNigBFyURrfiR,unknown
1QHvFepfm541u4m8ZL4rdFAaNigHaEqRDT,unknown
18L4wJUgoXuaYJjcE1B59pTPwdRzMQRCcy,bitsum
12GDMMpr3ph3RycCLdwKNcmaAUydmNpanv,unknown
0xa7530ec6d0951c69beb972c48aac435ab353569a4,unknown
0xd75879d0e3d553dfb6972dddb90ad082a133d89a,unknown
0x2958730688470d3fb7c36b295a2924bbc528abf0,unknown
0x31aba385acaf3f504be530de498e879f0c56fbc,unknown
0x31aba385acaf3f504be530de498e879f0c56fb5c,unknown
0x351b7afba82e0f1f62613c32b0e33cff0032cdbd,unknown
0xaaf9fdb6bb580ee366cf6b9b123b3b2dd49a84a8,unknown
TAKrSnNEDq4ExxJ23gQbzKsa8e3Arix231,unknown
TMvexJXWbZzxD3uLPouz55n44z7CSXZr2K,unknown
bc1q54p8esnjq4tcu492gcv8ceftwl7sz7uqzygkn,unknown
bc1qysrlac2x8fvya6e44ps6ej66wvju9rcqs8r5tk,unknown
bc1q3326m73k3d3497ct3mrj4e2tunmk3q7dn8xww0,unknown
1q0qu0u8z2tfehfeqpzhpw2mutde2wqh3cdqye8g,unknown
17JLFe8Ytpm3dgbtMbaXe5Mdyh8FrVo2qU,unknown
13Ep2jeU4HvtWFwz4vDjzDQfyTS6Ur7jvH,unknown
bc1q5laa9ldkj5q25sn3alr7sfkz09sr3q3kl9llrz,unknown
TXJJrkwxpamPk3Z2Vs4PaMJnkkMc6QP5qw,unknown
0x57cd5685383d2fa730619537c7a36b72d7d2cb6a,unknown
0xdac17f958d2ee523a2206206994597c13d831ec7,unknown
0xce613cf6ef04c54f26703c0dfa2dae08a293df5b733b709da95c12bbfa99d17f,unknown
0xbeD67B209B0a118a6731F44e2CdF1CF8aa65b72A,unknown
0x750d05915a3488ed1cb3fc79f0dabe6740c99ec5,upbit
0xe72fe114eb00c00f0f9ebd0ebb832a0c897ff9b8,upbit
0xe44f1c39ffd332b54b5fdb9acedcd012984d56af,unknown
0x61c964d86da4b33c4f68abdabe5a181b1ea77d40,unknown
3NCQcvm6H5HWE5Nvs1AjVfrG8WpFXVooeH,unknown
bc1ql2upqvvtht5vpypqcnzchgcsz6d9sac3478dz3,unknown
0x59ed444bef0c269269df07b1380657c54d526ca9,unknown
0xb4f6c6f8243d3d3c57a8e9f1b08f1f21ecfb53bc,unknown
0xc87bfe2ecfdd6e4420004be99a9c9689dcd178b7,unknown
0x84ace92bec26ac5de44099c3a9fdc1253d566d10,unknown
0xec49365eb6d8624187f08c34127b4d9bf98f3d6c,unknown
AYHh5nfzKAQX8gbd77jD9QnAnfjKhJyfsvWBPbnhHhYG,unknown
TW7ZWifhMHdXzVFXf5bUGSfuUUW5zNRRkC,unknown
TR7NHqjeKQxGTCi8q8ZY4pL8otSzgjLj6t,unknown
106613984,unknown
89E0EE0FAA187C77535433D2C3FA71CC85908354F,unknown
0x59ED444bef0c269269df07b1380657C54D526CA9,unknown
49a7b9e03cd17e78955e1373de6cd72f50cc6551f78e34ed71872c1779747b35,unknown
34C2rzP5sdGTL4asWybjh7nHcS4eTYciAB,bitsum
a1d84f68de61be8603980e162783df64a72d59e2efe32dc9c060ffc177e37ee8,unknown
3626b621653e21b70a030b5c83a6fa88c2720d8eb539c96a939f6d8ede30a293,unknown
eec0f6043f1491382dbe706beab0688211fd69f6b9c9b602c612e45a6317e92b,unknown
0xDf63acF92eFED4Efe303a0BC26EE4a8ff916820b,unknown
TRtkQBZnu4WxdMnGNM1P8rPeATmPe2L96b,unknown
33QHce5SvwUfV5AqtgvaK1GwiyjAjrJUM2,upbit
3AGS6LzZDhC4hyqg1NbV7js98ZSjdzqrW9,unknown
0x9955BE0a4252b94384d7e8ecb3ae5d65c39b202d,unknown
0x9955BE0a4252b94384D7E8eCB3Ae5d65C39b202D,unknown
0xc655598d02cfdd7a7c107ad88b4c3a0a0d6a2712,unknown
0x8f085161917E84a575BeCE783F3Df1FD69D7e4a2,unknown
3B1BYYEzYq1FTW26zpQEPJWqK5EqjPNadd,unknown
0xb9dd49E5FffF7397679DF6454cD89E3ec21d5bcb,unknown
0xFb18FCC647648e77cF7dAd66Db30ACbD74Dbe46E,unknown
0xEc8a90CA3fC8203787105768F6894D1eE82543e8,unknown
0xC7f19616B10B1957CB04625F29bEABF2cF43b935,upbit
0xbeD67B209B0a118a6731F44e2CF1CF8aa65b72A,unknown
37KUnrpYjgpiogeJBDtsbKfXU716hnKTyt,upbit
0xF28A2c36D628453c87c2De96fa92447ebb1A856E,unknown
0xE5A0Fa43FEebE1B3fB619fdA09cE9C6752552F36,unknown
0x462943836877fe64d975db0e77b84c2d60569e39,upbit
1KjKMHF5MxTeuwfVZSXnMFH5scWMSyNVhs,unknown
0x90EFA7228e8da9B38926Dd2b6CCBb42222d913c3,unknown
TDbAkg3xn2mZsJtoKCnyYdWMpKsfyWftic,unknown
0x1D96e1909C7531cf501D23C7B401714ca2b30BAa,unknown
0x90efa7228e8da9b38926dd2bcbb42222d913c3,unknown
0x1f24cfdd40f9e25e03fac03481e3b250a1b6d1f4,unknown
01d96e1909c7531cf501d23c7b401741ca2b30baa,unknown
1H9r9KH1x4Brq8m1gnPNeaYiw6rn8ogjVz,bitsum
bc1qy0fm9fp4sqj4pfqdrfs7x2v0qzwaheqeywhfwl,unknown
bc1qy0fm9fp4sqj4pfqdrfs7x2v0qzwaheqeywhfwl,unknown
oxf779bd47321b7034461d64cb915d737887839c20,unknown
bc1qa6p8kjmjsfrtrjqsdvurtuy7xgsmk3c9rwlanp,unknown
0x0016c0d0343e8f2c3a7b6a51606b,unknown
0x0016c0d0343e8f2c3a7b6a51606b84b1545ec606,bitsum
0xbe6F4f5DB6a47a0B57F3145daA006eE15B946b3c,unknown
0x9c3488cBead36568ECE05e7bDa359d729D53f484,unknown
0x5ee31617b619000CcD60130191b30c169b7ba997,unknown
0x4ab414a8dcc851d06939368ae621a1e7307f114,unknown
0xb40a1b2bf8ca56fb0243b2a39a5d59e226e5167e,unknown
3Jq43pvcHDnAHh4u7EwmSW4Sg4oFhc7eZa,unknown
TPcagiiBybf28UB8f7eFkKZxkKSGxpHhSQ,unknown
0x74Eb22B2B94b383f948Cb8AB0335b7dF44538E4E,unknown
0xaeb5c1f87c4630491219d6ea32d2f4665c224bbe,unknown
0xede029e54d9ba9dda70946961b768e8e5f71f477,unknown
3GZ1U8CMVnNQZVvCbfaBFN2Wm51Gn2jX4S,unknown
16YuFuCZSq3YL9zWECQ2soHT5SJeE6T1aC,unknown
16YuFuCZSq3YL9zWECQ2s0HT5SJeE6T1aC,unknown
bc1qhz625spy529s92p9galtu3d6ey93tfla4diflw,unknown
62167b1BEfcf8834066479118f90D3C0E861eF71,unknown
B8912C8595001Aa7Af1206f26e54Bf4C3B0D4c6A,unknown
rGT84ryubURwFMmiJChRbWUg9iQY18VGuQ,unknown
rGT84ryubURwFMmiJChRbWUg9iQY18VGuQ,unknown
c5398762e6ebddf0491545970b082595bfa5e93c,unknown
rUMhAy8zECaY9u6ntqTAXFu1t8gixCeHka,unknown
14a4VMLjt2a4koizqJ3UX8bPHjThq8tLRU,unknown
1BbUh6HYzH7whNCvEMJtUz125oyL8KzBF6,unknown
0x2a1562753aa5ad2ed5856eeee967a3ccc18aa26f,unknown
technology@fxeprime.com,unknown
0xa543461B0b538Ff4f3D746Cba06B88cdDB3D7a43,unknown
Oxa543461BOb538Ff4f3D746CbaO6B88cdDB3D7a43,unknown
0xf6230e7E98D2BBeBF96d14888020E9c3E8c27d69,unknown
0xbfF62555c52dA011ad24392D77007bcb41B3c80a,unknown
0x549217Fb3c1919EFa0f6Db85593387C41eA632BF,unknown
0x6dce5775431e6cf476242bc5de05e51e6869cef78f5a0f7084fbe7596ce6abfb,unknown
Ox6dce5775431e6cf476242bc5deO5e51e6869cef78f5aOf7O84fbe7596ce6abfb,unknown
0xdDb790d22575bC72cCA5C1094F7f6E9Eb6C0d9E5,unknown
0x84955c5f5a2342a43ec9caade1ef96ab298ac229,unknown
0x2b7A79D61055ba98ECdea902a7Ac3A0432cd4465,unknown
0x74a6E21c1E65ae0b2124f53A3498008D4B461672,unknown
0xD3DF02ED7Ee114A0dF939f59ffB29B1c311ef82B,unknown
0x5Aa9ca1b1931296878453FD0330cA95d0F75816b,upbit
0x531a602E695EB275714aE41020616DcA64859515,unknown
bc1qyw92qtvm7emtm7m8h4w7a2gu0m20tpx4exw2hm,unknown
bc1qxp0xzljsmuvagz8qf0vwmt5n5gsu78ef8df2eg,unknown
bc1q68w9y3w9pcd54a0wer79fmxcwwchjsdv02ln0l,unknown
bc1qc3gyqf584t0kytha8glfkr8qa8ensr8dvxtlew,unknown
bc1q5x8asqj727gswqutg0nvlx06ustftp8vfur6cv,unknown
1cbfa0b20e11109eed4afa00abb6be4cfed3d648e8b086c4754c71af94be7429,unknown
bc1q3vzfxevsxm0qw39hzu50mc9jp0tyvt7ax5vqp9,unknown
bc1q6ht4pd665yqqz9g79w4004p4uvyl4g33unmv02,unknown
1cbfa0b20e11109eed4afa00abb6be4cfed3d648e8b086c4754c71af94be7429,unknown
1Mzp7dTpkXihdfba7hwHQRs93gX3WUpeBk,unknown
8280b109f839a5c22f3682e10e82cd49a0399f1d927f40da6dc3d0e017dbf144,unknown
707bc3b125f077b9ff12a72189eb4009ab6397d6d957af195dc67a7ee16e6e0f,unknown
c911fc7791bc7b8f9275c8c5af8ada572ec3a77b9153a142ad50fb3cdaa21dc7,unknown
485fffe3a51336d5716bbb43dd37bf56d5baa30ab88fa315ac9c6876ebca0edd,unknown
dcebf5df7b795e1d382a6fca31e6694c61abb58207d4becfa726a05387f9a6c0,unknown
5052f0917d3b595d343a2f20436682473d8d1576383336f0543e32e5edfcab6e,unknown
50e58a42c9e925be7970fec0aaa2ea89f5ba7836f8cbc47b63221c59e6d36ca1,unknown
bbdc51902e090b490a6a0c168e5a756ebc825e2dc3356774db5bb4d7eff14828,unknown
bac9ae11a06eb98e715f8c45a86354612f67bf47abcf1391825dee17d90f3049,unknown
33f94408f0e5632b04b1acd66fd139e9f5548d06ac216361a385f51e6184817e,unknown
a1df26247dd08a23b7c04e4724f793825baf3e03cb3486e6db3a81c0625fde15,unknown
71211f333ad71080c5f5802f703aa7c2ac136g5060d5c11c150af048cd26a38e,unknown
0x6dce5775431e6cf476242bc5de05e51e6869cef78f5a0f7084fbe7596ce6abfb,unknown
200dc7e193f8a2d45a4a62c6fc4e5a08ec9028c441ebce8054a6f5d9f78dde44,unknown
ce155a06d1a9dcd13a8f0edd486acaaf18c7d8b9eadd7e061d33113c8dd0e5d1,unknown
bbba11023497eee3af59d72803e870438ebf3aa8d00708bcfbcec178f2c80024,unknown
9bc17814a654d37e66cf4d7db928b583726d618bb685230d2c17befd0144937a,unknown
0xa543461B0b538Ff4f3D746Cba06B88cdDB3D7a43,unknown
6486da91c76355fb51e84d21524b918341684dae2d9293f44182c312f3e65b12,unknown
bc1qwkmlcv8dwd7czwh27xc2mr9f0rc45w27d5sp60,unknown
bc1qu9grkd2rgz7aysaw5dg0ftcs4gdvwujfe2t7g5,unknown
0xdDb790d22575bC72cCA5C1094F7f6E9Eb6C0d9E5,unknown
0x0f019abc09d1d9ecbd5272ecf318269f124edb94,unknown
0x98073fc6ab5b59523b0f71f7d8416a98f2b55780,unknown
0x2d21daf65e52acfb6a94bec084e30bc4d165bc26,unknown
rPWCdRSVnnofwY4h49RjfXhYVw1Uu8sQ1y,upbit
0xd9220ea040f4495d31316181789a66fadd7191d48e8e1a95a9b8f85eebf8354e,unknown
3L2M7DZD5BH47VZcboQgqd6EQMasUwELHr,unknown
0xa543461b0b538ff4f3d746cba06b88cddb3d7a43,unknown
Ox4527aEb5BcF18142b726969F153cD1999DF593DE,unknown
0x0da6af146662f37ad3c117a8d77d80430bcacef9a7dad9a9dbf6abe9f180f5c3,unknown
0xb11057F9874Eeb2984e421013516363aE3810f66,unknown
TMqJLPMvCAtqzRGCTtv8bwgJdiWWJCXiKN,unknown
TUTdWZ1J4yQaVoq1nCBa5Gqkoup9SU5ymX,unknown
0x03daa1abbd237028ab976072ecd0f3004f6254bb,unknown
3E28vX8hS3dCVExRCvHDFmj6VneamLfeKr,unknown
33U9mhnTYuhKUyuBtZmEgy8y8sXvhw3WHu,unknown
3QwuskdTYoGeQ6cEo5MhdCMVJkC21pPG48,unknown
bc1q96uzr74qxmjsgp800mg7dee5kufqnnh7j8mav3,unknown
0xbdc4833372ec300df3c10bfb327c4568694ffef0,upbit
0xd515df8f32a3129fc7cf08d9c20fda8981ed0ae4,upbit
3QCLGQX5kHx4DgAY4ze5VupnEcAXPYV7B3,unknown
TSwCz5DzhZyQDB8dJetqf5oK3f1dKc8EaB,unknown
TNfwUqbGXMtK8aKTym2LsJjA6xBaCf534c,unknown
TCsqYcsbhc33Vo7LT171kVQZSzE8iRy9AY,unknown
TWpmSK4WcYLgSCYthJCD7iieVmE3yUjV5e,unknown
TNaRAoLUyYEV2uF7GUrzSjRQTU8v5ZJ5VR,unknown
TYzQamgt2fAasuHcFTty9vv77b4cxrdVjf,unknown
1qctyfr4wjf2gr4chgwtezz6nqdlellcgz,unknown
bc1qzhy3u8vf4cjf35kuadnn4ytc5v9ksz84u4fdlq,unknown
35uiyUZcYfZFBcYfLMvETY4AGW2Di1fcrk,unknown
0x384f93d10e34e505f6d2bae54ba9820b2d381617,unknown
0xbb9188e3af2970ec3e4831a2e8908f8f54c2582e,unknown
0x223300c367e6d35d889f1f6fb2fa590b6e3555d5,unknown
0xa7efae728d2936e78bda97dc267687568dd593f3,unknown
0xe95186aa4e638bafc9efc980b453aa33ad1f3ab5,unknown
TMYiNp8JvsHevKd3cpmpFLAeFGG7NeGk99,unknown
19qupF6mvpSqhPJE7QynvRtQZocoEVZCW4,unknown
34C2rzP5sdGTL4asWybjh7nHcS4eTYciAB,bitsum
0x2140eFD7Ba31169c69dfff6CDC66C542f0211825,bitsum
3Lpmc84PYGVqoUys8tNJFii2aHkYPRU8z7,unknown
https://www.metaup.bio/?fc=RGQVRIXU,unknown
TJPE4q8TrmTrkBMgh1PofypWakV7R5qvtz,unknown
bc1qcjkl4zy5vujkahtfqm2sdsuwjjt7k4zljqa65t,unknown
0x3052cD6BF951449A984fe4B5a38B46AEF9455c8E,bitsum
3L2M7DZD5BH47VZcboQgqd6EQMasUwELHr,unknown
0x46Fa00A6c10A9a418280eb27CE48D0a74F05Ed34,unknown
0x3b27c5a9ca248665875ffafa34c10edad2263979,unknown
0x3b27c5a9ca248665875ffafa34c10edad2263979d60a763313ca032748f9690a,unknown
3FXYV3VxH1cyBRe7dH9o5DBT3Mr5PkQ7Jr,unknown
0x3b27c5a9ca248665875ffafa34c10edad2263979,unknown
1HZuEmrdLUmU6MZeHiwrubpNNkc1xGR5p9,bitsum
19YhtT7q1ZzyGhnAUUyVvSBzmyn84KCJLY,unknown
19YhtT7q1ZzyGhnAUUyVvSBzmyn84KCJLY,unknown
171n9x83vzy8e2XjGpRggbeprvhJYR276G,unknown
1JegRUL2yj5aBEvajeE7XuYx5XVJDQ8Nsi,unknown
1MGWKPqLJKC1ABqyuxtHYPfEEk25ixpHE,unknown
1LS7PdqodivLtPiEBeQ5CZXj3L2vye9RNR,unknown
18ak3XTVX4Tihu6qzPYdPpwKneHcenrUuV,unknown
15ApiyBEHqVqUShseLRQJtcXdvBpi7oHUJ,unknown
1PE7gkL7zaK15ciXUe2QTmf6r5aqXV9F3A,unknown
18uF6nLDCPDFjjBSvjqA4Kdob8k1QasxvG,unknown
1L3i6G7GPrcaHRF1CPKhVVG2kZ8f9b8kip,unknown
bc1qdhjxzmws09syu58pvaspx67hltm6f6a30zmg2f,unknown
bc1q4emvk6umd839eln7e4dxp0j8pvft7cf3lxdfq9,unknown
bc1q3g8dd4zlrwugtrfajps00aqa3lqlptlaq82k5t,unknown
bc1qzggjnjtkx8wha855qxkmsv3g30ndp6ptl4w90j,unknown
bc1qk08ksp47zzzs5z3al22q4688ufnzzsmvsjr7qe,unknown
3BvnbBxrh5s2QubFbQMFVw3nZvwPTF3mZLi,unknown
15dDzr1QDLPwCMVuUARWwcCUGJivViiUBS,unknown
0x38499bc7f3F1965422807bDD373603675e83cce4,unknown
0x2Ac9c799B6e320eDD3c67A7A511b679498652950,unknown
0x7b926ACcCd673DdEbcADeBB77a929e0e3a426b3F,unknown
492cac0226c2a5d5ffe0d6a563ced800bceef530c2d1d1d13b5a16ffe4616ed6,unknown
TL37qVJH7gAZZJxvrnYPEfWKjmQKzsaj18,unknown
TFFbSYj2ZuVhFBhJrypons9soVbipJadAu,unknown
TXapQNRb5ZAssLsVDgDTBGEC8XNQPbXMaA,unknown
TBYejF5G71dL66jspJpPsmbc3F3Q2hJoLc,unknown
TBYejF5G71dL66jspJpPsmbc3F3Q2hJoLc,unknown
TNgbgcPnq1sT6vpK9T6Qt254Z7rHbC7E81,unknown
0x615eaE344,unknown
0x64fc83ef16b221c3b127968fa74deaa745259d82,unknown
0xf1e00789ccc786f2ef9fb141f0847a218421dcfe,unknown
0x28c6c06298d514db089934071355e5743bf21d60,unknown
0x631471b40d371648c58fa4cf5ad7caa495b59fa5,unknown
0xf55b5c4f54bdcdf839cc4872f78218d8a6bc5fa8,unknown
0x9e09b640f5354039db97627f308d1845d9769c9f,upbit
3jaiNrG1eW7FP8HUERayhGtTtNh2YobeH1mhP3VydDdf,unknown
TFKkS5kCaawkEhEjz7N2jfiHVprqXBYuD,unknown
8e74f165745cf548ba1425ac95c4bb538e37a4f94d0d1c1d8283a56f50884e2b,unknown
3jaiNrG1eW7FP8HUERayhGtTtNh2YobeH1mhP3Vy5DdF,unknown
0xeb6189669a100179f39e37923bc5e9f88a665ef8,unknown
0x7063d3605dfa6143d7033bdc9d1aebc8ba5dfbcd,unknown
0x92837c7c2a0d37ac261643041e4f6f716daea461,unknown
THvDYelr3MTbLd1Ei5wBAZv6TYHgg7bwHF,unknown
rGDreBvnHrX1get7na3J4oowN19ny4GzFn?dt=389480417,unknown
TJXXE61E1axXeSEW3dbEWKsRYRpTkRVc4C,unknown
0x20230B25dCD34271657e1067138d2De0F9D01172,unknown
0x4a65e4ae1516ba0e8aa814fae849598fbb320513,unknown
bc1qcmejw462swxm5mmlxxwnlzawltqj2f5h7rj0y9,unknown
bc1qk6k054vz4ujpzunhc2h8yzd6egt5xzq3jw9667,unknown
bc1qk6k054vz4ujpzunhc2h8yzd6egt5xzq3jw9667,unknown
bc1qn4t8rgkevqsw49d9zhvm2d9yjrhvyhy5t98tyw,unknown
bc1qxfumxe2pf9srktcnagd7v0xyd8y6xhlh400hm0,unknown
bc1qk6k054vz4ujpzunhc2h8yzd6egt5xzq3jw9667,unknown
bc1qcmejw462swxm5mmlxxwnlzawltqj2f5h7rj0y9,unknown
3BMEXNXkTfTUzWu85zNRnBeVJBKnDh9v7p,unknown
3BNEXA8xMkxMi4gzTpArYPBgeCjD4xMn5c,unknown
3BMEXKhzKA5G9Zr7dcphcfBpEiNpcrTTiD,unknown
bc1qx5sd3k70r3hrypw73wl72sw5d7j0tfvhnpcmqd,unknown
0x862f5613094423D60dFE4D797c8c76571D6A5E78,unknown
terra1ncjg4a59x2pgvqy9qjyqprlj8lrwshm0wleht5,unknown
terra1ncjg4a59x2pgvqy9qjyqprlj8lrwshm0wleht5,unknown
bc1qax82za6l7kztc0hkc0xva5thq3ufq6rdpyrmgf,unknown
13RD1KhZPadCsZoYrqN1ceq7dZxBy7Zm6C,unknown
bc1q86eyxpe4gpx37u3pmrkcwt4udmzrr5wt8mls26,unknown
0xef9789e4e594c6ed17d0fd6921b3505891264829,unknown
TSwCz5DzhZyQDB8dJetqf5oK3f1dKc8EaB,unknown
TNfwUqbGXMtK8aKTym2LsJjA6xBaCf534c,unknown
6FB9CA0FEAE5531AED5E6A02CEA75E8DB0C5F897391AEB020C6B5F4B510852A3,unknown
TCsqYcsbhc33Vo7LT171kVQZSzE8iRy9AY,unknown
TWpmSK4WcYLgSCYthJCD7iieVmE3yUjV5e,unknown
TNaRAoLUyYEV2uF7GUrzSjRQTU8v5ZJ5VR,unknown
bc1qyetw23jhslfy46u2kdvgstv78g2wzwq4eeepmx,unknown
1DUKCs12bQdinYF8p75M5FiArUxL8va5m5,unknown
bc1q86eyxpe4gpx37u3pmrkcwt4udmzrr5wt8mls26,unknown
DBF230B574A1DE6D1240A93CCA54CEFDD9D1BAC62 A9811423D903BA810773F02,unknown
3QBpSqbaqbS5UJNSBrBWzL2GCEmmfZAobA,unknown
928E23BEA24C22DEB631B3C64E247B8A030E2B10FB C77349E19AB91CE0F5C8BD,unknown
DB1ED19D276A454A081B3A550B7EB8DEBA375ADCA AF4C98362657B45BC2350B,unknown
A9117812CF7359A779DFAE3D7F5CEEBCCA78860454 6BF1840470ED7AC939F25B,unknown
A9117812CF7359A779DFAE3D7F5CEEBCCA78860454 6BF1840470ED7AC939F25B,unknown
rMUukcb9rehDhRMXQBjig9SfJf1gWvrPYe,unknown
r42Ea3gPtKYF3lA1Pob4fCrEM38rkDVRAM,unknown
AzZasLDboWKFj3n4zKq7LY5MCYnUipwZxXg5gpAmbi8E,unknown
31y7G5NRha6ZAaLRMbi7v9QLUVbpWAaThf,unknown
31qcxvJJ7B5tscy4pT76oo8B9XrfUmochC,unknown
bc1q5sd0yfdtlwg4hxrnay734j8vfn2zw3uw2zhjt4,unknown
0x0D1159bbc31F34AcBe3295C83f4D4db40d115dC6,unknown
0x2806fc61b24995399422F557D53f860563DFBc13,unknown
bc1qn9dvafa5flzlmq7ltqqr5v5pyf9wpsq77dcdze,unknown
0xb4f1c54834f68223e13096b44e5d19485f43d720,unknown
0x8adb020e1a1de402ee2e91805e771b70e79c4bcb,unknown
0x03f35d715544ebf83c5e487f61c8e8d51f4667f2,bitsum
0x8adb020e1a1de402ee2e91805e771b70e79c4bcb,unknown
0x54b3aff478f88074c9409df592fcbcd990472550,unknown
0x6ee8755b9c49299a7fb9a17b48c81447304ce621,unknown
0xb8a7d5051ef7d039916fe9205e0f30d0dca6ac56,unknown
0x76234582e220bd0605580c26545dac8dd2e2d0c3,unknown
0xbdafbc8dd0620c72a2c26f068e85efe4654906a1,unknown
0xdd8DF81C313dD15Bfe37d7f7Edb221e0712d5965,unknown
0x42172C1b4BC31c51661366DFEddB08d9bb90DD35,unknown
0x692c92255a89daad71e424194d6d6a69161e2f5e,unknown
0x741E1EB29CEe041dD19c052C0578379B8e78Dd1D,unknown
0x1a3468E319b4E88C57859C595f50d7Be79F7ce00,unknown
0x984917B92F7A75dA58c037EEbA257D01073A5836,unknown
0x862f5613094423D60dFE4D797c8c76571D6A5E78,unknown
0x862f5613094423D60dFE4D797c8c76571D6A5E78,unknown
0xD9966A279eD260cAF6c2bE88b5286254042FF174,unknown
0xc3e6B17E45b47Abf294D859C3A1fe8742D74a606,unknown
0x984917B92F7A75dA58c037EEbA257D01073A5836,unknown
0x1a3468E319b4E88C57859C595f50d7Be79F7ce00,unknown
0xba471e0f61f6c5f79343aa181ef6b097d7d3e74913806cf39d1da226a1f82e17,unknown
oxfe164e2f4e35c52c226cd1069f34b1112653527f,unknown
0x1533c04e70879204C0934577eAD78b4B201e5c67,unknown
0xa47398c692694f4633ee5f735fa8dc8f6b59d64e,unknown
0x47f9fc11993231963dab577460e539254adea0b,unknown
TFdYE4M2aKxUCSDUvCxpr1z6o48vZfJGTQ,unknown
https://virtualasset.cyber.go.kr,unknown
terra18vnrzlzm2c4xfsx382pj2xndqtt00rvhu24sqe,unknown
TX3xWYXofmUVtp57BQ4u5VWajpjSdHsT3k,unknown
TKZdYrj8aCK6CBqpcfN2ZSYmEFjr5ywQ7y,unknown
TQRkSefseGJm74MMZKfyCMM7wBeFNjPDei,unknown
TKZdYrj8aCK6CBqpcfN2ZSYmEFjr5ywQ7y,unknown
TQRkSefseGJm74MMZKfyCMM7wBeFNjPDei,unknown
0xef9789e4e594c6ed17d0fd6921b3505891264829,unknown
0x4a65e4ae1516ba0e8aa814fae849598fbb320513,unknown
TVKZHGzfw8kkPXEWeRgG7ZTQk5LTGGJRxi,unknown
TPvVpudCJC7sTTKfmcACC7UETPM1XVN7Si,unknown
f1nqqcenjmv5lcukgzrspcw4inpmdkhqv2ftkkmyq,unknown
f1odxw6ktumgxxzlb3d25s5zldar6xbx4acriewvy,unknown
1Fy5BbmBwZt5T1s8motikepEhmGNmVirmp,unknown
0x28F358DbcD4f5aB488Ab9dcb0048c5e5fC56Cd21,unknown
0x1461ccaf2eeedbd3eef1c76ece208d3ddacd1ec9,unknown
0x1461ccaf2eeedbd3eef1c76ece208d3ddacd2ec9,unknown
0xBFCd86e36D947A9103A7D4a95d178A432723d6aD,unknown
bc1q9jfq2xrg9yvz9pu8jeezutqcwte8rn73hrn7pr,unknown
bc1q9jfq2xrg9yvz9pu8jeezutqcwte8rn73hrn7pr,unknown
0x21a31ee1afc51d94c2efccaa2092ad1028285549,unknown
1JJWubSy54YdXpJVjSMpBhuqdWoZChXn8Y,unknown
bc1qm34lsc65zpw79lxes69zkqmk6ee3ewf0j77s3h,unknown
14ifxf3mX2CwPQJCN3SLJU7RCqAo56r5mp,unknown
14ifxf3mX2CwPQJCN3SLJU7RCqAo56r5mp,unknown
0x157F0D12af631aC2C58c2F5b259c6E6CC1470efb,unknown
0xeb452bb66c3e24265cdc1ab07684b507ef1b965e,unknown
0x9003AD979e930B6B1c64B0773E482C1E673F3d05,unknown
0xF54a4702090d77d1FCCccb1126bbdc9c3a6f652d,unknown
0x4d54e9a206dEc24352a5C2440a5BDC7aF3150798,upbit
0x741E1EB29CEe041dD19c052C0578379B8e78Dd1D,unknown
0x9003AD979e930B6B1c64B0773E482C1E673F3d05,unknown
0x72501F73935A22A1dF4Fa1d39755B746B082d697,unknown
0xE7DF37E93c15EF5F794eE18a1877aafeFC0DAC83,upbit
0x81F345536890c0BA15012DD82670CbBc51506410,unknown
0xA7f44Af09dC70C5617778F35f3c40BFc77946f9e,unknown
A7f44Af09dC70C5617778F35f3c40BFc77946f9e,unknown
bc1q7ykdr03avgyafz9ew8q859lyvmzt9y8375sqps,unknown
bc1qkhqct4hk0cpd8t0jyz8lgetlt69s8y5mp86w8a,unknown
bc1qsekxrnajfme3fthmp0k3z8w9hu26vxtx48gy8z,unknown
0x69d7dC0D1998f87FbFf5FF376113bd996Bd60e6f,unknown
0x4e47659999aeeb4141a29dd56ca837f564b3f105,unknown
0x2DEDa5469b904B1C379D5Cf62aae49eB9A1355E9,unknown
0x6F286F66d6f81238636190812b116A4afc935115,unknown
1NDgfc8mHNpJDYuX9puw6C7UPKLF2TLkJa,unknown
69d7dC0D1998f87FbFf5FF376113bd996Bd60e6f,unknown
rEb8TK3gBgk5auZkwc6sHnwrGVJH8DuaLh?dt=106613984,unknown
0xe09bfeb034c99220f91d437944c9eca1441c04e0,unknown
0x4e47659999aeeb4141a29dd6ca837f564b3f105,unknown
TLNUjZZRKpxP6xWggDfqXKngyLF9fiNNbs,unknown
TPtngChC3kQnxSEKZnG4iGziCokRDKUjyx,unknown
TM1zzNDZD2DPASbKcgdVoTYhfmYgtfwx9R,unknown
3GGKxys8AaPuCV7McBFZ4YCPu38wzDzguR,unknown
3KBwfcm4asNoGqHmE4qBatBuHkFimQ2Jm6,unknown
TKjseCJWDBB9m43eXKgvXgUCrTqx1Sa3Kn,unknown
TY5SprM8ccGsbUjWH4acKBXwoo5RxjqZAY,unknown
0x7DB5cDec8429Ad2e89aEC7F1b82a806Bc686D47c,unknown
bc1qpgs2fmjjqfsv530mdsxxwd2desmfkkzdh8yg6u,unknown
TDKjorWpnre3wxkuvF2Bx1p57C2oijLRfH,unknown
0x173e67631de4dba26ca358f492efce742d31a76f,unknown
bc1quxq8ajps584n646vc0szp98etg98sjjnkep3yp,unknown
0x3cF346ed45BB72c21C925De3DB15D5C87AD2129A,unknown
rBXBZoPo4yVQMPRgQTxoVLu5CtdGq2iDej,unknown
rBXBZoPo4yVQMPRgQTxoVLu5CtdGq2iDej,upbit
16YuFuCZSq3YL9zWECQ2soHT5SJeE6T1aC,unknown
0x22987407fd1fc5a971e3fda3b3e74c88666cda91,unknown
0x0577a79Cfc63Bbc0Df38833Ff4C4a3BF2095b404,unknown
0x7888B66E3b2A28EB7B81b91457FA691A2e1c8849,unknown
0x796027236561A8DA0f96ceE99a868e0dea1897E8,upbit
0xAb2b05428D30a20f0165959cDa2d6839E9490f1b,unknown
0x6BC93A77294Ffa4B55954f7059e748745fd2735,unknown
0x6BC93A77294Ffa4B55954f71059e748745fd2735,unknown
34fMLa7FcdYnRPrGCzjWCzY9BtVWaziegA,bitsum
346vg7dmCF6han4pPmWr3V2pHV5vC65MZ5,bitsum
1MUhACdpQBRZhTvgvxSUTBr4WUbAWUJjtm,unknown
0x17f4d5f99f77cf6961ab2b41749522a4357f7898,unknown
1NDyJtNTjmwk5xPNhjgAMu4HDHigtobu1s,unknown
1128Ev6iMRQ25SuGAnrekSqbW8aQpX5PZQ,unknown
bc1q3j6jvqt0laxy97nfngazkscfzugg9kn7mvfrq0,unknown
bc1q3j6jvqt0laxy97nfngazkscfzugg9kn7mvfrq0,unknown
0x167a9333bf582556f35bd4d16a7e80e191aa6476,unknown
0xC02e1A48DBDeFc3bB194176ff79F967B21e6ecc5,unknown
0xC02e1A48DBDeFc3bB194176ff79F967B21e6ecc5,unknown
TE5z3T2RdsEotEr6jvFqjkZPhL8WigwpV8,unknown
TE5z3T2RdsEotEr6jvFqjkZPhL8WigwpV8,unknown
0x531a602E695EB275714aE41020616DcA64859515,unknown
rEb8TK3gBgk5auZkwc6sHnwrGVJH8DuaL,unknown
bc1ql2upqvvtht5vpypqcnzchgcsz6d9sac3478dz3,unknown
bc1qsekxrnajfme3fthmp0k3z8w9hu26vxtx48gy8z,unknown
bc1q3smtg2ksee6xw8v00zz4l6tn94n2wfm5cqhrex,unknown
b6b485b8db2ebe8bdc44dd72d81e7fb1cc944fcd1c958740d2908d25b7e966df,unknown
1B1kUSfp85JuXNN7VvgmK7cprZpGR1Z6DP,unknown
f17dcx5hzrn66bvbncrsi33r23yjfmikjjw6dm5hq,unknown
38pqGiBauN5RFxY4iTJwLYoHthNxzQeiXH,unknown
0x11C9e460dadBE53220c8F0ceE81698bf8A1fe565,upbit
0x9c50ce44ca6d176ba0f91934725e150df2f1d1b3bd7e9af5c1165fcea06c1c27,unknown
38pqGiBauN5RFxY4iTJwLYoHthNxzQeiXH,unknown
bc1qfpktdmw9dknwrw23pgcvx8f6lz4arv4m8jjqyv,unknown
1MNqd1oko6NP1yFxrsBgM9c3AVjKQf83v4,unknown
0xD08De60cE92b45D24ED2cFd498700072eBDE269f,unknown
3FEo6NGwWcUuzY1fz6EntcVh1X77zB2Vo8,unknown
3FEo6NGwWcUuzY1fz6EntcVh1X77zB2Vo8,unknown
3FEo6NGwWcUuzY1fz6EntcVh1x77zB2Vo8,upbit
0xD08De60cE92b45D24ED2cFd498700072eBDE269f,unknown
TWPecukNjcsdqyNmYijPj7HyCxCA6hs7Ah,unknown
0x077d360f11d220e4d5d831430c81c26c9be7c4a4,unknown
0x900CD3C0D46Ed5b403E18dc257E73fBe2ef9E4A7,unknown
0x77EcFaB75402E4A702518Ac3e167E80Fd3d3A98A,unknown
TN6yXsuzTC71jM2Kj80k14FdrwXUrZ1FAl,unknown
TDd1Uk3LF86XcfGmnYAZ1vQnM7Kc6ZTFNg,unknown
32W1XGMkfEg4uvYhMZ1w9XUVkDUq5YxUWB,unknown
33cTGKs1oe7jTZPompZrP12QHn9yTeHWpM,upbit
3ADR4DbGohcRZie4VJcHLXL7FqDngQ2Ruj,unknown
3Gkjy5GijXhmFGXU5VzVPc5rS8znxvSVge,unknown
3BkgDuFQ51DterN1RYa2nCEGmjwngDw6Nu,unknown
13woJv3JQRPLty8c5Fdw5DDMcDD6ZHjWc8,unknown
TErwiX7PBWvYWpX65kGMy73jymfQb2s2rk,unknown
0xdfA0e94d4bb7895FC495FcAd0514405ad27fD2Ff,unknown
0x977006a6891c8e481738F28cD47eD8698B270e3B,unknown
0x45321D8B68077dae7586E07629BC863CBe5BE199,unknown
0x6c2ec82e60e8ee070ec13021b3318668b7b6fe4b,unknown
raQwCVAJVqjrVm1Nj5SFRcX8i22BhdC9WA,unknown
TErwiX7PBWvYWpX65kGMy73jymfQB2,unknown
TErwiX7PBWvYWpX65kGMy73jymfQB2,unknown
bc1q47etsghc8xx2an9n3rl5jekhadel9cpj7e3clw,unknown
1FeRGxRQNNPhArZaSwkztqx2dXBtMxTjFH,unknown
3GDgbaYyoKyY1qc369FhoiqxRCBi9aaHNM,unknown
387uaZTig7rwbx1wmSoU3pQKF6iGRQFaA6,upbit
1FeRGxRQNNPhArZaSwkztqx2dXBtMxTjFH,unknown
31rG8z8iYSJ2Z2X1KMPB8s2unMzeGejB74,unknown
3GHC21YoW7s6d8GwtQyrmNtspN8hWLSTy8,unknown
0x28F358DbcD4f5aB488Ab9dcb0048c5e5fC56Cd21,unknown
0x1f3a80763AEb...944639Ee484d9,unknown
0x1f3a80763AEb...944639Ee484d9,unknown
0x1f3a80763AEb...944639Ee484d9,unknown
0x39129232c9475e902bc721167eea5695c398eeb3,unknown
0xc820c136cbb0c5d4854936799565f73187246a0b1eb3f2cd827bdb61f08443f5,unknown
0x1edd79248b3a5b53f0652da59d17dee6bf1083e20e8c7163939b352ad1938d22,unknown
0xbec10c4fa41505c2ceba77a138bd20dcccaddbcce583930f119cfe0d3e2c6ad8,unknown
0xc820c136cbb0c5d4854936799565f73187246a0b1eb3f2cd827bdb61f08443f5,unknown
TVXv3RmqWyaQqHxZuBwr6GFUYK8y8buUKA,unknown
DQ2abGXoAe8BtLcTEjcoxLTN8cVkwY55C3,unknown
1NYsFBY5wPNnSpk8m8jEZV9g3NRurd1Vif,unknown
0x73a3fF9801770260850a04b76129c56DF7400E34,unknown
bc1q57jge593q25emchf0uee7lk8ha9dclr37z3kkk,unknown
bc1qql9js62qses6vzndddw9xw2dqugqp7u96htgfg,unknown
bc1qql9js62qses6vzndddw9xw2dqugqp7u96htgfg,unknown
bc1q5nv9awct43rvu8gzn2x7sg60lqg7pzknu3qu9z,unknown
bc1qj2nycd89qqq0nsjcwdsz70mp6w4s7txp3dmn6d,unknown
bc1qx2hsagfapj4uatlnnf9z8k6z9h740fqwy0847r,unknown
bc1q0rf5u8532teunmz2vvn95gcl34mgyu44cfeden,unknown
bc1q3ccp2cugfqeys4mtuudlha6q4963sd2w7xd95x,unknown
bc1qup9e6pdxt368hv5xw0p3yfss5ty2j739tzqtl2,unknown
bc1q3ccp2cugfqeys4mtuudlha6q4963sd2w7xd95x,unknown
bc1qql9js62qses6vzndddw9xw2dqugqp7u96htgfg,unknown
0x5eB875DA488026bD3812413beD3d83B79bC7fF3F,unknown
0xbc1391f467bb5279667dbdd9d7b7357ea0d41cad,unknown
15UEr31ymqn83YRbdUNm3zvEfiMaBpeaKT,unknown
0x78b2Cb9f49ccCbF32E090719c46804370736cd0e,unknown
0xdAC17F958D2ee523a2206206994597C13D831ec7,unknown
0xdac17f958d2ee523a2206206994597c13d831ec7,unknown
1NYsFBY5wPNnSpk8m8jEZV9g3NRurd1Vif,unknown
1NYsFBY5wPNnSpk8m8jEZV9g3NRurd1Vif,unknown
bc1qmexyex8rkzs7ha885ucwcgxe5dgtm3ajs3gh5nf8kwal604ce2qsewtamf,unknown
3PMzU3pUgvdcF9m1eFk8upw6zSvNTNDVaC,unknown
0x517070883D4184F62AD635467D0d1cb3629b63EB,unknown
37VsrUCZVU3KCrkw59LVLz2JD7wVtMFofS,unknown
0x69d7dC0D1998f87FbFf5FF376113bd996Bd60e6f,unknown
0x3cf929c63bb15a9286922fa9b3c7d2592e9b3903,unknown
0x2968c66f14308673C12812fEbFA58cFE87C4e5a8,unknown
0x50f6b0B3F011000A4498d6Ad3d58A4D76e9370CC,unknown
0xbb20049c940c5180cfb57006e834983481055c9f68d71853986e904afa6d128b,unknown
32iRZdSTqKExCZHBKKWYRaGthbukvGGnXw,unknown
3FxYtgW5sKo7yNgJ7UqDo92HnRVVj33ryq,unknown
0x08B82B025f318A6525Df9da85Fcb9027Ba7502E0,unknown
0x08B82B025F318A6525Df9da85Fcb9027Ba9502E0,unknown
0x77cb33b341299b89c351fc03bebcdc50d377fdcf,upbit
0xe125066bb2b4229063f244fbfe8b0a445dea41e9,unknown
0xe09bfeb034c99220f91d437944c9eca1441c04e0,unknown
0x6e4916f2be01c04dd11614a2cae7e25408413624,upbit
0xb4c5441ed894e512c3ec08afd1738,unknown
0x200F8F5135B90d75D54eCbe34367343f77867096,unknown
0x200F8F5135B90d75D54eCbe34367343f77867096,unknown
rEb8TK3gk5auZkwc6sHnwrGVJH8DuaLh,unknown
rEb8TK3gBgk5auZkwcs6sHnwrGVJH8DuaLh,unknown
bc1q8z3fgx3e4q2k6sc70cltmfd4qt6uxqqcuvluxz,unknown
0x6e4916f2be01c04dd11614a2cae7e25408413624,upbit
bc1q8z3fgx3e4q2k6sc70cltmfd4qt6uxqqcuvluxz,unknown
0x3eabbe5cd8eb81ad564576892e90781087fd769d,upbit
0xe09BfEB034c99220f91d437944C9eca1441C04E0,unknown
0xe125066bb2B4229063f244FbFe8B0A445dEA41E9,unknown
0xc5169ceadd3e4fb3aa938e6ea566b8349bfbc246,unknown
16S2ZDxCqmTSsUYfpa3nMo2HiVGkkBce8MfSpr8cqrj3zDFY,upbit
bc1qzrcx5qz2d6ym848m4kdk6tf3tpfmdsqr4amamt,unknown
16Zmvi7uyEs5y2kZd95Fq7ksPXSZak5r6g6YFwZojeoxbj2b,unknown
12nr7GiDrYHzAYT9L8HdeXnMfWcBuYfAXpgfzf3upujeCciz,unknown
3KntTbAapmKEdxyJ1HYbmA9FdoPgZnHbtW,upbit
152gFWfyD4HkMh22Sr9vJeQu5XxzUoicFB,unknown
37R9jVQFPMRwEyfYPSFcpxZDUWGyLRfwHV,upbit
3PdKaWwshFBWg6vAauToecqEAFtsuzyxGV,bitsum
1NvgW8oyEEf7FHn8Pycz9KFjfXRfUfydPF,unknown
0x153575ace4b6a3B32FAd1412B54AbbB2321cf7f9,unknown
0x153575ace4b6a3b32fad1412b54abbb2321cf7f9,unknown
0x77de48cd0097661337928ed1c7a72c369d7bcc66,upbit
0x791e28c986c423edc99c30a5a1db2820af9ee48a,korbit
0x377e9d36fd4c7e8646451f60d565aa71579336f2e,unknown
0x377e9d36fd4c7e8646451f60d565aa7157933f2e,unknown
0x153575ace4b6a3B32FAd1412B54AddB2321cf7f9,unknown
0xDf63acF92eFED4Efe303a0BC26EE4a8ff91680b,unknown
0x3cf929c63bb15a9286922fa9b3c7d2592e9b3903,unknown
0x9dc68fab5c3c51a0db4e6a1316a2b3fdd7b0cd61,unknown
0xC47dbFaCA0f9355493214CAFA30a57B32FfA5FeB,unknown
0xD52E9B7e50a406C3B94f0d061Ca26dE4a3C3f0e6,unknown
492cac0226c2a5d5ffe0d6a563ced800bceef530c2d1d1d13b5a16ffe4616ed6,unknown
c49772d3d3333aa8fc66469fa9474bb1e3dbfdoda64751c57e3351d58de8df1a,unknown
0xF693Bc2C797BA69A1aB909C02208f0dA8Da5Fe26,unknown
0x215e8Aa9CaE5f213f1De7ad9e937dD2b347414f1,upbit
0x377e9d36fd4c7e8646451f60d565aa7157933f2e,unknown
0x27d7d2508bca69d8ced8cad3216844e92ba993ac,upbit
bc1qjwz7k5y6y0ykrxh00cpwwcz0uwdnanzwymspl0,unknown
bc1qcxqlavufhrrcerdv30zntv2rflu02xum3xwmxn,unknown
bc1qm34lsc65zpw79lxes69zkqmk6ee3ewf0j77s3h,unknown
1BhrNoLRT62o3vdUnXDm62hBpa55goQC8h,bitsum
1BhrNoLRT62o3vdUnXDm62hBpa55goQC8h,bitsum
35iMHbUZeTssxBodiHwEEkb32jpBfVueEL,bitsum
0x6d337fc7dbc213740518572377814148c46eeed86583cd85a9cca81d88959787,unknown
0x50f6b0B3F011000A4498d6Ad3d58A4D76e9370CC,unknown
0x50f6b0B3F011000A4498d6Ad3d58A4D76e9370CC,unknown
0xd45c1e8d0B329c589153D81Cd8ef4C41292F49d4,unknown
0x1AE2EeEC6ca118A520461331CB2264FF57119F67,unknown
0xBAc1882DAec478423D194A901F1fe360CB2b5a9f,unknown
0x1915e1E41E586b141062a9091c1541Ae45b7bBf0,unknown
0x32373C9d1621777BF34498c08F9EBC2b96dD4A33,unknown
0x338aA1701c070c1765805D4531E2b4Db7cF40e4d,unknown
0xB7B5D6024509A9779FD35E18bFae3D3B2896eA63,unknown
0x32373C9d1621777BF34498c08F9EBC2b96dD4A33,unknown
0x32373C9d1621777BF34498c08F9EBC2b96dD4A33,unknown
0xB7B5D6024509A9779FD35E18bFae3D3B2896eA63,unknown
0xB7B5D6024509A9779FD35E18bFae3D3B2896eA63,unknown
0xCf8b1be76f5Dae9e33d5FA56f3C49200099879Ff1,unknown
GDAZHX3DBBF25VUJ77FKK3ULKJXEUGRVQPCAKSNFOUMFDMVD4JYDIFBB,upbit
GAJ7WLLOWPA42LNW5MOFBJVYMWY6GAUCA3D7S2BJFWWNYLKOFS6UGTZP,upbit
GCSYTL7J5ZZRWNLT2J7RVB7Z3U7OYN52OYF2TVAKZIVWVC3DIFZFVXCD,upbit
GAOV6SV3RQLUEYY3BCDJVMOUJQATXO2LIF7GTO6OJUJQASXFV2COV2TG,upbit
GBLGZWRKCSSN52CQUQRCNOBQ65IXHW47JEJX5MWDFTPFIHUQEEUR2QVI,upbit
c49772d3d3333aa8fc66469fa9474bb1e3dbfd0da64751c57e3351d58de8df1a,unknown
GDAZHX3DBBF25VUJ77FKK3ULKJXEUGRVQPCAKSNFOUMFDMVD4JYDIFBB,upbit
GAJ7WLLOWPA42LNW5MOFBJVYMWY6GAUCA3D7S2BJFWWNYLKOFS6UGTZP,upbit
GCSYTL7J5ZZRWNLT2J7RVB7Z3U7OYN52OYF2TVAKZIVWVC3DIFZFVXCD,upbit
GAOV6SV3RQLUEYY3BCDJVMOUJQATXO2LIF7GTO6OJUJQASXFV2COV2TG,upbit
GBLGZWRKCSSN52CQUQRCNOBQ65IXHW47JEJX5MWDFTPFIHUQEEUR2QVI,upbit
3Mkhoe94QuDYPH6Wn6FVnTMfwd2yMgwHUf,unknown
0x46364fbd21bbaa8fde753892883fd88c52ef93d0,unknown
0xfbb1b73c4f0bda4f67dca266ce6ef42f520fbb98,unknown
3AGS6LzZDhC4hyqg1NbV7js98ZSjdzqrW9,unknown
0x8a4b6bc9436fb602f246517964e1d4a5a77b47ee,unknown
TNPQVgGfrNWA7tYpUjtLagB7wBXQiX2vX6,unknown
GCSYTL7J5ZZRWNLT2J7RVB7Z3U7OYN52OYF2TVAKZIVWVC3DIFZFVXCD,upbit
1NBcZz3duuhdRBe2UkaDhYeZrkexpS9RuG,unknown
14LNgYyZg9VrLnJHH2Dj5mL4dAm94tzTn3,unknown
19reU5ydrerQar5WSe6q6ifHEXhzqW7X8a,unknown
1852LbS37YDmD6Hni1iEYUWfEvB3iuxgeW,unknown
bc1qng946y0hujenty8783xjmmdnpd9j6rvs77r3xv,unknown
bc1q6fq79epvzca2893swh7m76p0umyuzpl9knsr40,unknown
bc1qdlj09qzsx07nrjkvslrp7c20rk40dkjdcm79zz,unknown
16qc8WRysympZhj8syyDh1gznD55mQYFCh,unknown
bc1qp5syx27mdtfu7udnnxuravmumun8qq4ka4hf99,unknown
bc1qyktnhdwaguy98slld6j48hkyxr3p9yv86c3fh2,unknown
bc1qukzmqdacvjhl3gsgp0gzheyz0sn5lheqte2duu,unknown
bc1qukzmqdacvjhl3gsgp0gzheyz0sn5lheqte2duu,unknown
bc1qn2maqgjwnhx05e2dp0ly44mp0hwjsr3fkde5kp,unknown
16qc8WRysympZhj8syyDh1gznD55mQYFCh,unknown
12RnoWz5FCuEy4EobZh16XnLV6Meccq7PN,unknown
12RnoWz5FCuEy4EobZh16XnLV6Meccq7PN,unknown
18ZBxSmoNvgMpw8kREgLBAHpofVPE5Hx2o,unknown
18ZBxSmoNvgMpw8kREgLBAHpofVPE5Hx2o,unknown
15XYkADkfRGbByxky1EfRHo3BkaX44pQws,unknown
1FVs6uQCAiwgKpTfrMbiSazp2eMKenLCtj,unknown
1Mtyr9myoFNn9EWyKcoyd6dNUQsgUm46qS,unknown
16kxfzTfAxTUMXqqdeNooqprUAt1TkQRtT,unknown
1LFctdNAmnPUxMYwxnvHkWT55qkPdbeNEP,unknown
16trboH7n38Sgm3ER15c2NFYYLGVRAHDN9,unknown
134AR9vXNJgt9pBevYwnEuUEme2CFWmjdi,unknown
1MxpLhNe4E1Te5Z7eZheCWRr36W2cKT6SC,unknown
1EUEP2d9d9eeJ4ttUFoYjbUKu2fEjcy5Y,unknown
18S4kDtWPfepDDrgGFKDNf3ajSM1ESmjjM,unknown
1JGpXfwHSaG5SjHwx2EdXwuFWkpKUrqpPx,unknown
1DtErEHC38asCbXGPi42kit7N4J4NxjF8y,unknown
1JdpxdoXceXwg2Mo7To83VJSYUtd4Yrec5,unknown
1xHHJrN8YwC9SQMDy8GrKytY5oU2sKL5x,unknown
126FnxhVzWwCv7w9MrNCEv5MYc5k2W3ig9,unknown
1BhUSTAsHDGSjGdJ4JmBuq2N7KGUJLyXkX,unknown
1BhUSTAsHDGSjGdJ4JmBuq2N7KGUJLyXkX,unknown
1Drh9RF1Johv8pTHB83WLvw9b351oCKN7o,unknown
1CzbH1WLGnTvob1izxmPP2ddqVKqEUo52z,unknown
1DEszSjZPSqejYYeuQjZ9F6PmxAFXubdrb,unknown
1Hzw9c6kYVeUG2NMGL6S4F6agd84Q9G56a,unknown
18JZTqNNdSMYdnHmwTc1MuTfGjKJvQ7TSD,unknown
1CPhpvfaXFQ4WdWJtwAY8DyQjRBMkHzs4y,unknown
175RhBeD4dgQHGsAusx4ajFgLDPiKN8evP,unknown
1CyJtHWVCsL9iKgLq9DuhtM3v1TfuhDmNk,unknown
1HXeMqcniZVpqxxgtddU9F3QmN75qCEqTX,unknown
1YSGa6GXyiKoiUGZt3z3sfA6TAduz8LwF,unknown
14YtwbZwNHUTvLp5XfSUYyCeaPG3XrxwK2,unknown
1GAQ7wckVaWc6TXYxiJvgVNXaWyFwwarJ8,unknown
1C7HMuCvW3csvVLXt8SWdWoeorqZMXsE9Y,unknown
1FVKTk2qkn2Pe1vgiEhPappL3zmBVXsQSJ,unknown
195qy8Ra8EgnZtyTLYFK4ourFav2ehBoJW,unknown
1BxNAqgDCec14UfxTBfw7CiyQVnYDBTitV,unknown
1Ps7TK7b3nA1CgAcVVp45aycQynLBt8k48,unknown
18AQ6hR8hHYVsZ4VEPjHMdTAEGoXwsqYsw,unknown
1CbFPbKkbhDwbQ1GcaT3QNtgvHKZvPmugj,unknown
1NJGU9ckHtm8iduA3QjzS38GejhLdDNmMV,unknown
1852LbS37YDmD6Hni1iEYUWfEvB3iuxgeW,unknown
19reU5ydrerQar5WSe6q6ifHEXhzqW7X8a,unknown
14LNgYyZg9VrLnJHH2Dj5mL4dAm94tzTn3,unknown
https://www.blockchain.com/btc/tx/e85e0297e3678f8fc80a195c4c8274cd5de00c7765bd01705dc70edcaf6fd090,unknown
1NBcZz3duuhdRBe2UkaDhYeZrkexpS9RuG,unknown
bc1q7v98e9tl6jymvffg509a8ezxs5hfhsd4s4anca,unknown
3EoqXn7YhJaACpH4sjimXTNYbTpnwFuyQU,unknown
1CNyq7XpRNmd1sFEwFhAm3GRXrf7gLvXp0,unknown
1JjUzPqoHCU3R4fMx2aLaWqepvsEPZpT7A,unknown
0x47da12cc3ca826a615664cd7be674805b54d933c,unknown
0x0b715f74f3f4c71159bad038349c7a5477e02b60,upbit
0xf577b6897b988442c038c2edd21b1b780aa79faa,unknown
0xf577B6897B988442C038c2eDD21B1B780aA79faa,unknown
bc1q7gd0j3k8pxwnvw8jde99pqfeqxsnpw2zs6s6xv,unknown
0x2ba990f43cd91708CA013A7c6404d8E1Db8A02c9,unknown
0x6C07a366a890927B669F6A0C4859D3FAbA5Cc276,unknown
0x6C07a366a890927B669F6A0C4859D3fAbA5Cc276,unknown
35uzaTXmSJqC7V18CCcPitDVEg2KqEvJJy,upbit
34peXdEPLKeQV7WY47XZKdd1ktJpJDp4NW,unknown
0x157F0D12af631aC2C58c2F5b259c6E6CC1470efb,unknown
0xeb452bb66c3e24265cdc1ab07684b507ef1b965e,unknown
0x78b2Cb9f49ccCbF32E090719c46804370736cd0e,unknown
0x78b2Cb9f49ccCbF32E090719c46804370736cd0e,unknown
0X8f5f63b3e9e11264a1a5ebf8fb5a2e5cd2e10c6c2b9fb5492d976ca96e779360,unknown
0x78b2Cb9f49ccCbF32E090719c46804370736cd0e,unknown
0x78b2cb9f49cccbf32e090719c46804370736cd0e,unknown
0x8f5f63b3e9e111264a1a5ebf8fb5a2e5cd2e10c6c2b9fb5492d976ca96e779360,unknown
ox167a9333bf582556f35bd4d16a7e80e191aa6476,unknown
0x167a9333bf582556f35bd4d16a7e80e191aa6476,unknown
35uzaTXmSJqC7V18CCcPitDVEg2KqEvJJy,upbit
0xcf9951C41317FcCa646B9bD8C7B56DF1825113BB,unknown
0x051F1D3D90f17741fE25650259bbf7C0e1aA2b1a,unknown
0xA2b825Bbd449B84E275a0f6E64a5f31bec5A0284,unknown
74c0f7c898c540ed6dea3bab67b18189eb9ff1b4f67d76baa5fb7ecd5ab3e5d8,unknown
TQtUJiwStQ4NuMURr6Chwjzy1YSWrT35x,unknown
0xaf6f8a6cbb1edef84f5403838233e696b2883c76,unknown
0x0f3043B1198fA66fCF9Ef4A7a82Ac069E1814177,unknown
TUp5rt4BZG5ogSWS2BeFAtTeiwjSwkQFGg,unknown
TCzJ4VHTCK75x7PNs1PYwTttA2Jo6pfhML,unknown
TCzJ4VHTCK75x7PNs1PYwTttA2Jo6pfhML,unknown
0x118a87265c9120074557329369f0aabe43542ecf,unknown
0x58640d8e8d15486796a8c01dd2e1580cf02eee46,unknown
0xbC07111FaaB35b85054D145Ef5F158E0908d379f,unknown
T3yfJPdDJ7MhDwLkJ9iXrn4WRXUMOVX6XA,unknown
T3yfJPdDJ7MhDwLkJ9iXrn4WRXUMOVX6Xa,unknown
0x45b23693f98859adad3324d615d5299532ec1f82,unknown
0xc6a2ad8cc6e4a7e08fc37cc5954be07d499e7654,unknown
0x60070f5d2e1c1001400a04f152e7abd43410f7b9,unknown
0x941bd511b4be755fffde09215867d2fe99dcae,unknown
0x941bd511b4be755fffde09215867d2f5fe99dcae,bitsum
0x042FCA5D9855280BAB855ac2D04D684d5895102b,upbit
0xFb45f4B551cA57547B67C6c9F516497dc9F56a57,upbit
0xFb45f4B551cA57547B67C6c9F516497dc9F56a57,upbit
1eoj1ztqeoumxh9swfvzuc8881gjd2becy,unknown
1Eoj1ZTqEouMxh9sWFVZuc8881GjD2BeCY,unknown
0x62b9bcc2a5584d03621177dff247fafe1d24e32,unknown
0x62b9bcc2a5584d03621177dff247fafe1d124e32,bitsum
0x78d39d42b491fae7d4a126558e9f2689d7625d1c,upbit
0x941bd511b4be755fffde09215867d2f5fe99dcae,bitsum
TKAvPgNp85npoovNPz7wMo3t1uZPLGYdgw,unknown
0fe06330f3765b31d551a02be29341c4df724bbd8f84e75a7acfb57fe 335f3de,unknown
TPK49eiMdQSRkZaxSJLCdvrH8tCwoPuRhQ,unknown
TYDzsYUEpvnYmQk4zGP9sWWcTEd2MiAtW6,unknown
0x200F8F5135B90d75D54eCbe34367343f77867096,unknown
0x4dD04d7205e17b7032e40d92aa39812f8c90b696,unknown
bc1q0c580qxtk8nwf4xhw839ntkl6dhqeq98vx7kxs,unknown
bc1q7xfj2h58z34vy0tpnj4ppmy5aphsnay50yvafc,unknown
TFZrE9eAeRVUX93td8xhYSowuNrn8Cc3iQ,unknown
rDxfhNRgCDNDckm45zT5ayhKDC4Ljm7UoP_1005301812,unknown
0xfaaa85b25ca696bdf99e28a34f04c8eee8ba956f,unknown
rEb8TK3gBgk5auZkwc6sHnwrGVJH8DuaLh_108441325,unknown
TGBjPmvPZ3JRSqT7QXd334Z6ZsptsYsVgq,unknown
TGBjPmvPZ3JRSqT7QXd334Z6ZsptsYgVgq,unknown
TGqKne5Zfq7zWBR4Sgd1p5gAMUo6aBeM2S,unknown
bc1qamscjflt0rkj80qd82m0hr5v8yz6xemvdea83n,unknown
0x90ab4e3303768d1dfbb050ffbb3afb80e9e55623,unknown
0xb5675e4ffbf91f5113704b612c5ab19126888888,unknown
0x78a2797d4bc58c12fadee48fada3b66b44a50251,unknown
0x5e93fddda885e4b27d11d3b5951b96b242bc07ed,unknown
0xa639f572f570708c435e848cc773f290dfabcf9e,unknown
0x08126c614a5dec65439c366aabf669071225adc1,unknown
GBPEMJ5ZJL6HY7T2CJC4RPPEZ65VXTNKEKTI6J2TODUADZOFIFXEEM4K,unknown
GBK4XY2QIIJKVEHOL4VZM5B4F65BPTMKDNILX4BLIQLD7GQDFO32SUHM,unknown
0x1c12d8615B57f5C6f8C515AA402a3E70441dC9F3,unknown
0xcf65e8C257588033FbF862CD6CE9b0cAd708751c,upbit
TShGXotR78GAoBdMzwqFCgYy89xKqLmwk8,upbit
0x8B8B289F1076a1770d2e6cDE44DD5593c0248b23,upbit
39HLe1b3akNgWdXEyAHWvhd2hDF6CjZqQ1,unknown
39HLe1b3akNgWdXEyAHWvhd2hDF6CjZqQ1,unknown
3HPUra4ofhb6DCqZTykvN6qbH2f9sSGwps,unknown
3ARDG41odxiVrgy7w4x8GmKnf531zpxZkC,unknown
3QSPcYzZBWD7UN2e1qhMCmdifQGYCW9aaL,unknown
3PrQkhKGfVRwr6xKoGHhZjCSFHE8Urpo2n,unknown
35S5sVgYDVbn9HSgvSWFCGQt8Z613EPTdL,unknown
32GgRvhkF24TRApydM4G2SwhiitrX8M8Xi,unknown
3Aqkuorya2i7HGYvXcvEjtKPqQKARezUhw,unknown
3D8vE6R8F8xRLipX427fScRmAzzMZckPym,unknown
34pd4tGUeYHFg6P4ZjgGWsZx62au8VQcjX,unknown
38qLtfaDLqe7SDnDuGvjwF4iFrLX6mCU5z,unknown
353j9Wa4pcGvmsEECxgQvdhTgMzbjZqSvz,unknown
3GGP7kUjbV7KP9w3bxRxwugDUS7kDkwGh4,unknown
38bmD8u5YLVnDhqYb2c1c8Tnj1nnvtb1US,unknown
3Nvr5aavZz3pDotWN6HsjZC3zkdkUXWrDG,unknown
39nMAgYZUGZZRdkqr7Nrb9bVSuGG1KWJr4,unknown
33xYy24eHQcnx6AuVb4EquVic3tRVTrNRK,unknown
3CS53Jsi5CVGuRGXagXW7tB8FieyskYrM5,unknown
34nS3196LC3oNb8JXknDqgDekQ9uFvpUsd,unknown
36cA58crro1qhLJE385xC7xsWAfkScu4Ux,unknown
3G8XxMvziFMHpiymLkE3rTrpKiX2Px6BVJ,unknown
37A8PC2hVXAoWWLwcspfMEPn7GfqdAGQ58,unknown
39c8Tn6X9LUaGnujRuDjqw54LvWRzzyicq,unknown
32KNDfJTA8eRjybbMBiUtQCDsrD1LaNQpW,unknown
3NbnjFMhR3m8gyUSmtxZRJMD3SEfBHVLjx,unknown
35rrnfTrKpRurEBGgbj9fzHr4hoR8rUi72,unknown
372V8WpX5eChA5Uv5nAr9T95akbSdXbauf,unknown
3CahkRyUZUsL6UWhx6YyKguQYozEeNkgDS,unknown
3MVj1sX8vShx835ngFG3vciW6cfqJkEaDu,unknown
3K22QaHkJFYJ8AqdH74bjwdvr4PVP3T823,unknown
3MoDT6mpVPXKdP6iMGnRyg3q2hahcTxCvi,unknown
3MnmKD2iv7tLC12M99zxHLHwmfE9QHRqKT,unknown
3M8JadZ3inADtj7jfVVSNVn3zj6TKD33Tw,unknown
3LZKbYDTbWiP8JLBmKexMY945zjH6TjLbJ,unknown
3AtJkizV38AHpwMsrxjWycy4MkQi3aD2WS,unknown
3NTfuiuyxunvpJrNmJrv3vHJAvvw6KxA7T,unknown
3AhPpELmiXuSfiYnXqnM1CpeVwvykx1fw4,unknown
3KrozwxgskPWybQAjLBmjhgXVS2j552aQB,unknown
3NUy7UhKEPXFFoX1RfzSt5RHjHnBqN3hSi,unknown
33RinibLvwrRmrs7a7apJV9jarHE3JZ874,unknown
3GseHLyr2isaJ9J1SLgFeMMpuUiAjBWbRt,unknown
33dxMe1uxudZhz3VgGqL8xzHTdGCdCsVkK,unknown
36NqrbVzG2spdhefcAsfc4S9i2YaMt3fB4,unknown
3FEo6NGwWcUuzY1fz6EntcVh1X77zB2Vo8,upbit
1iQXFQFgq2DWhdrKFVAxgXmkQswyJ3tWG,unknown
38iqLrDSGewxz8A1NW2Q93k9uWGfTWdEuU,unknown
3QAMkinXhXD5PaTsi6i3HApQn2QHk219gT,unknown
3M4gDLoJFJtRJBV2M7GZbCViJoomsNFb3s,unknown
3ECQNyQDrKff7v7pRVzVEpm7T8N8DeZZwX,unknown
3LnHrtpWz2gwCjxpbQJ559EHUatbjdJHUH,unknown
342ECYh3DuYHW5whP5utC92LBWqRjg26Qp,unknown
38mGaJbXc6wMqZoouBGJSupjDTcXtCxqHf,unknown
3KZsm1cekPfNR8BZJzggLnwpCrgmWYrfEm,unknown
35R2MYoe35TkA5QG993dLAfejaWoqFm9op,unknown
3FTe3HPYW8MKfJfmH3bwEMZSwiVgRNxMq1,unknown
3213Egwi6nCwkxfZ4ZkieDXDcDTzhVWVHE,unknown
33FKe7JbJXD3w5Fb5SgicHwEnfozbs35pR,unknown
35WZftmkkAYBjbW2DTrcNFvAn6WjS93e2E,unknown
3C1X5Vhskw4QfmdkPNrVs84F9VgVJpLVmA,unknown
3NzUa9Q2Mary9BdZNwvaHVBsfa9MBCLa1C,unknown
368pVRDu5HARrxcriFJWg7YChLAy71E8nD,unknown
3H8b67geEHMs5BgAhqKu7om46kzLtZYPAV,upbit
bc1q5xurpnphnmj7ga4amf2m75plv46ehpsd9k5xfy,unknown
3L2M7DZD5BH47VZcboQgqd6EQMasUwELHr,unknown
0xb4ace0315ec02954cfb40d0444103509fda48258,upbit
TV7LdHEe3yBBE8U7LDa16nSTrKbZ9PVfj5,unknown
1A1rfDEzdr2giW1QWXfJgBJPTUDfAzgoS9,unknown
TV7LdHEe3yBBE8U7LDa16nSTrKbZ9PVfJ5,unknown
bc1qcr739jq2tcdu5tmkngl4skkhpcjau6j4l70pau,unknown
69D019229F678ED61419E73301D8A8245A1F2B425B8740B0E7694F86B474,unknown
1QE415fskkzTuSpdsU9qyeKWQCD62oMCvP,unknown
rLW9gnQo7BQhU6igk5keqYnH3TVrCxGRzm,unknown
2960582205,unknown
bc1ql5tjjks9at5sljjhnw98dsudgey64ckk7svhwx,unknown
1QE415fskkzTuSpdsU9qyeKWQCD62oMCvP,unknown
TV7LdHEe3yBBE8U7LDa16nSTrKbZ9PVfJ5,unknown
rLW9gnQo7BQhU6igk5keqYnH3TVrCxGRzm?dt=2960582205,unknown
0x4d0bf7c5a05bbbdcd2d7a2d4e2343864272bcd6a,upbit
3C4eHh5YRrbGCCxPWY2DVxKQWpTFwGQ4U7,unknown
1A1rfDEzdr2giW1QWXfJgBJPTUDfAzgoS9,unknown
0x0016c0d0343e8f2c3a7b6a51606b84b1545ec606,bitsum
0xac0b0e42c7f84b457241df98051142ac29e4b50c70bbeddd5fea1d94ae8b8d53,unknown
0x7849b6af1dfc7833f1e39d9efad6c357ac9a4f9b606cc4dfd65391d969faa6a9,unknown
Oxbacee0315ec02954cfb40d0444103509fda48258,unknown
oxb4ace0315ec02954cfb40d0444103509fda48258,unknown
0xB29380ffC20696729B7aB8D093fA1e2EC14dfe2b,unknown
f3f956212503030a566cc02fd65259e10f649f5a85a18036a322d53a45f75b64,unknown
7aaadabd20c99aa69ba56f8d235755661406e387227bc9f9fb09054cab0a5c10,unknown
f7c0169054acf93c28bca9a3dc5f4be23191f2f181555c9e52a9fcd4d0604d1e,unknown
0x64a6346fab1b885fbd66bf2d0f3a9c435cd64ff6,unknown
bc1qvw0dv98v8qd9u8z6q7u03unafxd06pt9734mfu,unknown
0xc042386BE2914B87B5CC6102Cd84a359bbcb04d7,unknown
TVtTFw3r7Sk5dc1Y1zH8LDn4W64VyiofhK,unknown
DC70BA4F7725A345C868343BAAC30724F78B7AF9F2EC395EAD2B7795C1660E91,unknown
3BfVy7RGQxuap9JwLgyg4q9c5TD2uSmZYV,upbit
3BfVy7RGQxuap9JwLgyg4q9c5TD2uSmZYV,upbit
0x94a1c654af87e1974579f762abf58b60dda7a2ab,unknown
0x2fb3ec3dc8854d19e58bf6d1ab8714b6d4a032e3,unknown
0x6c2ec82e60e8ee070ec13021b3318668b7b6fe4b,unknown
0x766a3580C2C7066001C4643f01E5329Bce9cE636,unknown
TATRQ7XLEPwZac6f1AeYcpoFg1iaRvbwn1,unknown
3C4eHh5YRrbGCCxPWY2DVxKQWpTFwGQ4U7,unknown
13ahy SUsc fRRR Pcz7 ghM3 KZFX C9dj 1MZjy,unknown
13ahySUscfRRRPcz7ghM3KZFXC9dj1MZjy,unknown
324tLF2S3YGZj2h4QegY958ummqaXVLN8Q,unknown
0x0ea12d0b7045b794725e117fd21ff82095e5f522,unknown
0xFb45f4B551cA57547B67C6c9F516497dc9F56a57,upbit
bc1q9jfq2xrg9yvz9pu8jeezutqcwte8rn73hrn7pr,unknown
0x71DA3A0e01ec47C518c68e824a699E7f8C80F672,unknown
0xB23FBD515D2d82f03287AB3C881935782f648081,unknown
0x0772096f1D6A87d848BB8eF82CDf888e2eE0Ea21,unknown
terra1cn7cwky94r2nx32kle9y9dslar64uj06sftxk5,unknown
terra1cn7cwky94r2nx32kle9y9dslar64uj06sftxk5,unknown
bc1q7gd0j3k8wnvw8jae99pqfexsnpw2zs6s6px,unknown
okbtothemoon?dt=6014314,unknown
GBGII2C7M4TOEC2MVAZYG3TRFM3ATCCEWANSN4Q3AHEX3NRKXJCVZDEV?dt=6013004,unknown
b1a081797102efc09f0f89a83de7bad889c470926a9e6da22d0180e08fe83761,unknown
GBGII2C7M4TOEC2MVAZYG3TRFM3ATCCEWANSN4Q3AHEX3NRKXJCVZDEV?dt,unknown
TSLzWFswhSi82qYQhnSzt5vvWpiK8gzJQj,unknown
0x10b912f4286c1e7ede4811a972b38db4d7ee904e,unknown
0x10b912f4286c1e7ede4811a972b38db4d7ee904e,unknown
TLnx9Ap4zMYP2z4z9MhUbDKTyZcAYFRWb6,unknown
1JGZfmXuPEgbGQniWTafzF7nB27eavRJc3,unknown
0xdDEc6DA710B9Aab5b5594ea7677F1fdd98F5817c,unknown
0x750D05915A3488ED1Cb3fc79f0DAbe6740C99eC5,upbit
0xc1269306124BE36D096617e815dBeADEb0a7Cb61,unknown
0x42028eC95bC703a05058E7181C48415d0d5B629F,upbit
0xF214798A8aF12Ad98e173171ee2D8d7ea11CE75C,upbit
0xc1269306124BE36D096617e815dBeADEb0a7Cb61,unknown
0x53b73FDB3E10c138e34D2064162493Ce4455b7b3,unknown
0x7A146797F2707Cdd0F1d180AE0C956e41A562F07,unknown
3jnex5dk4ngwsecaxrifmrrcyfqcqcfkvk,unknown
3JNEX5dK4NGWSecAxriFMrRCyFqcqcfKvk,unknown
1F1V4ACsUj8u7iiwQvTA8NY3aWi5uGf7Dj,unknown
0x87ca5e6cb050bd57ea4a26826a5b7963d511c2cc,unknown
0xeb0d769b135130bb7959881d4a6eafe3094ca0e0,unknown
0x87CA5e6Cb050BD57ea4a26826a5b7963D511C2CC,unknown
0x2147aa6b748d95EA23172891AEC71876C58d5164,unknown
TTnLVpwtrqKEiKEr3JzAQBrAUS5tFEGR4S,unknown
0x6A7373Ef3D7D228094722e97419dE6D387aE032b,unknown
0x014c874EDDa909Cdcdeb6C8d01E644e4a5d8D3Aa,unknown
0xB5680a55d627c52DE992e3EA52a86f19DA475399,unknown
0xAc0449EDe7800A668a967885F4155eEA5FAe97Ae,unknown
18XjR7upxYn4b8oauux6VYCqjDWFk8BQnj,unknown
0x4a80fa321695628ae8aa507e2c413025ba65399d,unknown
324tLF2S3YGZj2h4QegY958ummqaXVLN8Q,unknown
328h3D5CwPc8isdh4tmuhLn4EgPHACdi5,unknown
328h3D5CwPc8isdh4tmuhLvn4EgPHACdi5,unknown
TPM6XRgLzEw9h4xSVEBFGUPmvz3uPKDYth,unknown
3Mxm7REwqG5BQa56VJp6JCQusbNkXuRSXp,unknown
32XTo5Fbai4UGpoRe5kyb5cwcdCL8Rthd9,unknown
32XTo5Fbai4UGpoRe5kyb5cwcdCL8RthD9,unknown
TXw6uvucfPuLgw9zcpGAdA6XiwtbqJpj3R,unknown
TXw6uvuxfPuLgw9zcpGAdA6XiwtbqJpj3R,unknown
3Mxm7REwqG5BQa56VJp6JCQusbNkXuRSXp,unknown
0xc99883d829B911c3dd1b82b70e0AeE34F57185c0,unknown
0x3b37Dd7e6B3EEd43cBC56CBDd3a3AB88B8176Aeb,unknown
0xc99883d829B911c3dd1b82b70e0AeE34F57185c0,unknown
0x9b44fE3b63Ea257c6633b1aa1C4b902C623c037f,unknown
0x077D360f11D220E4d5D831430c81C26c9be7C4A4,unknown
b07b89f8c9ad3a0ae15487923b71c9abbb7619b77b744a2835e2381188dce31f,unknown
38fiwcAHvidMNbtSFv4jnJb8SwzNikuhdFT,unknown
TFZrE9eAeRVUX93td8xhYSowuNrn8Cc3iQ,unknown
TLRJBjJS15iUF2zj2QVwqFM1VmtjU8Woqt,unknown
0x4a80fa321695628ae8aa507e2c413025ba65399d,unknown
0xd63c095ce2bb873adfa4da85fc0d85721a181cfd8f7451e5e854d1a509e82e27,unknown
84r6YrB7C5k9R1eTdVe1WPRPjZ429YLfYGczGRWEd4eqGujt5FEKqxUZF6ste1yTUARvCNFkF926oA3Tv87cJDiHBgqipsV,unknown
88Hg1Kexv4pL6L6TERPRqB8KjCvQ9sJWUA9MAZZRqszi9ATxXjz1CDrj2tR6bear9QsDTb557SJY8yLSbSeCQ3Rsqk4eo,unknown
84JrLTzSmCrSmVCkzGzNEo6Ft6CM9wwHG2Usq39RdavM8hBbTbyYRYiY2v9J4YddLaVpcvhTGnrhtBp8QAJe76v3SvdZUjX,unknown
TEAf4ErAeDXy55R3WB2nLmodvL28qAzS3H,unknown
TKRqA2CDtyG2tJyQTsqJCeRiFbExW3pSzY,unknown
bc1qg5u24zkfvu4yzxn6zncty4gcc9hjrj0x035mt4,unknown
0x859ac755dd2d426f7dc732ba33396a9309a476de5c4ba18da1c558b585d0e155,unknown
0x751ffe20e65fb32140adbb00c655a6a56b4f5206,unknown
bc1q7swhy9eym4uz9tw6xqa7tdtvnm3u43l7ktuurz,unknown
TM1zzNDZD2DPASbKcgdVoTYhfmYgtfwx9R,unknown
0x7651397f5371350e6602149f27ab95846e11fbdf,unknown
0xb5675e4ffbf91f5113704b612c5ab19126888888,unknown
0x78a2797d4bc58c12fadee48fada3b66b44a50251,unknown
TLZGjya7Um8C4sc3LW9kFDUoEsmnLQHaNj,unknown
0x50e22fA9500b47362CD4b96B7bb149e4437095C0,unknown
16YuFuCZSq3YL9zWECQ2soHT5SJeE6T1aC,unknown
bc1q5y24vqmlvaludy0wjgvf0dx8givkg9pqjv8yd5,unknown
TCKVCbJ6ohUDL2UKjM4cwEwtg9xmhigAQY,unknown
TN6yXsuzTC71jM2Kj8Qk14FdrwXUrZ1FAL,unknown
TDyMTdn9vjfw3apLtrymp2o8j1TxzFy9Z6,unknown
3Qprn8uvJekXBoTcytSeS7Y41jaMZzeT3,unknown
3Qprn8uvJekXBoTtcySeS7Y41jaMZzeT3,unknown
BC1QUFX498L9HY4RAJ8J6C0QS8Z0Y8324HF59M8UNR,unknown
bc1qufx498l9hy4raj8j6c0qs8z0y8324hf59m8unr,unknown
BC1QP40NKATE5T9KXHA6JNAHG25TCES4FESEWTX9LD,unknown
BC1Q338PJW9QW9VWCLCLJUTGWT4WH4ARF6HZMQRZL0,unknown
13ahySUscfRRRPcz7ghM3KZFXC9dj1MZjy,unknown
bc1qtses73a9z0pahlgapy0df73w7ej78c6phj0970,unknown
bc1qjese5lafqkqach6pmprt9p2n6ukr5453cxlnhf,unknown
c14bfe8bbf935fe1ff9fead0889b1a314fcfe45fd80cee3da18b725fb21e9768,unknown
13ahySUscfRRRPcz7ghM3KZFXC9dj1MZjy,unknown
12TuvD9zepghrz6AhutCQKscFGQdK68BD6,unknown
1KxoCJjr7DzEEHajCKaaoP2kmQKi9rSUiN,unknown
1KxoCJjr7DzEEHajCKaaoP2kmQKi9rSUiN,unknown
rPFXvVo2fYXVPdV9gCHQouHsMgMhQ2aUwM,unknown
fe918ed1eac64476f6a1c334d75dc78c777f5d9157df43677e65d1f7e5abd7f5,unknown
TJjyyvfTvaGv1Xa9WUybLYtGySWnymEiXU,unknown
oxEC18C130520852Fo74E713185e51ce2858FbBEBc,unknown
THKxHZWbBoMekY8VPHP9rvDpC8y1KLQbuQ,unknown
TW2s2DdU9RoCdayeqo57bNmDbXKMWFsMuF,unknown
TLGeUrzpmuNVVEBvDMDczjnZs5ssJYLdse,unknown
TCEhEHm5iy7yYcQxJAXuv2Wc9MQZTDVnri,unknown
TXdtBFzR8q4nMz1Sw2ZoFon6LcXh7C6YoS,unknown
TV6idZSBFycYx5ZLbo5ebmokQrWPyWDjtu,unknown
TBA6CypYJizwA9XdC7Ubgc5F1bxrQ7SqPt,unknown
34kh2NukwSpw5aRtn8ygt92FpmZjQSXF4c,unknown
3BTtWrXFQnxy4jbZZCQb7tiMdtbXMezFmd,unknown
34hcFJ1S9rSqi9Qhcwk8eGmaknuZjJw2Qk,unknown
0x6A7373Ef3D7D228094722e97419dE6D387aE032b,unknown
0x69d7dC0D1998f87FbFf5FF376113bd996Bd60e6f,unknown
0x014c874EDDa909Cdcdeb6C8d01E644e4a5d8D3Aa,unknown
0xDd61e15A70ddE8A2eEE499495535154CceeFE266,unknown
3BMEX7Hc6kh1B531fsMEW3iWsb6EzB96W8,unknown
bc1qc7s65vywyphss2n7yks442d5cr3jdphmsgyuy4,unknown
0x71177FCF543Bb535BF81fdA772f235309544C524,unknown
TGAbHUeiD8ypmmWESoF5TmcidQpaoQmc6s,unknown
bc1qvj7s0vc6e26fge4h02lyc0va2rrcvgwe4zartl,unknown
0xF386a3AD12882c549C1c0914B55ab7424091244E,unknown
bc1qqew5w35zyjctc6h6tyeefe3gwheke0funea4y6,unknown
bc1qcxg65lrgvfc49yruah6kmkk3rkdcadrj9t9m0y,unknown
bc1qrdjk5xl7mkm8uxm4cqqwk0lh9zujung0edwe6a,unknown
bc1q0v5fxcteap5m35xgsanr4esg3840shpg5hse5x,unknown
bc1qu6j387cmmxa7hwqu85lgj9f88589yu6n0r3z78,unknown
0xA0E949DAd129468B4E6a0AA9CFf5ed4d00C78ae8,unknown
bc1q04f7kpsmg2lztjqwx37lcesyvq60pmvqlva4j2,unknown
3Enq5xpeYjNz6fz8iqddXXoQurF6VPHATD,unknown
bc1q9kx8q04hz4l2zldpm74w00fp6eae9mw6r3y84t,unknown
35MM3v3FSajAtuEeMvGoCfvi5EUEUikruh,unknown
3HxsdT7B7n53ntn3LHXkcDypGDtvgQEETb,unknown
0xE68ab3FBD10BEa1cc5116ffB41c5Ba0988bE14e0,unknown
0xEe6b5c06d537d95208e50E0A8add2FFad3CaC464,unknown
0x439196d6B3b49134e951610fd6b6e86E72a3dc4B,unknown
0x439196d6B3b49134e951610fd6b6e86E72a3dc4B,unknown
0x7790a6DAe3174A60E171A25a040f913b5d6054d4,unknown
0xA0E949DAd129468B4E6a0AA9CFf5ed4d00C78ae8,unknown
0xa0e949dad129468b4e6a0aa9cff5ed4d00c78ae8,unknown
0x63915C2f35abFF3fD5E5868D62A31ee3b942C932,unknown
0x17DFD7d079295C4edE955034579aA023d0DB44e0,unknown
0x948bdb0b95c01459cb361fdd177b68e820a845df,unknown
0x2bce0b3937da0b0a67fb0d9df917c265a28e3f1c,unknown
0x63e4ea27e26877c484aaa489f064bd807417f12d,unknown
0x739b6f26977231d42a3a6a9fd9b45aa483ea42020x739b6f26977231d42a3a6a9fd9b45aa483ea4202,unknown
0x17dfd7d079295c4ede955034579aa023d0db44e0,unknown
0x37f3a40b649b9762e020cc2b333190c1c85b002b,unknown
0x37f3A40B649b9762e020Cc2B333190c1c85B002b,unknown
bc1q68m0mnquhg4h6f0rq6txmufzpe0v9y9l6gevyt,unknown
0x5d5d86f234ac2fd98869e5b76a83acc30240259b,unknown
0xec68821ebd60dd8acb19287f0ff1aaea64d5d411,unknown
0x5d5d86f234ac2fd98869e5b76a83acc30240259b,unknown
0xec68821ebd60dd8acb19287f0ff1aaea64d5d411,unknown
0x7b7c2603d1c056d0df25e753341401b18955cbd4,unknown
rUzWJkXyEtT8ekSSxkBYPqCvHpngcy,unknown
TUw9E8uaMEkJJdLqzJPxVxXW3tJMGrzJtV,unknown
bc1qdzmkjrhp59xahyldre4rnh76cl25vskf9vlny,unknown
bc1qdzmkjrhp59xahyldre4rhh76cl25vskf9vlny,unknown
bc1qdzmkjrhp59xahyyldre4rhh766cl25vskf9vlny,unknown
bc1qdzmkjrhp59xahyyldre4rhh76cl25vskf9vlny,unknown
1FAYN4MvbwVd9mgU2apjFeXH2ynRKNcr9h,unknown
3C4eHh5YRrbGCCxPWY2DVxKQWpTFwGQ4U7,unknown
1MCyAJthzdw53RBKEoHqhduyHtCqegYTxk,unknown
12Sba19aM4NW7yRZasnoJzvVeymohe5boT,unknown
TN6yXsuzTC71jM2Kj8QK14FdrwXUrZ1FAL,unknown
0xdd87de223858c772a912192e47bb35fb10235a34,unknown
TFmAENawnHjSRZ3zcg5xiYkg3GbB5paP7,unknown
TNoVqr6uZyc42eiKNVMUmb7UqdiNU9Vddc,unknown
0xda6da77943962f8babd82826550b0f4fc0fda8f2,unknown
19Z8rA@XZmtafLJwAvd5YmoyNukQ5jLQqn,unknown
8827be6120b10cf0196baf3986f2f6ba4eb0cd2d1fb2182fea4ba61e9dc47278,unknown
0x5521a68D4F8253fC44BFb1490249369b3E299A4A,bitsum
0x2140eFD7Ba31169c69dfff6CDC66C542f0211825,bitsum
0xC257274276a4E539741Ca11b590B9447B26A8051,bitsum
0x6fC48dE8f167456b7aa27dD4ecfaBBA329EA623D,bitsum
0xC257274276a4E539741Ca11b590B9447B26A8051,bitsum
TFwvZNN2JbJhimxkWX4BNm3ENYMep61U2n,unknown
17ctjFUiV7HPvWNgQtdcnG9kcLnu1NEDMj,unknown
bc1qhwnkscm0uknk5p7yk3le7gdp6t244a92zgcwzy,unknown
155dMqceFkSGkCDc44MhZsgBiM82Mj4GxV,unknown
15dDzr1QDLPwCMVuUARWwcCUGJivViiUBS,unknown
1LpQ3xxEpyEA132DJxegESNkYtfMGWSKJN,unknown
TNABBi444ym1SgpkCLyMM2i8YgS5Ynd6JW,unknown
bc1qssnx48slnvs3vtg8scfpq69ngmm0lx675mefmu,unknown
bc1qssnx48slnvs3vtg8scfpq69ngmm0lx675mefmu,unknown
TL3GaE2CFRAfDu4cwAzLd8hssGMuBgaamZ,unknown
0x96e6d4e67d36408c12c86655108e4b2eba52fd17,bitsum
0xe077bd559b4b0eaf745915fbd7f2c3f0b587ba45,unknown
0x81171c09316ec8094d027e5b7a5fb8f39e882f636d6b2f3566054be0c56db411,unknown
32XhhXK5mG8Sx9WvA6N94tHkvgo9ZgK7ar,unknown
1NDyJtNTjmwk5xPNhjgAMu4HDHigtobu1s,unknown
0x50f6b0b3f011000a4498d6ad3d58a4d76e9370cc,unknown
0xc6a2ad8cc6e4a7e08fc37cc5954be07d499e7654,unknown
0x60070f5d2e1c1001400a04f152e7abd43410f7b9,unknown
0xff8af86e983cb5ed5595c3669e8f459106a304cc,unknown
0x8a42C6190066374cA838ed41185cc56086dCeBB8,unknown
TNABBi444ym1SgpkCLyMM2i8YgS5Ynd6JW,unknown
0x6fC48dE8f167456b7aa27dD4ecfaBBA329EA623D,bitsum
0x5521a68d4f8253fc44bfb1490249369b3e299a4a,bitsum
0xC257274276a4E539741Ca11b590B9447B26A8051,bitsum
0x2140eFD7Ba31169c69dfff6CDC66C542f0211825,bitsum
TKnzjHwkG64cjRpaRDWkjbnJyEbWDjHoKN,unknown
bc1qm55hjhxkpmnrxl9c63qq65afm0cegvez7gahzh,unknown
bc1qpkpe34zfwr5ts8ms4yklxtvvxggxe69979mfcu,unknown
0xa2746d846b9789a73a59d3f625d9b2d3bb0a0430,unknown
0xD4E568A1f8e0FE00Ca4f39Ad7850d70964Cb3899,unknown
0xD4E568A1f8e0FE00cA4f39Ad7850d70964Cb3899,unknown
0xfb45f4b551ca57547b67c6c9f516497dc9f56a57,upbit
ae568fb9f87845e59eff8d950d716cd0d2b6235b301370154d289e488ea73a89,unknown
0xcC8fAc1aB425E02153a84F157E462ecc21E3F8d1,unknown
0x68E13173c40AB7C7eCEfc993938178Cf690cdD5c,unknown
0x3B0B768463cc269035195eD3d20E36c4983c2EDB,unknown
0xD4E568A1f8e0FE00cA4f39Ad7850d70964Cb3899,unknown
TMVewcxy32nwcJpwdXJPcoaWiJ838Dc1B5,unknown
bc1qgdtaq9xpg0vh597knngapp8kf7etcaz24tr64v,unknown
bc1qrwjwxyzzdyn6ajc62kn377sf8rnk603l2h5rxq,unknown
3Pk87MSZM8n4x9ZPXxjLV51udNwJUggd2B,unknown
0xe077bd559b4b0eaf745915fbd7f2c3f0b587ba45,unknown
0x8477C637BaB24782b5CC9d42fadc194dC128d4Fa,korbit
0x33DE12b5Cf336692c6b7cfD3aAF779425067f21c,korbit
0xc8d7899F22bc4995C8176e3f2a5Ba3F5e87D95E5,unknown
0xc8d7899F22bc4995C8176e3f2a5Ba3F5e87D95E5,unknown
0xC02aaA39b223FE8D0A0e5C4F27eAD9083C756Cc2,unknown
4c15ba4f-a992-4efd-948b-83440bca330e,unknown
4c15ba4fa9924efd948b83440bca330e,unknown
raQwCVAJVqirVm1Nj5SFRcX8i22BhdC9WA?dt=227453609,unknown
637ce7a1-b6d3-46b1-93c8-208cfc3215d2,unknown
637ce7a1b6d346b193c8208cfc3215d2,unknown
0x616Fbe3609878e64E8a4Aff9a18882933dC5dd1,unknown
raQwCVAJVqirVm1Nj5SFRcX8i22BhdC9WA,unknown
0x616FbE3609878e64E8a4Aff9a188882033dC5dd1,unknown
1HQBNgCepGyqnPEfnQRGLSEVmY8Ac6yKWP,unknown
0xD9966A279eD260cAF6c2bE88b5286254042FF174,unknown
x0ed97936b0ae0f01cd774bbc0179dc9058b7680f,unknown
0x72ef3e8d8c16f183ec64b4bbe4ea655ecafde628,unknown
0x35b68253a3bdc48d75e99c4d458cbb193c5dec07,unknown
0x9816DAEa906B545016Aa45BF6DbBC78eCE16aACd,unknown
0x1d6452B2a642Cb7d25e8893308f2268467bAf0C7,unknown
0x7cb6e5fd53c08cc77f7b0519843283457825b2b1d1b804f7a08ad5296a4ddfc7,unknown
0x2b239d0153048d039919e8bdc254922edc482a71,bitsum
0x5BE14C02c0d4d982661625647EDb6718245bb35C,unknown
0x5be14c02c0d4d982661625647edb6718245bb35c,unknown
0x8eae8d31b6886152de537dae61fb35a05dbffef5,unknown
0x109a64178ebde3d935ef4b59033624d6621b5ea5,unknown
3782959EA0229BE6E94820CBFAED58624EC04824,unknown
rUzWJkXyEtT8ekSSxkBYPqCvHpngcy,unknown
0xCc97e69a8611265aAC36D32Af4a751acF7730e0E,upbit
0xb40637e6604Ed47c2698dbCbedbAe3A2D39B6322,unknown
0xCc97e69a8611265aAC36D32Af4a751acF7730e0E,upbit
bc1qn32rp8xuyt3avfpdhurdt4lt3wj3jejkkgyf6t,unknown
3FXjRMw4nRHc5priRE8mdGiZz4qowyMtzJ,unknown
bc1qt8522hphsmn5e7gqc4d5axf5hpqrs99gcdhjhm,unknown
12N9nV4narSyborn1mmsoTiKA7GpfQERkk,unknown
3D4ZgwyZvYHwsTxN2q59uwestnn1yW4mcq,unknown
0x050334D3760396bB09796b91aeDf47966718d316,unknown
0x050334D3760396bB09796b91aeDf47966718d316,unknown
67d77ca27ee39a7b8ec6e80d0751cc12ca1566ad43dc6efe92965201d45ffffb,unknown
bd43404fc9ea1b14e2f82cc984d2bdbf15ecf09654f6abbfb37952fc16d80225,unknown
9b543530577af845e3e1f1c9d46cb3244f2ad8b2c736eb8774fb935644a4f976,unknown
92fb124af706aa7d9a407d5fb88c49a7a5df8eeefba1d574595f6129333efb8e,unknown
7fd3f2377021478fed8f504ae4e8148b3ce2e56740307bc90b45f9d60f431e0c,unknown
60f3d0cf7c44376855e59ff3a6933ee8cb9ab221f347fd514925f6a23da6929f,unknown
9fc718931edbdb68c2339677767b043678b66a267655e8d9e06e191c339df30b,unknown
1f2000f94c9b489692d3672854512fc66858757b94ff77832d65594f87aa6191,unknown
bc1q08kw003y75ft4fruwwtsfxfgm3g59zan7m4en,unknown
3GDgbaYyoKyY1qc369FhoiqxRCBi9aaHNM,unknown
0xaa8647cec197de9aa8c7564979c1f7d383d0aa288399230edee1cd54a804a37c,unknown
TAUN6FwrnwwmaEqYcckffC7wYmbaS6cBiX,unknown
0xb782CbaCD4D417d3AB62C90c8394aC6EaB4bcb36,unknown
0xb782CbaCD4D417d3AB62C90c8394aC6EaB4bcb69,unknown
0x1f19c0d18ea3aa9b31b1c9bf71933d61a2ce9672,korbit
0xf111ca2bf236fb4a40c403339fbf761ba561c100,unknown
3JhBKqGpAGSLChMLGq6r3eBmTkKs7cpcWh,unknown
TEPSrSYPDSQ7yXpMFPq91Fb1QEWpMkRGfn,unknown
TEPSrSYPDSQ7yXpMFPq91Fb1QEWpMkRGfn,unknown
rfMyfzcavQ4tUe1yJYMS4YPUZhAvcWRbRm,upbit
rwScbQc4waciD7yXzGXCXhBg7JanYe3AVw,unknown
TXcZEECEXcV82yAKGNqtDs4sSMgVEx4fqB,unknown
TXcZEECEXcV82yAkGNqtDs4sSMgVEx4fqB,unknown
0x7eb22b2b94b383f948cb8ab0335b7df44538e4e,unknown
0xc94D656FD136C01Fc84272b2BE67325568DE48b2,unknown
0x94d903318dae5c9144d7785d1ed68a1d51f238b7,unknown
0x741e1eb29cee041dd19c052c0578379b8e78dd1d,upbit
0x94d903318dae5c9144d7785d1ed68a1d51f238b7,unknown
e8e128170896c7f491862b13ed347da883dbe277482de14d7b31963f78579a96,unknown
0x7fA9956DFaBF1495A80b599B72dF4490b0a7e0B9,bitsum
0x014c874edda909cdcdeb6c8d01e644e4a5d8d3aa,unknown
0xfdb16996831753d5331ff813c29a93c76834a0ad,unknown
0xfdb16996831753d5331ff813c29a93c76834a0ad,unknown
0x446B3fab4d1c1D121eda6bF4419dfA8B5b5aF1B1,unknown
328h3D5CwPc8isdh4tmuhLvn4EgPHACdi5,unknown
0xa9bde94DaF24334efcFCcc4496373939931Fb157,unknown
TNyuD8NDFh2DP1AJTb8qHxvGcdRTaRFn9H,unknown
0x49b39501aeb8470b9298ddbe6744fe2f33a42ca89af6e4814103e9f74ba5fe35,unknown
1LUVZvuxGBhj7zjSFHqKudFC2jv3YUYDCn,korbit
0x02703e13b5d3d3056ac9321983b44a2cc065bb22,unknown
0x07fd80431458fef55ca69e98f97721572ea3c1ed,unknown
0x0bedccba1ca95a116f4a83898998a2638966b988,unknown
0x0e23bee35717987e71fa8445e4dd750ad718ba8a,unknown
0x2f3713f388bc4b8b364a7a2d8d57c5ff4e054830,unknown
0x3ac97747e48ad799e7859cce02319f910c01f897,unknown
0x3be72d218df47db93895ad7f6abdaf2a8781abd8,unknown
rGDreBvnHrX1get7na3J4oowN19ny4GzFn,unknown
441A249592ECF82C66985764B7FBD70028032BEFBD4BFAF3D08CC588EFD80700,unknown
0x94d903318dae5c9144d7785d1ed68a1d51f238b7,unknown
0x741e1eb29cee041dd19c052c0578379b8e78dd1d,upbit
0x94d903318dae5c9144d7785d1ed68a1d51f238b7,unknown
0x4b6ece52d0ef60ae054f45c45d6ba4f7a0c2cc67,unknown
0x5e6215dfb33b1fb71e48000a47ed2ebb86d5bf3d,unknown
0x5f5dec0d6402408ee81f52ab985a9c665b6e6010,unknown
0x60070f5d2e1c1001400a04f152e7abd43410f7b9,unknown
0x61be7395eae90d23d0ef936619f48d4767657c52,unknown
0x62e92bd61c20d3e40699a3f5f5332b3928243ab2,unknown
TWNRAS18kcFisqNJ44iUMECZNtG5uddw7z,unknown
TBCDVfyvR7DYvVsmHmX6B7cTEwQ6BPwjeE,unknown
TNaRAoLUyYEV2uF7GUrzSjRQTU8v5ZJ5VR,unknown
0x6d219198816947d8bb4f88ba502a0518a7c516b1,unknown
0x98f9b63b4c6e52a9129b07e4b0b03455221752fc,unknown
0xab7f8facb7db88db80f35c96cd67a9e9d381c7ee,unknown
0xc6a2ad8cc6e4a7e08fc37cc5954be07d499e7654,unknown
0xcebc9bd990d03423eb77359d56259c6e8c5638a4,unknown
0xdd87de223858c772a912192e47bb35fb10235a34,unknown
0xe9e1031eeaa5817e4706be294c3bb4681fdb2447,unknown
0xed0e18f99b684009fcf44c80e471717335ac49c9,unknown
TH8SyTPgH3dJQBLRHgiQ1U9Xkxi9T13ndr,unknown
TYPGUR4YQs6TEceMduccVs4WBpFFgGYn7P,unknown
1KYqz8YxYksTH9nHm42UELUg8DfqDvsxNH,unknown
3BdbDMdSjx8gTExXcCjroeFxEG6GKaqZde,unknown
0x4eee1a4cce07781d6fb8f0579b0effe430e69e90,unknown
36P6vF8ZmgKfiLcnYgjFHNXwGDzPx9ZE13,unknown
bc1q5xurpnphnmj7ga4amf2m75plv46ehpsd9k5xfy,unknown
0x23BF68f14721D2f206D15cb01489cF00CBf6940a,unknown
0x885de19f8c0b53f93c2Ef95e8F5E1B14Fe4DdE58,unknown
0x71bF49aD8e37fD8e12977177779602Ce36d90bd2,unknown
0xDFd5293D8e347dFe59E90eFd55b2956a1343963d,unknown
0x446b3fab4d1c1d121eda6bf4419dfa8b5b5af1b1,unknown
15ieCu4qBW1u1F9dPQ3ToXY4hDK8itWNAI,unknown
bc1qy2mxp8fuxpmwzqqs6ruc6r5514ewnr12x6zp8w,unknown
bc1qqaz7wx7xq8ss8c8d09qnxmlmynnvpskdcf392n,unknown
0xF94CDba3AF8426592C5289216337f21e83aF402E,upbit
0x446b3fab4d1c1d121eda6bf4419dfa8b5b5af1b1,unknown
0xf207E674b23183b75B7dD59Cd0a579F75a6D36D9,unknown
0xa307039c8d8e334938eed4382500d75022386fa,unknown
0x9b09f34e18997c25207733e3b2bc58ddc97978c,unknown
0x03f34bE1BF910116595dB1b11E9d1B2cA5D59659,unknown
0x03f34bE1BF910116595dB1b11E9d1B2cA5D59659,unknown
0x03f34bE1BF910116595dB1b11E9d1B2cA5D59659,unknown
TDhdVLv5cCvGAiX6TRvdWBoop1F4qDKevu,upbit
TBCc3ceSHacH51mXzBabDvGfHmrMm8Emn,unknown
TBCc3ceSHacH51mXzBHabDvGfHmrMm8Emn,unknown
TBMovMQBgw28ojaN2fCcKreGPDM9ba2mov,upbit
TXMWFtCDfDDPcXUeP7L1SPQKn6y6XCX4H4,unknown
TNpdQW4CWUUX9oVy5jMCA1umbw6W4pmUHr,unknown
TGqMoBW1t4wtrWJeJTongLA215ctZ2obrF,upbit
TBUdq5bEAdHLTRNNEabe7fuL8PL3Av3jM1,unknown
1GFV76F8EDp3TkthaPr1SpFZ2unt4cQyTn,bitsum
TN87TcEBubeaEWXPy2xXowEWmQsofTeBaB,unknown
TYgvJZqWjXrFNszprHVEiaKvMmdf7wqZJb,unknown
TBUdq5bEAdHLTRNNEabe7fuL8PL3Av3jM1,unknown
TN87TcEBubeaEWXPy2xXowEWmQsofTeBaB,unknown
TYgvJZqWjXrFNszprHVEiaKvMmdf7wqZJb,unknown
3B6NRziG4A3eJMasVvNLQQ72Qm9sh1E9XF,unknown
1A4PtWCBn5qXHwYqvhwDF8HAX6Dbnp99gh,unknown
3FtGDL1c1w6gwFnHm4jSrj2sYGdahjbh7Z,upbit
12B8EYASVGS3cHSzGeEBPCQYZegw4fudrm,unknown
12B8EYASVGS3cHSzGeEBPCQYZegw4fudrm,unknown
3BdbDMdSjx8gTExXcCjroeFxEG6GKaqZde,unknown
3FmPuruFgVFfWbnAGxg1Kwjen8nU4btUvm,unknown
TMcS4PXJxPcBWFK91vR2wfqNhNUVRdzam,unknown
TPkCM5BiyxApPZSnpXMp8ZHm8QbcmzN4ev,unknown
bc1qn7595h3yx4dnehvx2updzehfu3zpjgtl0q326m,unknown
bc1qt6y8858dhvknfprvg6u4ge12j47hqyvplvsrax,unknown
0x7790a6dae3174a60e171a25a040f913b5d6054d4,unknown
0x7790a6dae3174a60e171a25a040f913b5d6054d4,unknown
0x5b45faaf5b12437699ff5a5bda2795b6b5f8d537,unknown
0xa56183abbf65e4fe18f3fd1a704ff98f172daeea,upbit
e001d7116fb122c81fcaf691ea02abd9ee00b6dd8513708af3f46d582fed70a,unknown
11f2fe37c8f69e15d570b04ad72c6c48955bb7a6ad8bb561842c65c3b26d4e0a,unknown
937c4a1b6bd47b0afeb91010eee521582548f1b86cbb023e858c63cef8b9eab5,unknown
3QbYYK55DSG4HSv8KicF1PrrREfWmbvXDR,unknown
0x496db63cd2a5a04ce6d80178a6a2775d27804c31,unknown
TBMovMQBgw28ojaN2fCcKreGPDM9ba2mov,upbit
TDhdVLv5cCvGAiX6TRvdWBoop1F4qDKevu,upbit
TGqMoBW1t4wtrWJeJTongLA215ctZ2obrF,upbit
35dtEPLggL3wnqaJndwdrtbLK8j3RFMQYd,unknown
1LpQ3xxEpyEA132DJxegESNkYtfMGWSKJN,unknown
0x5e17c4758e45149ef6af490ac9ec76723512ed44,unknown
3KEpdGkxLxTe2SxXsDjzWXb4uEtTb3yEvC,upbit
1NfDKJjZ22SmeJHtBfZYZVML7nnzD1mGBw,unknown
12nLB3NjDY169oNhtZeahgM6LVnsd8Djx4,unknown
bc1q3ucnftgmlt7cdw33s3pmhgau89qw3el0d9mrrp,unknown
0x021df648127d573b89070c60df9f33265107bd29,unknown
0x6ff30b2f5524cdd9198791b564f1bbd92c11a312,unknown
0x3ea111a77643f28d1446b1ae49630ecd16761c87,unknown
0xeb452bb66c3e24265cdc1ab07684b507ef1b965e,unknown
3KEpdGkxLxTe2SxXsDjzWXb4uEtTb3yEvC,upbit
bc1q2mhtcttxw3dnlkdh5kwgrmyghs4176sddwaaps,unknown
0xF386a3AD12882c549C1c0914B55ab7424091244E,unknown
0x7565691B96b930758c253F6b2AEc881ccE96A018,unknown
1Gpdw3KEPAbcRceWsXtTR9oQLPNXqWyFoX,unknown
bc1qzhy3u8vf4cjf35kuadnn4ytc5v9ksz84u4fdlq,unknown
1QCTYFR4wjF2Gr4CHGWTEZz6NQdLeLLcGZ,unknown
3PBGidDBhCEdjzRx7wHMp5AcsCdWiVzjoc,unknown
0x30c64af44EDA8782EB9E365bef9C48A30acBBA7f,unknown
0x01C204d8b1A79e36E26DF3C93Adcf31a5004b7bF,unknown
39voiawwg1eaEv7bb1evKkRbkVdBV8Jots,unknown
TRqQo5ei6UbWaTAoQ6SbEJrevwPsN4mYxt,unknown
TRqQo5ei6UbWaTAoQ6SbEJrevwPsN4mYxT,unknown
0x92837c7c2a0d37ac261643041e4f6f716daea461,unknown
0xf7eb2246f0d83e1c7d20b2f3526232be0ca0975b,unknown
ox92837c7c2aod37ac261643041e4f6f716daea461,unknown
TVVuywp5eqshuWB6n4iQ5DTLvMBrLcA4BD,unknown
X-avax1ujvff4h3sz5hhc5ytw9m5l9qe8xjrlerke8qnp avax1ujvff4h3sz5hhc5ytw9m5l9qe8xjrlerke8qnp 1ujvff4h3sz5hhc5ytw9m5l9qe8xjrlerke8qnp,unknown
X-avax1qqmqnf3vgx9y586ymhf0r3k86vptwuw35z7zqr avax1qqmqnf3vgx9y586ymhf0r3k86vptwuw35z7zqr 1qqmqnf3vgx9y586ymhf0r3k86vptwuw35z7zqr,unknown
X-avax1ujvff4h3sz5hhc5ytw9m5l9qe8xjrlerke8qnp,unknown
avax1ujvff4h3sz5hhc5ytw9m5l9qe8xjrlerke8qnp,unknown
1ujvff4h3sz5hhc5ytw9m5l9qe8xjrlerke8qnp,unknown
X-avax1qqmqnf3vgx9y586ymhf0r3k86vptwuw35z7zqr,unknown
avax1qqmqnf3vgx9y586ymhf0r3k86vptwuw35z7zqr,unknown
1qqmqnf3vgx9y586ymhf0r3k86vptwuw35z7zqr,unknown
bc1qxdp83l7u66nxj3gf82n3g2n7xjn7a9mq69mmhg,unknown
bc1qsdmm63jlec5hz6l6pysxn925ru4ey4n8xzryn6,unknown
bc1qxjmrlj65kegkjjvtk0emvwh26zpt8fhfls88n2,unknown
32023df1fbce935cff3f6315de40c96d38ebe4590922ce4cd28dfcbe88f148c,unknown
32023df1fbce935cff3f6315de40c96d38ebe4590922ce4cd28efcbe88f148c,unknown
e7a9dea9d803ca7832816cd0fee982b439652177f7b5332a6737db82e53ff0e5,unknown
00de40268eaab6b792cdc8d8ef8dd637d9c8c50f4376ca4eb44145c2d55bbace,unknown
91a13010a48a9649f75a8d6378313fe62eb9af4311ddc58c0995167f2e875b8b,unknown
TUX7NbED8nPdS2p3dTZyxQ4q4nJrQDYFKy,unknown
0x6664d334D18997E09fA752Ea2042E660131FD0f3,unknown
0x03b5DDd39BE0696c132F2a744940AdA07892d7d3,unknown
bc1qz0p6lzarrnxyacsnv9fffzkyy2l7t653w508fp,unknown
bc1q6dw9lzefmdzecqakgv9s5xs0zvpyu42wg6dard,unknown
bc1qrafvgkzmxnwzz7azt5t3n0hrcjql8y6yp0v0l4,unknown
bc1qrafvgkzmxnwzz7azt5t3n0hrcjql8y6yp0v0l4,unknown
32uXK5bKnRH4RzwNAfaw9iPjyyxgy5Ue4n,upbit
bc1qvz9kt6jtz0q8srs3fjwz2efsw8p9hwnctzs5h0,unknown
bc1qyv5q25938t5ltphvaj7xtsrkmnpueqpzumn4de,unknown
bc1qylrlj94u4lcejd8fef4sp96rpgqdtc5qsdmhgu,unknown
bc1qv5lhtu0aswhs0dhc5nc77dlwquzlwpfew8rvwg,unknown
bc1qu095gpsxl8wuaz86rtzq2atevg03w8rgpznp9c,unknown
bc1qs28h0rcnq59q0ykxxyvaqgs5ehnyw688egryuc,unknown
bc1qns7hm5nuemwk42nh409zk2l7mzr6wp46cupaxk,unknown
bc1qhr0xwe2k8wfz7yvksl8trta069s7w8wyq93qap,unknown
bc1qe3tgt8rr5mrx06p4madg558xrlv73we8vu6rws,unknown
bc1q9j9wsuhyqls5gz737nc2z952kmz8dpgp9cz25z,unknown
bc1q62xmdryx9zktrkprulc9sz3ls2lvrk55q0snrq,unknown
1JPdbuKBHWoUvnvVijvHrd17twtn7oG6Gm,unknown
0xD9CBc97e39Acd0a3D82846B358E9680A1F097580,unknown
0x77c6f87c32809302387af70b5aa23902da88349d,unknown
terra1cn7cwky94r2nx32kle9y9dslar64uj06sftxk5,unknown
0x77c6f87c32809302387af70b5aa23902da88349d,unknown
0x88bd4d3e2997371bceefe8d9386c6b5b4de60346,unknown
bc1qIuhyk4uvmuvIex46xwue9twy9r2wne6rt4p6Ig,unknown
bc1qluhyk4uvmuvlex46xwue9twy9r2wne6rt4p6lg,unknown
0xB8001C3eC9AA1985f6c747E25c28324E4A361ec1,unknown
0x7Ed5eb50902387AC7fDa2c5308B05c5A1CA1Fe4d,unknown
TUWWdLpTVRfbUhdWVcrMTiYtHP2VXffq12,unknown
bc1q3fp4n9q9nchfnpqc94df92hdtcrn8pyv5u5v9q,unknown
bc1qy59slf4la4zxlmc77shxqglzv0eu9yxty3zqq3,unknown
0x7Fe70026cB9B85f539EAfe1eeBEb91A3b73B47D3,unknown
0x8B41e1B9cb45f59040c443571495F4DA84D9DA3c,unknown
0x4812b4c357f1908F8cE97B0fADfA00d093df4F38,unknown
0x8715b3f4125300ae9db622638fec6dcedcec4cdd,unknown
TTxYcVj4kt5rPytuQpxBNCZcDuUPc447Nd,unknown
0xda8ffb71fc64fbe876e53969d2da68d29605056bef39dcd38b11b4d016a0fe91,unknown
D6zMDTWpkm6rWuV5qPh8QjvwwVjQ5Lh9CN,unknown
1CNyq7XpRNmd1sFEwFhAm3GRXrf7gLvXpD,unknown
1CNyq7XpRNmd1sFEwFhAm3GRXrf7gLvXpD,unknown
9259b5e321fd77e5a29be5d4fb04deef5f9b6af88c2a05826cc3fc699814f65a,unknown
5bf1aba969683886e0949ef33ee89b24fd6e90753148ea6b7a3e8afdb6f28ad5,unknown
8c992a2f20e5203adabfb8c8c65143da98dd4c9efd96c980871f6ea149424108,unknown
186834f82105b8905945e26a0933085f835cd218534b433833ee673789a3670e,unknown
DU1GuJHjnemmoA6kqRkRiQCwFHqDpa6wrZ,unknown
6e80a9c988b9c53daac5daf1815781f5c9ea2868996c0f329da898c6a86c6d9d,unknown
TUTdWZ1J4yQaVoq1nCBa5Gqkoup9SU5ymX,unknown
rEb8TK3gBgk5auZkwc6sHnwrGVJH8DuaLh,unknown
bc1q39lf4qtnqnn6uu6qs9pxfvlufu9786e536au9t,unknown
TSG6LT4qYAdAiH5WE9aBEsAd4sagtR7XCJ,unknown
13ahySUscfRRRPcz7ghM3KZFXC9dj1MZjy,unknown
bc1qj ese5 lafq kqac h6pm prt9 p2n6 ukr5 453c xlnhf,unknown
0x97122dDca38c29b7653D52b07998d06a7128fa0B,bitsum
bc1qdd93ulsrlfvczynuxkcemnqr0c67dyh0vtjg6j,unknown
TAJ6ah49YxLKjbK4pJNMJRDQCEdLbBdHSA,unknown
TVxAcaYozLGLbNY7vkzNXUqUbDySEWFtqW,unknown
TAJ6ah49YxLKjbK4pJNMJRDQCEdLbBdHSA,unknown
TVxAcaYozLGLbNY7vkzNXUqUbDySEWFtqW,unknown
TBEV93hALRWRTvLmN7k1k3e2t2riQNCjVq,unknown
TJ3xhcgqiVSipwYSSCKfCZUhaAQ3Q6U8Ya,unknown
TYPUgo9ZtYk34XgBHbCHJCaoYZ5RejhhVD,unknown
TPQXjVgjrh2k1jq7WaqJiVyAcd3EzvmwCH,upbit
TQDTwET8ahHHG3FWaiMrGnPXWRpWDjUUxB,upbit
TUa2eTuMQnBP9PrQ3qApDynQKwkB8ijHhR,unknown
TP84Pccfx1RiZw3higjqzXEBWBZbrUfKWV,unknown
TBkUfzHeGE4SbrrHSpZipcPuvQaTfqHdnQ,unknown
TJPni8oZP176C3U9tP6z97pAuanPSbEKwZ,bitsum
TWk2JnSBzWxuSxt6yKs47rLsBePT3hUNmA,unknown
TAtarjHPAuPuYekadkjJzeEafYjxPHLwMj,upbit
TK5B64BZChDBnWFgiiYoWocGTNsTUcbQbu,unknown
1NDyJtNTjmwk5xPNhjgAMu4HDHigtobu1s,unknown
TVxAcaYozLGLbNY7vkzNXUqUbDySEWFtqW,unknown
TBEV93hALRWRTvLmN7k1k3e2t2riQNCjVq,unknown
0xf386a3ad12882c549c1c0914b55ab7424091244e,unknown
0xA50433f4929BB155A3Cb08463017E915379E6720,unknown
0xF386a3AD12882c549C1c0914B55ab7424091244E,unknown
rEb8TK3gBgk5auZkwc6sHnwrGVJH8DuaLH,unknown
rEb8TK3gBgk5auZkwc6sHnwrGVJH8DuaLh,unknown
0x722276653cffdcd885fbcffb193836e5667b3f4e,unknown
raQwCVAJVqjrVm1Nj5SFRcX8i22BhdC9WA,upbit
0xd8adb8dd9d733446b8d01187432531b255d37a05,unknown
0x93C3675F23d92474fC7BE7e2337c37b131D229d9,unknown
"0x3b2c7064fc327e8574cb620e043ee81ad7a34fa7로 Jul 20, 2022 3:54 AM UTC 27.43706279ETH",unknown
0x93C3675F23d92474fC7BE7e2337c37b131D229d9,unknown
0x9C1de3D4db473c5C982869F882384f086Fe4EF07,upbit
0x57264Ec84Ad93CCF32aF32B4ade63e01b0A586Dd,bitsum
0x57264Ec84Ad93CCF32aF32B4ade63e01b0A586Dd,bitsum
0x9C1de3D4db473c5C982869F882384f086Fe4EF07,upbit
0x9C1de3D4db473c5C982869F882384f086Fe4EF07,upbit
0x57264Ec84Ad93CCF32aF32B4ade63e01b0A586Dd,bitsum
0x9C1de3D4db473c5C982869F882384f086Fe4EF07,upbit
0xf386a3ad12882c5491110914b55ab7424091244e,unknown
0xa50433f4929bb155a3cb08463017e915379e6720,unknown
bc1qmyy54p3tdusgfcynjsm9hl4n843t292c26dps2,unknown
bc1qtla9f0k9y0mzchux5pdmts0vgmk6njt5s80ywcy3ttwv8t76lkxs4xd2pf,unknown
0x09ed6209450f77c91794ec29446080636f854ffa,unknown
TFZrE9eAeRVUX93td8xhySowuNrn8Cc3iQ,unknown
TFZrE9eAeRVUX93td8xhYSowuNrn8Cc3iQ,unknown
TEdQDYVxyoxhjcGeAszPUykcBwbUqzG7UT,unknown
TEdQDYVxyoxhjcGeAszPUykcBwbUqzG7UT,unknown
TEdQDYVxyoxhjcGeAszPUykcBwbUqzG7UT,unknown
TEdQDYVxyoxhjcGeAszPUykcBwbUqzG7UT,unknown
0xDCd3257102ae5fAFC8196a6c5776F94518A46e97,unknown
0xDCd3257102ae5fAFC8196a6c5776F94518A46e97,unknown
rPFXvVo2fYXVPdV9gCHQouHsMgMhQ2aUwM,unknown
0C41470AF081C6FB7DC423C278B78522F419C2D3A3F6CD83C5EDFB4F084B07B7,unknown
bc1qvc7pn06n28znl3eyv32glurwuxgsgyxrk9zd9z,unknown
e59a5d6852c980390c58550fcb75224d4f3f5072ca8331e36072905b434ded78,unknown
bc1qa4l649fh9jtkcr0y06t9wxj5suns5spdvhdzcm,unknown
bc1qanvzwclr8a6862s9f4hqg5rq4pnkzqnxy3ld9y,unknown
TFZrE9eAeRVUX93td8xhYSowuNrn8Cc3iQ,unknown
bc1qvt6un58nhuf2zt5j63uu0d04r88hr38s6swqln,unknown
bc1qe7zxlaznss077vtyt253ldq9r8k6sx9fpkq7t6,unknown
bc1qt86vm3as4mcpn7n6q08k4gqd6gp65ecg3p57w6,unknown
bc1qsdmyh0vune4gadpsjk2g96zlhpdkq39gjkslzx,unknown
bc1qgsyrsdr7tv687qsxk6p0afhu2fy7ps4wn7ve69,unknown
17z7rPwhnZCiQvsAcVrQSqQNXv1EGpWrYJ,unknown
31tUFCWoE4La8z9oZPXSU6gr7i2s1wCktK,unknown
32J6LDD76kyuHwcRdMJ8DNZdX3Z6gctgN9,unknown
32sHfPmC6qTecjqkMnfXnXv5Qrezr6iYdm,unknown
32xnCfYTTpEnYixZcGAv83eVS7u4N1SZMy,unknown
334U3SbqU2cfRQd5yint9e3phe98zGnSXc,unknown
34ioCcwguUB8uL8isUS41uUizuDGrk8UGL,unknown
34ioCcwguUB8uL8isUS41uUizuDGrk8UGL,unknown
35h7nqdec3c1cmRe9MF3WWjdBag7zpiHNA,unknown
35qj9gfsU3UL6gyi3jPs3gXXMXXd8xoccc,unknown
369Pr2d2gw8npr9VAE6qDJGC7vC2XCvuG2,unknown
37HRZXcwAbuSSaD7tzGYt4tkzzAXcDiUNL,unknown
37MESJLY4K4mpXiCj6EuY2Ej4mTuJtUXDL,unknown
37Paqf21LkdfesDw37BngBe8GbEU6hvd3J,unknown
37wiEWG5bKC3u471yfFMXoA3jtXNTeDjZX,unknown
3P9ZieLuPh7wo4avxzzwgC7xRjyLjHtPT6,upbit
38AhkN1UVePAsr49g7WAK9QBgA8KhkfRXK,unknown
38DWN1726RZ7yei4TtR3EEZY3bKqVRd3xZ,unknown
38dnADNRunrLgMmbTEfoMQSvU1PV2cp3Bx,unknown
38edLYMiZpEtYDNE1H4AqFeMQwqZuhoHUT,unknown
38JE9Rc8fDgvg87AUx4duo9VDJd6mS1SHQ,unknown
35hTDnJRYsjLDdHqxdP4HyuTP5XBRmr4vW,unknown
39PqJJ1rtrvJzrjTpVttCM51d7Z7zvz6DU,unknown
3BaHtdyaWzQ9XGwt7jqqQdoq2Din6kX5bM,unknown
3BPANrH6m9yJyiCiuhp6szWyGFvxnd5bPk,unknown
3CtyeJXhgR7zE86Kg8VC46FRyUVi8BFt7G,unknown
3DCrMsZLSZUrvtevfKDAvHLuS6Lbnm3FE4,unknown
3D8NHLr1uMbZigz2UNnJvtCzSGhdjnQ52T,unknown
3Em3QJCfgsB7uuo7ursRTtwkVKZG2uMhQw,unknown
3FRyzJpQi1euMRg1W95oPe3KBY1Kap9X9Q,unknown
3GJMW8Kp15dDtB5xSe48NdrZPN3E9jkqPD,unknown
3HMGg3KL891RjuHxuHHD7bwYrGNDXBTGLJ,unknown
3HZZ89fw1kCJfbR7rxeF6s3qa8iPDy7WpB,unknown
3JXBE49yz4BnARnkmFnTEfGyFF3Ayz4eK3,unknown
3JWypyN7Rf8fz2x2SSrFq5U6QeUEHg8stD,unknown
3K6KEvEqvYAru1BAULQwFej3zyaBBpyftv,unknown
3KTnigEEJyEVxSfPMoXL9qATGmBk4pVSzD,unknown
3KZqbNH6XGiLq1ZwhGCwQf27GuShgFtVVr,unknown
3LqMLwphaYiGRehP8ueMvqujFJY2puVLZY,unknown
3LXAJsh1xsvxuJuWYcRMGo5JWyqUYgPf7V,unknown
3MEWJYhJtzuitfQ3jxJCMAJ7zWCqvtm4ZM,unknown
3NBPA1CW5EMKWDavGw6mbAiKqXPfNQABRU,unknown
3MT19uM594bb7W7rQ3hfi4qnJ44SGB8x2s,unknown
3NEYABiFVsZQBYidvytnbPjTodkPJRiLPu,unknown
3NdVsKv6KCEhaRXFaE6YzUGUejJmZFiEqP,unknown
bc1qh8e2c8klfqyk4uu2qyt4qx58kcn38r8sfrpmfl,unknown
3NpFB7BVXyg7PozXuVQgMey3cTxj83n5mq,unknown
3NBS9HKhHvq6e2o5xT2NazRic2osxtJH9H,unknown
3Pgdf1B6SLsFXNKiyWzUb9XJPMV2RMy311,unknown
3QXD39MuWeyZcszeEj1C4E1bsiGXHo8EPk,unknown
3QyyGxG93FwmcywmmnBhYkm66o1iV1GTxQ,unknown
bc1q4a70mswyhvuza89m4h0x0ehxjkz9p5wtpzucml,unknown
bc1qa4l649fh9jtkcr0y06t9wxj5suns5spdvhdzcm,unknown
bc1qlvk6e4g70n9hrr9v8u9062fmnxwgyhud5pzyev,unknown
bc1qk7rykp2u73umuvjkrc6jhvxvjffajm8urdaurr,unknown
bc1qnh0a5yut7gx08n5f0g7hhy05cchupu6r8wmr3m,unknown
TYtHyuv8FY4bL6cWeWgfsvRSUG579M8nYr,unknown
SP3MZ52ZTZ97V7088D1ER683A3CK8CSFFSEBSJSZ,unknown
0xc59b9d79c2d990643f8a3C64a2DCDb6ADF9E5F90,unknown
0xc59b9D79c2d990643f8a3C64a2DCDb6ADF9E5F90,unknown
0x51f7ef604c41419514e3e27233d71c4218e3245,unknown
0x51f7ef604c41419514e3e27233d71c4218e3245,unknown
x61f79cd34ebe49d990c26e66c49e8ac155a63dc7,unknown
x29cb0d20fla576938b7d82944574ad88d4275e0e,unknown
0xeceeacffb3c266b7b8d8ce20f5bf5e8225d6275b,unknown
4e00fc69bf4e27b00917cda0abe37a09a8f6425ebf2b593fb6f8d979d82759db,unknown
4e00fc69bf4e27b00917cda0abe37a09a8f6425ebf2b593fb6f8d979d82759db,unknown
3ff6d2ef1d3e7c938989200901459774df2e1ec03538270456f42d5b1b1ccc97,unknown
90479736b9211cf09ecc7a4a86c67e9ee2a32d5b8f677b4867e2994a4738b160,unknown
04eb12242913118997f49fbf4fbff6a27df50d7cb3c66953aeee67d48d848ab6,unknown
c476c815fa5ef8c01fa236ee8d0b280d1ea7f6c8582477f0666c1dc8f03193ae,unknown
b5a741c628de94e1c63ddfffbdcd9e0cbb39ecca1a8385dfc385cb8bd1aaf6a0,unknown
44184765a4ac1106b00d9890574fe3b2fcc1f3db76654c56f4a089b746b265cb,unknown
c508eef5d5c74d22e8be3c89925387ccf2efc040657044666783dc4c013cebe1,unknown
a9a79e0ee6312703e972076f6d6a09760d715041ba67762196d8fe86a4500ef3,unknown
77a05ec06fe520b3e778eb170d7cf6e7fa4a28fcecefaf1cd5ccb9e2923266fd,unknown
5dd7bc62c4409f79f1e9cebb0d33f620893d739952c5817be46937ffc84b3a10,unknown
c9ac673bc72ffa1a8b1bfa6ce3ac6f8d483501bb39fb25c2b3cae324ccbadb8a,unknown
45eeab13432fdb380bd4eb546bcdd9e18ad2924f9238eac1b7ec9a88bad76c06,unknown
228ea09a351dc2a45d5a0bb1e35f2c56ade5bf4593ff02130ee669becf10d192,unknown
dda3a9816a8410422306b826fa05d7d932cfd80b93afa03b14049068eb6b47d6,unknown
f69b38099d7ef5a011bd7ba6aa8eb32227bfc029c201f2a7d1f51a701e3d9dd8,unknown
36a66d69000ff4537098ff1e6a4edd5f29c4f7aa11e80249f6fff873cb7debe4,unknown
7d002efe68e4db0780e69474dfa6123f8947c993e435c73619375730333e3031,unknown
a2f2141884eeb6aa23133f09179d4ce665e2a443af3eb73164ffd5a330fc48df,unknown
810b6b86308fd5caf2ed096cb9ed1b4225f60d5037284f63b5d48c6e3835ce37,unknown
bdcc2b8737063818329971b358855dc0e3aab58a150e786f62eced3fe1f7a756,unknown
d0fa5cd95c5e01ef7aaad4239a7cc5654cdb8d7acc9a6623be07710eb1a78f2b,unknown
d1142b2abf7e69971c0a2eb393e88b48ee51dc7794187280b609c1bd09e72a60,unknown
9a496e57cb4c9e9fccb3658b44b043f9dc0176873e510825ea6416ef05a4c6f0,unknown
c11a56fb1bbe2a834289a9236c1329112f599923d91bf6b4e7c0efd3b42be679,unknown
5110cf7bfbb88d1c2915f33f2947ec965409f3623ca4b3004bbaf421ffd120ab,unknown
bd6f7720e26688fa97ab7028a6318b907d0d6dfd77ab87e693baed3e9c914de6,unknown
fc4e8b918ac27c29ba161ca7e7e6c4c89394bb0b8ef1cc46db94026a7353affc,unknown
b238fad9717b494f78f5e0dd5f2847330ce84a7a5f310af351995e3a09d7b0a2,unknown
0d42af79407b8c63e53fe4ff939dbb9174057fd76ec510734bb69ec20f91035c,unknown
ce5e80f20d9f1a2bee97381ad276af00057cd5e4d324356bcd8b3d07478eed95,unknown
02a36928ef24e6c7c2c76254ff2647221f4fa838508d3028b6ae54ab493cd261,unknown
f87deb5b0a4d4bfe12d7aca41288925bb92e02fa66d6c844526fb0b5f6189581,unknown
ae8430824d9c0ba47a2d0e9ea5442a5514ee9c59fa5df97f3be18c0d21203fd4,unknown
17e5caf4931fd4356eb6f8ece23d77466795bee5adcea2b6a3c5d3215c0d10df,unknown
ae8430824d9c0ba47a2d0e9ea5442a5514ee9c59fa5df97f3be18c0d21203fd4,unknown
0xD3e24dc6771A8972B65C15598a935e9f13C09396,unknown
0x91c8D7e4080bed28e26FCE1b87cACcFaF7bbF794,unknown
f69b38099d7ef5a011bd7ba6aa8eb32227bfc029c201f2a7d1f51a701e3d9dd8,unknown
0xe02a1debdc4b9d898061f6afff8b034f7fc54bba,bitsum
TDcDtrAfS3FwYiP5vo89HPSjP1KDiEt45x,unknown
TJa7aGdZ4PgLtCLevd6AtyBbz3EYY6y2BN,unknown
TFxWjiXQMCB4RSMVcuRTqToTRk1ezyXaZw,unknown
rEb8TK3gBgk5auZkwc6sHnwrGvJH8DuaLh,unknown
0x1aa30e968c624c8be318ad3fd986513a87971b3f,unknown
153eRT6JtVv3buHz8rJxPiiQcgJfFx98Sk,unknown
TGRSbg1RAascZpYpDwtqDziC6oWxndVnVV,unknown
TCf54agSzaJ89Sm5QKFqE9uH964GSSL9U8,unknown
TKvLsyw789he9mBgb2PUjjSUYyNCnNc5sY,unknown
3E84L75viQ6LyNGkWGb8NjCNRYrpfZZQVE,unknown
1Cbh2K1vBPyMVB7i3JPnM5iKgP5Defts7S,bitsum
3G3QhyE5uvp93Uhkb3yhvmTme6jrjiuceB,unknown
3Cp656cJPLZWKQnEZkFBPNwK3K13FHcM1E,unknown
19swSrpM2891R5VFGuMG7n1xNDqdpzJuvn,unknown
bc1q3ucnftgmlt7cdw33s3pmhgau89qw3el0d9mrrp,unknown
34nBZR9YCUy1gTrgZTC9avUcHTTUiFVecd,upbit
YUX7NbED8nPdS2p3dTZyxQ4q4nJrQDYFKy,unknown
0x80C50231bBEAf678a950c4b9b7C68a6b62e69B0C,unknown
0x80C50231bBEAf678a950c4b9b7C68a6b62e69B0C,unknown
3JmN1ZEaTFujtqU4swmnA4JaG4kgsXHoxZ,unknown
3JmN1ZEaTFujtqU4swmnA4JaG4kgsXHoxZ,unknown
TQH9qaKZz4m8sRToMtKP8jqXenJWnhmSAc,unknown
3JmN1ZEaTFujtqU4swmnA4JaG4kgsXHoxZ,unknown
0x280386f61f769f4223be9337cac6d2413bf5fda8,bitsum
rGDreBvnHrX1get7na3J4oowN19ny4GzFn,unknown
0x97122dDca38c29b7653D52b07998d06a7128fa0B,bitsum
0x9b310118bc6a6ced8095f1e81b1b12b39235d1c5,bitsum
0x2546564d2a6edc20EC307Ea8d74b166Ef91F79aF,bitsum
3PewgwjPFBZDRhTzt9NC8XjqNxmKj2RoCq,unknown
0xdac17f958d2ee523a2206206994597c13d831ec7,unknown
0xa22a72699174ce9da1d6d5bf839bd3db1f5401ed,unknown
bc1q02s625pkcav42mv6vxeu0x4hclw2gtzd4wlpnf,unknown
bc1q02s625pkcav42mv6vxeu0x4hclw2gtzd4wlpnf,unknown
TXjoAht5NL8zdVg966DzfNjGpEWgkvNuJ9,upbit
TT2tq6dd8gZ6NQ5VfiuDHXKoCvxqgAyQVg,unknown
TT2tq6dd8gZ6NQ5VfiuDHXKoCvxqgAyQVg,unknown
cfc87c62dd0046591d22f8389ad997beec7491a5995b4658a2616aa9aa8f503e,unknown
bc1q639khrt8w53xhg743lw8sdxnny02p9s2sln2u,unknown
0xcde408725a65ea42f02b4a0e609c9df0087691f5,unknown
347mpW4aUVCfvZeWTZQVia6nHwGWsg9qKA,unknown
0x862f5613094423d60dfe4d797c8c76571d6a5e78,unknown
0xd800cac53624d11c9117c24ed995b1c18a39993f,unknown
rxBQUCX7tWiHEtkmd1aQdLcSWUxRWFF5g,unknown
1H48rTTHV2wqR9PtqcRXRSDiHanMFB3JiD,unknown
TT2tq6dd8gZ6NQ5VfiuDHXKoCvxqgAyQVg,unknown
TT2tq6dd8gZ6NQ5VfiuDHXKoCvxqgAyQVg,unknown
TXjoAht5NL8zdVg966DzfNjGpEWgkvNuJ9,upbit
T9yD1G2rcRoHCuVyYArXCmcGdHSjLQb7Yw,unknown
rJu6rVRwq9FTW2kDoRQB2RNTtJePim81QR,unknown
0xe02a1debdc4b9d898061f6afff8b034f7fc54bba,bitsum
TB3WgFp8LNGGTK5MncEjc4F3AZi6sd5Unc,unknown
0X06450B4A193C37376F6D572168734045AFF8C848,unknown
1CgnvQRHZaCjd1diTQ8QhtWdyPrG2hosiv,unknown
TPQdBazpQnW8rmR2bKyzHFP3Ny44Bg3ijr,unknown
TQn9Y2khEsLJW1ChVWFMSMeRDow5KcbLSE,unknown
1H2Z8gKiHh3ic47S74JucDod35PtrnBPfu,unknown
0x167aDBz10099DeE0dc6268FaF4c44F3Bf15682d4,unknown
0x1b7aDBa10099DeE0dC6268FaF4c44F3Bf15682d4,unknown
TGur2XTp1mPaYSPtup6K7WvjgP2guBc1u7,unknown
f58ca768cc3efc17b3315fa88603f1c6b6ad40a7d465de957f6090e00c0c1b96,unknown
TLdUdNvt3CMHKA2uyUjZaDMhRhU9kTFJRu,unknown
0xD9966A279eD260cAF6c2bE88b5286254042FF174,unknown
0x8B8B289F1076a1770d2e6cDE44DD5593c0248b23,upbit
0x6c89543A24cbf871B7145D8330004A27b52EB45a,unknown
0x1c12d8615B57f5C6f8C515AA402a3E70441dC9F3,unknown
0xcf65e8C257588033FbF862CD6CE9b0cAd708751c,upbit
0x8B8B289F1076a1770d2e6cDE44DD5593c0248b23,upbit
0x84cc9e9e24195e1d54c7d4a905ce887f45bdf592,bitsum
bc1qgys9ghk08f7dhkydytpaewecfq3kxgvtne2vt7,unknown
bc1qm34lsc69zkqmk6ee3ewf0j77s3h,unknown
0x573136358c9a507ad565cdebd5ba4e4cfd2090a5,unknown
bc1qm34lsc65zpw79xes69zkqmk6ee3ewf0j77s3h,unknown
TRLxyiTsZxpZ1R7tE9cpSB9XietPDq89pC,unknown
0x28ef7b3e9ad68b39729df7d5d82626bc07448c28,unknown
0xf7b5c5b8ecffdc75bc0e96385fae22306c3d414b,unknown
35wFuZxWhMo4VRA9MP1ddL8JER78omVtSp,unknown
3Fy8cojqpijUdtJ1CVSSKmtt81ZYdAYjDa,upbit
0x65768f7e9448595181271a0af9a2351d383ace1a,upbit
0xe0d2a91740bc05fe1b69438264dcc7f79df8e62c,unknown
0xb65862f66edf39c39ffc2453662d9f4161829bf2,upbit
0x0023C3e11F2aa841C583976775a13623b605932e,unknown
0x03f34bE1BF910116595dB1b11E9d1B2cA5D59659,unknown
TFFWsRQdCyHevRELZ813iCVoA6d8KFymL,unknown
TLPxL6D5x7c3PGzYj6x39Li1eicbdDjfw4,unknown
3Fy8cojqpijUdtJ1CVSSKmtt81ZYdAYjDa,upbit
TGur2XTp1mPaYSPtup6K7WjgP2guBc1u7,unknown
TFwvZNN2JbJhimxkWX4BNm3ENYMep61U2n,unknown
3Fy8cojqpijUdtJ1CVSSKmtt81ZYdAYjDa,upbit
31kWevFzDrHnCWjNsVXvyEGDLsHHuEkpzd,unknown
TLeSkzeArpKC1MXygv2pdTxt1RoMXgjxZY,unknown
0xAA7b2a6F73cbDe047A7fEE3dcac0BAc5Bd85f936,unknown
TVg4uGq4PKspaojQigC3sZejqKYPWrCijt,unknown
TQ1tKTUUuoxZdzp4Vaa6eD7CVaMfhP2Jmp,upbit
TQ1tKTUUuoxZdzp4Vaa6eD7CVaMfhP2Jmp,upbit
3DGxAYYUA61WrrdbBac8Ra9eA9peAQwTJF,unknown
1LAPYRKVY8vYVSYBmoYX1qy5nfzuKfDt3Y,unknown
TVg4uGq4PKspaojQigC3sZejqKYPWrCijt,unknown
1LAPYRKVY8vYVSTBmoYX1qy5nfzuKfDt3Y,unknown
1Lb19mtgHZQ3Xy6jHrJU1CXWyTsREM24xu,unknown
1LAPYRKVY8vYVSTBmoYX1qy5nfzuKfDt3Y,unknown
TUs9ayjqjuKHbN25Ev79AVeS9FweMT7MZ4,unknown
TUs9ayjqjuKHbN25Ev79AVeS9FweMT7MZ4,unknown
0xd74bef7ad25c9ca6fa6d0077a9b88d268cc3129b,unknown
TVtTFw3r7Sk5dc1Y1zH8LDn4W64VyiofhK (TRC20),unknown
TUtGxoiEg35EsvHqN6db8Tnh4a7Cv9k23p (TRC20),unknown
TLUHpsENwVN4LsQKpDZEKsSFUQRyraTTGM,unknown
0xc60439BC1a5c5aEB30114Cad1F497bb392eB8488,unknown
TBZqUR8Be92jAZjg8dJqA4ybR9Gxi2UkJX,unknown
TBZqUR8Be92jAZjg8dJqA4ybR9Gxi2UkJX,unknown
TJCZJZP7raSjVFPMik7Att8orUWCsixURV,unknown
TR7NHqjeKQxGTCi8q8ZY4pL8otSzgjLj6t,unknown
TBZqUR8Be92jAZjg8dJqA4ybR9Gxi2UkJX,unknown
TJCZJZP7raSjVFPMik7Att8orUWCsixURV,unknown
0x11111254369792b2Ca5d084aB5eEA397cA8fa48B,unknown
0xc70e51cddafc8efe602052e8fd990b2f1b6a2b99,unknown
0xfcb1a1850cf08b7e3738d81528cd1b72d3b24376,unknown
0x2f80034efeaf9dbfda6f0f9b3dc41cc5f6ae828d,unknown
0xc1cd6702480632349d6e9da4c3d4a13e1a65b972,unknown
0xc1cd6702480632349d6e9da4c3d4a13e1a65b972,unknown
rGDreBvnHrX1get7na3J4oowN19ny4GzFn?dt=389480417,unknown
TJXXE61E1axXeSEW3dbEWKsRYRpTkRVc4C,unknown
bitgeteosdep?dt=560608367,unknown
56E24618B5A39DE4D8Bd5076875107217C4B735283DE7F409D239FD77FF7C04C,unknown
ae4c85586c88790cef5a1354a73c8df18cff33385cb263b236f2f9eaa53dbc8c,unknown
13ahySUscfRRRPcz7ghM3KZFXC9dj1MZjy,unknown
14dbbd44643dbe825114a29c11bbe857e679664e87f8f24e797f516807cfa3ce,unknown
13ahy SUsc fRRR Pcz7 ghM3 KZFX C9dj 1MZjy,unknown
90f3631202540c84693b9816ef246b1f6b28e5e3d53360ada1a896a896a8f3e7eeee,unknown
bc1qw3vljdjyss4sjmtujcau7zx6fxxh2uf0qx63c5,unknown
bc1qw3vljdjyss4sjmtujcau7zx6fxxh2uf0qx63c5,unknown
bc1q384vntxsn99m78cmw6zx7w8d93tp2r94ec74dr,unknown
bc1qf7xdk96ygrsekhdv8av45pcjuxp8hn8d0adxj4,unknown
bc1q5j36k4rjm6dwlrp6crhk8lvde7hg2guyy3kgst,unknown
bc1qt0fud908umhwzwnusm22fehmu5jtzc3w52y28u,unknown
bc1q59e2lwf8ql3p5v9dd722g2uf3s9ee54kj8wshs,unknown
TFrRVZoHty7scd2a1q6BDxPU5fyquB4iR,unknown
0x95afAB0FCEA04ff4D8c5AD5c955612614d84172E,unknown
0x4aB414a8dcC851d069393768AE621A1E7307F114,bitsum
TFrRVZFoHty7scd2a1q6BDxPU5fyqiB4iR,unknown
TM1QevE7KNEhsxucS9KqN7z1AwPHgW79xc,unknown
TFrRVZFoHty7scd2a1q6BDxPU5fyqiB4iR,unknown
0xf386a3ad12882c549c1c0914b55ab7424091244e,unknown
1JremgpsQfpd3YKBnyopb2CZCGDEHCvZkk,unknown
bc1qe7j8q2kpenepxtgsl39umxkugmq8t6677nl,unknown
bc1qe7j8q2kpenepxtgsl39umxkugmq8t6677nlxwr,unknown
bc1qe7j8q2kpenepxtgs139umxkugmq8t6677n1xwr,unknown
1JremgpsQfpd3YKBnyopb2CZCGdEHCvZkk,unknown
8bfa1539e56e1a41acbb40c6f2f7a41f7e6f61a1d4fc0829fdf12dd4a61202a,unknown
bc1qamscjflt0rkj80qd82m0hr5v8yz6xemvdea83n,unknown
rEb8TK3gBgk5auZkwc6sHnwrGVJH8DuaLh,unknown
0x3957bad2e760dd7503cfe7b82cd5c280b60fa50da3f27d64b1bea1875485f781,unknown
3Jq43pvcHDnAHh4u7EwmSW4Sg4oFhc7eZa,unknown
0xD71C0341414d47F15382d286Eb39FE938B94c3AA,unknown
0xf28D150A22740fa6DBF96A352E27778F5919c4fF,unknown
rBWpYJhuJWBPAkzJ4kQqHShSkkF3rgeD_927254454,unknown
rBWpYJhuJWBPAkzJ4kYQqHShSkkF3rgeD_927254454,unknown
rBWpYJhuJWBPAkzJ4kYQqHShSkkF3rgeD,unknown
0x225790bA79F4A84eFFf99a31dCdE0DF0eF89b2f0,unknown
rHRnTCWkhnR2SFozrz6eeC97Um4jrGyNLC,unknown
0xd7c2b5128ca079ab5994d326cd3f113876554be9,unknown
0x22eAa1143D6A009c33990ad3D0c3947BB1308b0c,unknown
0xd7c2b5128ca079ab5994d326cd3f113876554be9,unknown
0xb59b70fc2ab6c7cd66e62f59c3d8f3ffadf9c1a7,unknown
0xdb732700b6806c178f5f495da4f8858f8c81a424,unknown
0xa6e202f085f2f83ffe4c09df8ba0a8fd5e8bdb97,bitsum
0x0f0cd466773c61cd53b9c2bc83108a443399c433,bitsum
0x0398578505df3086915d260e0118835b4aa7d275,unknown
0xc0a10aa71a39ab9dd51f9974890e2c980f1ff8ef,unknown
0xC0a10aA71a39Ab9Dd51f9974890e2C980f1FF8eF,unknown
0x7842d3467dab3ec6878d42191eae505333d0f15e,unknown
0x253b834962a7d344faadec1baaf32ca0e34ef2bb,unknown
0xa6e202f085f2f83ffe4c09df8ba0a8fd5e8bdb97,bitsum
0x6bb632551517F8bCA01B3CA8B581FC8887A629,unknown
0x74b5aadf57fc7ed8495308e518f0a7f3c063582e,unknown
0x84cc9e9e24195e1d54c7d4a905ce887f45bdf592,bitsum
0x8438711570193fc4290ddd310897b75fef00c13c,unknown
0x09a2864874045a56496944546244b2bc914873e9,bitsum
1AJZYQr1cUwtovBVcRw5c9GbgEDZSjj73w,unknown
bc1qwurdr0jpzvfc2rcuqgcdv2jypjuqqdc6ptqhsr,unknown
0xd511a796c1919666eaf8604ccae591beda22681b,bitsum
0x29fcdfc30f200d1cdd2f8cc91c46dbef39b9d19f,unknown
0x618cc6f93452e58655b09086be68449a2cd3ecd8,bitsum
0xf7dc1af50efd1c3be990fb7eb944f24ff5db70c1,unknown
0xebc1e2fba046de9bcf8d3a9ec0f94dc86bd0cf87,unknown
990f9adb15a6c83269c9adaafe0ea0ff782350b1dc1c5f5e8ec5783d5da6b2bd,unknown
3BHJfvJzc1agkDLJ2fGxMADKWphWN7Zn9h,upbit
3DKYLUnyDrRReDdJ4NswHmEftPoxM97G76,unknown
TFWBoNcYYGsXuKeNFBkiFwTkFCixuMEU5L,unknown
0x02CDEe471c37ec1d353cEDD4B38327903f24DC4F,unknown
THhsYVxZeTKyegTq8izio2k75N7WjTsEeR,unknown
80fdfd2983a20dc361cfa6856dd5846c697b9743134258b34d18fb83ef43e9c9,unknown
THhsYVxZeTKyegTq8izio2k75N7WjTsEeR,unknown
TBH4GnbyGm3LvM79K9SJqhUs5RX2RyzqPf,unknown
TVcwfzgHJresirxnpoGrLtyzu5YNLfoHql,unknown
0x86d2660297c82ac656715e00c979fb5ca65eecc5,unknown
TVcwfzgHJresirxnpoGrLtyzu5YNLfoHqL,unknown
bc1qdl7cesrxdkvgcv82x2ke4z6sr6gkpc9yvksqr8,unknown
0xeb452bb66c3e24265cdc1ab07684b507ef1b965e,unknown
0x61d20474ee23c93f52290dbf14116e0ca6283eba,unknown
0x6ff30b2f5524cdd9198791be564f1bbd92c11a312,unknown
0x6DD97f636823BD4F095bebE77b665A312a0840Ff,unknown
0x6F5c9a7e9295c98CE1312Fb0F792ea550b33700D,upbit
0xC59bf665B1B3CD958F3685E9CC6dd66b67d4f05c,unknown
0xd1258a068ee36e399159a45aab41217ff6bbcc69,unknown
0xe0d2a91740bc05fe1b69438264dcc7f79df8e62c,unknown
0x881d40237659c251811cec9c364ef91dc08d300c,unknown
0xe0d2a91740bc05fe1b69438264dcc7f79df8e62c,unknown
15dDzr1QDLPwCMVuUARWwcCUGJivViiUBS,unknown
0x0051ad16b56cdfece305b1cf482005651fd76de6,unknown
rP8VvqTDeMtC7Vmp85CVvqJ5BH1QF3yvj3,unknown
TDBBAreHDZbZWFpBfFQ7I39eZs4v12Yug2,unknown
TDBBAreHDZbZWFpBfFQ7l39eZs4v12Yug2,unknown
TDBBAreHDZbZWFpBfFQ7i39eZs4v12Yug2,unknown
TDBBAreHDZbZWFpBfFQ7l39eZs4v12Yug2,unknown
TDBBAreHDZbZWFpBfFQ7l39eZs4v12Yug2,unknown
TDBBAreHDZbZWFpBfFQ7i39eZs4v12Yug2,unknown
0x4563ca9c28482d2ed261b5bcfbd3e5432fb00e8c,unknown
TV6MuMXfmLbBqPZvBHdwFsDnQeVfnmiuSi,unknown
0xc3528Fd3DF0C377447cC4cdF0fe9f166dB0057B7,unknown
0x121EDa54aF89E30F12ddCf4099CE04A65093c81F,unknown
0xc3528Fd3DF0C377447cC4cdF0fe9f166dB0057B7,unknown
bc1qp76z6ky4d9hts2x3y6nrqnmyhwevrt9z7jrk7v,unknown
1MadVhCNSJWL5Jqn196x6ZsmSdtuh4FDN4,unknown
37oEMpaoAed6PQhntRtJqfoGKoUqcoXXpA,upbit
0x6487A7fbcFD0a09BbE542D2167f9515887b4ab3,unknown
0x6487A7fbcFD0a094BbE542D2167f9515887b4ab3,unknown
0x6487A7fbcFD0a094BbE542D2167f9515887b4ab3,unknown
0x6fBF1b6A681307f86c2d212f0f6Ad72621309eF1,unknown
0x5C69bEe701ef814a2B6a3EDD4B1652CB9cc5aA6f,unknown
TSLzWFswhSi82qyQhmSzt5vvWiK8gzJQj,unknown
1JuCzTSKFAJW8JRvsUY3asg4xzFwFAJJLQ,unknown
SPX8T06E8FJQ33CX8YVR9CC6D9DSTF6JE0Y8R7DS,unknown
0x335b9c4b6a7136564372f4cca4adfda836196d3ba039b2d3b25c7e252d830caf,unknown
SP15ZEDV9HKJ33E0QZNCHCXMJD0KAQHDZ633V1JVY,unknown
3CmGYdhrKALo29WeCqDvQXKEs5MfPjB2Vu,coinone
0x3d7b77754e78037a6e07acfb215fccedceda934d,unknown
0x3d7b77754e78037a6e07acfb215fccedceda934d,unknown
Terra1lnckktg9f89dqk6pfefvsd7gd3n32qkm3z6xs7,unknown
0x2a3715d9b3390e36617bc86f499e1e52d0f72558,unknown
Ox2a3715d9b339Oe36617bc86f499e1ee52d0f72558,unknown
3GDgbaYyoKyY1qc369FhoiqxRCBi9aaHNM,unknown
0xfE43abBFA5d5f7Ee7947715617c2ca2C6D4AA59F,unknown
TUwcB8JSYiVYumdLprmsAiNvecvNFEeKit,unknown
0x2a3715d9b3390e36617bc86f499e1e52d0f72558,unknown
Ox2a3715d9b3390e36617bc86f499e1e52d0f72558,unknown
Ox2a3715d9b339Oe36617bc86f499e1e52d0f72558,unknown
0x9220d3216e7D8fC215Dcbe2394e4ED27E48024Ff,unknown
0x2a3715d9b3390e36617bc86f499e1e52d0f72558,unknown
0x881D40237659C251811CEC9c364ef91dC08D300C,unknown
0xd2670893a2d332483076326393e3F5a46FF90FD9,unknown
0xa4d3e341850CD07fB4F84C4de78C5cDD50864341,unknown
TB3WgFp8LNGGTK5MncEjc4F3AZi6sd5Unc,unknown
0x162F99efd6F74DB437Cf3E926bAA5BF7A7Dd7dF,unknown
0x162F99efd6F74DB437Cf3E9262bAA5BF7A7Dd7dF,unknown
0x7881bccdc44a64327ee029ec1edd14e0ea3b020f,unknown
0x555e676CFf73B60217801c65145cf4230AD5f064,unknown
0xc3e6B17E45b47Abf294D859C3A1fe8742D74a606,unknown
0x0ed97936b0ae0f01cd774bbc0179dc9058b7680f,unknown
0xdac17f958d2ee523a2206206994597c13d831ec7,unknown
0x28421ad9ac5bcb1ca404ceeef9010198ba82acf6,upbit
0x5041ed759dd4afc3a72b8192c143f72f4724081a,unknown
0x7881bccdc44a64327ee029ec1edd14e0ea6b252f,upbit
THQ9qaKZz4m8sRToMtKP8jqXenJWnhmSAo,unknown
THQ9qaKZz4m8sRToMtKP8jqXenJWnhmSAo,unknown
TWwEE5Pf1uzYDNEbXsMkKhZcqX4mcKwTMo,unknown
TBS622LZXdcEAh1gL93nt1UEhn4YJwobsM,unknown
0x0f0cd466773c61cd53b9c2bc83108a443399c433,bitsum
0xc11f00303b2860aa5305dbef91b0c737547e1600,unknown
0x429a4db00cc5ceb21ce0f773be20dad3f716228a,unknown
0x3d940fd4731204af529b64cfcc06fc27f1dd761d,unknown
1jbTfZHG41Cekjr6a4AC8um9d3CLXMDM9,unknown
16sx2pHZ5cELqZVyFHZhhcnk4qxXPys4fC,unknown
1DYUBC1GjTTA31fqRTQdtJAZRetE2oFm3M,unknown
bc1q79p544kgqks3eyzk85e30z0e5s8qjmjajqxlpk,unknown
bc1qm56gxlqafw8etgh9ese7tr8gyatvaa9mypk79n,unknown
bc1q2c35t7z4xslggt0wa6tkaf29n7ua34rsafj9vu,unknown
1QKtFyQvJYm1r3aA7G9KDUD7BL7phbSLMc,unknown
1NqHJzPydAuvNKPkf8W9izUNGNfj7V1ZsU,unknown
3E84L75viQ6LyNGkWGb8NjCNRYrpfZZQVE,unknown
0xba5e037310cfd0c848f8353727683bcc76fb1140,unknown
0xd6da77cab423b55d4acf1949ae237966c923cb3c,unknown
0xe8d5C8019f20113CC7dC290fd6607ef7E6539C8F,unknown
0x0180B3596A450E5d8064c780430d76F8a70Cdc96,unknown
0x5Ace710Bb514846179eae5A0d3B8007Ece3DdEf1,unknown
0x28C6c06298d514Db089934071355E5743bf21d60,unknown
THTGTV1KSAjSsaD44JwiBuPsvPkhic8XKa,unknown
0xe6a421f24d330967a3af2f4cdb5c34067e7e4d75,unknown
0x849f28D061533F05A140833404178A135261C463,unknown
1128Ev6iMRQ25SuGAnrekSqbW8aQpX5PZQ,unknown
0xe6a421f24d330967a3Af2F4cDB5c34067E7e4d75,unknown
0xE9E23997D3030e2277504E9f5ca202f24b3A79C7,unknown
bc1q9wgxfm80g90ta93ttnsrna9fjafwtvm8c08njf,unknown
bc1q9wgxfm80g90ta93ttnsrna9fjafwtvm8c08njf,unknown
WmdmUIZEcFNmVXg2WjNvVEo3MHNFRUtZZUF2RnZyd3Z6ZFFsMHlwTUp1UT0,unknown
bc1qyghppknge66s8frea49ermzxdldlvqj3us9uew,unknown
TWwEE5PfluzYDNEbXsMkKhZcqX4mcKwTMo,unknown
0x73a3fF9801770260850a04b76129c56DF7400E34,unknown
TDYbWhvSakaowVxUYqCJzLWFY474Wwurrk,unknown
112PkiKj9FiNsYFMQEfccem3XeAWwTHzi8,unknown
1EuJ4pJrmNt2TWbsb84VdJx929jgRWTR53,unknown
1F56gmcgarHCpxPhTyBemAJZg3g6A6UyX7,unknown
16dACXhnuk5m3RV8cuascksN7igLmdMLqc,unknown
1Mtj5hn1ueswv42x56pSLHC3289ppUrcyG,unknown
bc1qfq97ge6yy9rc40g6jq52y4xmzg3cedm5tpyanr,unknown
bc1q9vsj0m9eun3rfdfdu9zs9fvsq847j69e9r7kgd,unknown
18tnL3GywCxkdL9gPyU6i6p3xZRpSLWXYA,unknown
39RwhNwHjPkMqmMr7LLjmQkh6E1zTcN965,unknown
bc1q8adkzf2susy769dppxe8htl6dzkwnpvywyll4d,unknown
bc1q38m2z08sxy5jjw0zqartkkgtn63wlqcafu6l5e,unknown
TWwEE5Pf1uzYDNEbXsMkKhZcqX4mcKwTMo,unknown
0x3052cD6BF951449A984fe4B5a38B46AEF9455c8E,bitsum
bc1q6yzyy39zhe28zvea3y20l53uz286c8wrsexm65,unknown
0x3052cD6BF951449A984fe4B5a38B46AEF9455c8E,bitsum
dfb5dfca89520a82b82c8b877aafb86adf3908951a5f87118bc2288e72229c8a,unknown
47632ce6f7db0c5b7d304559d32810aa13870402945924bb29f037c6814e02d1,unknown
9ea6a693a55504cd8649850a56841a951dc879004eff672a9543e2d7bd2ae15d,unknown
2335fd4482ebf009f9e81b829fe6d2aaaae5459047d8000941a7bf3c9cfb22de,unknown
d4710d00a43b3da39adc00743ad14fad3e250a348d7c1a9381e0e176f379bcec,unknown
0x357d567960a13b8cafa45a83a5130d2ab1ed309441ab551a46289b2722a74443,unknown
0xc8b3347dbe237e965094d66bc1b136ffe277d586ded561d014627ebd614709fd,unknown
bc1q75fat2aeakz5c2acw6nyatfk30c4ky25nllg4l,unknown
bc1q6e7tztk84m32xuv64×2mfy6m953aq6r6375yy,unknown
rK2q8P8hRFguxxMoT8Ckn2Q2YyQDiRD6jf,unknown
0x671Aa22812255374d949C96D79650588002A9580,unknown
TXWkZhMDuzMfYh97q8SmiHZvJLfQjgX1QN,unknown
TWP9UBd7ZWihfn26VRWQf8PCYiVDYzXNHS,unknown
bc1q6yzyy39zhe28zvea3y20l53uz286c8wrsexm65,unknown
TRLxyiTsZxpZ1R7tE9cpSB9XietPDq89pC,unknown
TNPwTTnA4vo52o7dHgU1xjuP5Tg95PXLzZ,unknown
THr8QP1kgJLvtTys9TcsSoVhCEfLSVLJk9,unknown
TRapqgTmpSSihpGVgyZEkkkwB4c3Kq4YQh,unknown
TPKRyar1892nH6kuiUFGKiSzFfJmmbyJhc,unknown
TXxHfRLgAVx4yqWGZXgKrcVt5GVFAiVdQ9,unknown
bc1qla7pyl8crgdv4jfep5jx6szg26lja4s6hgwjyh,unknown
THaaxEL3fpZUvwPKKPes6XANqYooLDhhxc,unknown
TFrRVZFoHty7scd2a1q6BDxPU5fyqiB4iR,unknown
0x8A7E7a63b401293c4Be78769750,unknown
0x429a4db00cc5ceb21ce0f773be20dad3f716228a,unknown
86b692831aff76b6d6eff1d1c5d35a9a06f6ea339adf16e7d2354b08de443862,unknown
TXsc44vYtxPKPjrQBiiNRKBDZTgwdfkKtq,unknown
TQLzm7hDchGr5ArFbbMZB7m5n7tX6X4XZF,unknown
TAUF4xYDCCC3nM4bkqGiEqzbXrTYYjLtZW,unknown
0xe640937906de50C1d892dBdeb3c9EC2f7e73163D,unknown
bc1qwurdr0jpzvfc2rcuqgcdv2jypjuqqdc6ptqhsr,unknown
3F73FVENGiyjGH3cKyDVGjCpcg3yXXGtEQ,unknown
0x62baEA532AC1982ffc88b2C99b1d17E79672ebf1,unknown
3Lwf46eEihwnCX9jcSn3ZCQgCBtX4dcZ1s,unknown
0xFA6AFc876393D3b34Dbd4b16Bd498f95Bf7d0fF5,unknown
0xfa6afc876393d3b34dbd4b16bd498f95bf7d0ff5,unknown
0xf41407a0bf94b1768e9fe9b9d2357e0fdd504416,unknown
0x96e6d4e67d36408c12c86655108e4b2eba52fd17,bitsum
TQ9zZn3fUyXzj2XduV7Ugb3Fru2GNudze1,unknown
TB3WgFp8LNGGTK5MncEjc4F3AZi6sd5Unc,unknown
0x536aCFECf252a056f3C0c30118Ca44400Ae973fC,unknown
0x44DB46D5D2588b9144348Cec90fa6D3628a0f3c1,unknown
3Fy8cojqpijUdtJ1CVSSKmtt81ZYdAYjDa,upbit
TBWdLmGbr3SeEbrvCQV6Y2xV2cH7mjyvrW,unknown
TBWdLmGbr3SeEbrvCQV6Y2xV2cH7mjyvrW,unknown
LXq8MK1d81dg12tppDzCjts2SrbCQ8ygvkLXq8MK1d81dg12tppDzCjts2SrbCQ8ygvk,unknown
TQAdNkA1yMLQBzYLvvrCznP5qZoyq1shg4,unknown
31h28FUD6ieJSBKkw6DHg5aY6zVHfkB5qN,upbit
r4pZEBi9Kcbx4TTyBrwPeszj1pLy3uPJYr,upbit
rEiXRGPuvgULiD12pfZ6iiRjovNADNGAnd,upbit
rnqAq9dGZxDCbxDSmP9TFP4oFo2TAVwehM,upbit
bc1qeenjsuug8t4kgnly46y0vf2ux35g43av925tzp,unknown
0x2A1E1FcDcD6850434aD417E83692d5B325D0F224,unknown
LP4uMaeCQuxpo1bjRToVcrWwt3jw1FJiWU,unknown
3BRzc2ZYYWbgqjmYwVnJswSHQa1rxNZMoH,unknown
TFwvZNN2JbJhimxkWX4BNm3ENYMep61U2n,unknown
1Pc4ZEfJxwG3oanzWDMiX3pq7UodKvC9R8,unknown
19ZeCE3eXEg6wm3rrNcHybsuptVX1zrqEE,unknown
bc1qdwrr09zm6qenwg70alwsqceq54pa88wmu5qgtm,unknown
bc1q47lh5nntnkvr0uem68dps7wxxx3fldepkgm0m6,unknown
bc1qlfx9hgwlvxufdqfd3qk5mg9a404gdjs6xcwlwx,unknown
bc1qtnus6wx00fak9n8sss0ewmatz0vhll0hlckzq7,unknown
0x454ca7eB802b2F252A90052b87d07B52e6bb7F1f,unknown
14jwhmjtanwqgw62jtwhcthmhatrbzyikz,unknown
14JwHmjTanwQgW62jtwHctHmhatRbZYiKZ,unknown
3AewjebgnwZgNSVKvgkz18f9VvxjLA6mLV,unknown
14JwHmjTanwQgW62jtwHctHmhatRbZYiKZ,unknown
TNdVknxY2i7tqxmHZWyAc4N5DZ5W685DfC,unknown
TMH3CbywZaKighFJpTsNB6sjCCscoCDodx,unknown
1LVfsUCpz1P4wZXzYFnxdgU7dsBJVRJJX2,unknown
bc1qqjn5rtjwe7rgax4whqc7rgkdvcv9h2dwwzqss9,unknown
bc1qqjn5rtjwe7ragx4whqc7rgkdvcv9h2dwwzqss9,unknown
bc1qwmvhgnv27k2rn6td0tqtmgu6gsujtsp9cal37u,unknown
bc1qts2s73a9z0pahlgapy0df73w7ej78c6pfj0970,unknown
35BAqJWr8rfk4bkDWF6aa6Mb16Jse9VwsC,unknown
19pCb1VS92dtyyq46iK2TQ8qspgLaFQu2R,unknown
TZ2tNwwBVQSzfVQ4gkBmbJWHoRKGLaagcG,unknown
TT37hb3mPCqvHFTFG1KBmr51Bjg6phRkCE,unknown
TQ1tKTUUuoxZdzp4Vaa6eD7CVaMfhP2Jmp,upbit
TQ1tKTUUuoxZdzp4Vaa6eD7CVaMfhP2Jmp,upbit
3Md4GFYDajvYRhzKKyToAwrQR6jQuBRRfM,unknown
3435UdPM9YvQr3MSG3AmpZXCtFY7ic9sU2,unknown
0x08126c614a5dec65439c366aabf669071225adc1,unknown
0x8b8b289f1076a1770d2e6cde44dd5593c0248b23,upbit
0x25e7099cd9738919c00433cecc23bf225d2533cd,unknown
0xfea0f6e616af30b24d6a891ef7ea9fe4f6a7841a,unknown
0x25e7099cd9738919c00433cecc23bf225d2533cd,unknown
0x396a4186a285ca8546578f42e8e90bab9ecc0dfe,unknown
0xe3a5996985d383c53d3549a7fc73139cab0e14c7,unknown
0xec085ade2aada7f7fd5090dbb33f3c58b1a566d1,unknown
0x3c5883c650d600bd543a9b5c8d9a3a6f5d16b8f4,unknown
0x536aCFECf252a056f3C0C30118Ca44400Ae973,unknown
WJ7BrzgfHLwzyW4TJfizieLFSM82yhmr,unknown
0x813eeb6724e1F3fec40dc98bD01e5a5756,unknown
0xd73409d71388a36cbe77d5e17c87cdd30536de6c,unknown
0xc51e7428e876c7f0b7f0f6863ca8835dde6a0f1b,unknown
bnb13q87ekxvvte78t2q7z05lzfethnlht5agfh4ur,unknown
0xe78074064e88baa40fd11e257b6d289ff4bec99f,unknown
terra14l46jrdgdhaw4cejukx50ndp0hss95ekt2kfmw,unknown
bc1qmq4gl9g8c2qhkmjtnrmchnlav2t44klcp2vsat,unknown
0xB4F6C6F8243D3D3c57A8e9f1B08f1f21ECFb53bC,unknown
0xaF49Be344E8d8754072095A832873868e470849f,unknown
0xc87bfe2eCFDd6E4420004be99A9c9689dcD178b7,unknown
0xd74bef7ad25c9ca6fa6d0077a9b88d268cc3129b,unknown
bc1qwysej6g8lc56kcvm7mkkthjhg0tmjfzed7yhp2,unknown
TAnQC1EvueTBoozTVsinxHoe8paG6m2FDx,unknown
TAnQC1EvueTBoozTVsinxHoe8paG6m2FDx,unknown
16dCr4YJXShk73Xk6XbjRpp7v91oe2ugtj,unknown
TE5XpCgyZZ1ArQgXzmwMnU8CatE1RBWim8,unknown
TDWx4vQ66TsmPaKGWFhMnAKYQEUY3bmxjy,unknown
0xfE43abBFA5d5f7Ee7947715617c2ca2C6D4AA59F,unknown
0xe872723Cd3B5AA5b488948401F493e1baE2162c5,unknown
0xe872723Cd3B5AA5b488948401F493e1baE2162c5,unknown
0xb6DFb8c4f2034e2789c89c845d57d879261AFB5B,unknown
0x3F952186C1fE26369e72C53391800512e7f323a4,unknown
3KRfQbSb5iZiMijwbrbaNT6Afr4PnTwRJS,unknown
3KRfQbSb5iZiMifwbrbaNT6Afr4PnTwRJS,upbit
3Gfok5naNV9sQiH9GoJSj8yKhgZjaSnCUs,unknown
3KRfQbSb5iZiMifwbrbaNT6Afr4PnTwRJS,upbit
3Gfok5naNV9sQiH9GoJSj8ykhgZjASnCUs,unknown
1796AAfJfharbn3id1kQnZw4oqvYuhEFhj,unknown
0xaa117b1f620f596b7c1ddd91eaa9c672fd11be5f1f4064a1cd6847f141da0574,unknown
0x3ecef08d0e2dad803847e052249bb4f8bff2d5bb,unknown
0x132ee9ab162f1794c3b4dc37cc4bbfa96f75008b,unknown
TDMpxwmKMySscGmPu3ru8aT4k2sbUmJR2W,unknown
0xf84A67555024B4c94e71dBe7d5ED137374375EC9,unknown
0x3d6202061afbaf8c0faeea1a887df4304d1fdd99,unknown
0x5074527a7E5aefC64aE27a3724dE17FBBdE67308,unknown
0x959fd7ef9089b7142b6b908dc3a8af7aa8ff0fa1,unknown
0xba3A92453790EAc1367D82D157A4DCbe6e47bc5f,unknown
0x5074527a7E5aefC64aE27a3724dE17FBBdE67308,unknown
0x959fd7ef9089b7142b6b908dc3a8af7aa8ff0fa1,unknown
http://boosteercoin.io,unknown
http://boostercoin.io,unknown
0xe2b402a0651d83473b2736cd6adced1f7075c4d4,unknown
0x4f2ed39a371b24d46612ec24573e7f010e9e73d3,unknown
0xc540e3b9cf2a28bc83778c536129a806bb0752cc,unknown
0xc540e3b9cf2a28bc83778c536129a806bb0752cc,unknown
0xc540e3b9cf2a28bc83778c536129a806bb0752cc,unknown
32NL26u9kJiB3zZgufCM87iSeXfuykDEmq,unknown
www.k-coinmarketcap.com,unknown
0x20b6Eb4cB64d4d159d7A7d01cFafEF9ad4Eecc8C,upbit
0xeb8Eb32BdAfF1E27321a1f8BB26fdE319002c21d,upbit
0x1bB8ddEDabD15F4B00D021c34Dc9a6D71D367e7E,unknown
0xe14443cccbd0211464F034018C5ed49E3E240b41,unknown
3KRfQbSb5iZiMifwbrbaNT6Afr4PnTwRJS,upbit
3Gfok5naNV9sQiH9GoJSj8yKhgZjASnCUs,coinone
3LQy1gWJqAms1a17se57itCp6nW8Kh1eAF,upbit
1Ei88GouNdkLJyQjpszgMWZpFBcD1HC4nk,unknown
TEM3o2paLkQoH9gwjW85yUvRqnJwUHASkM,unknown
ae4bcd0a975c0a00c58e67056ce7f39e2566d73590b044fa1802dee97681fe04,unknown
bb7907341facd0e5e00c1371fe50b73ad094e0bc6e45c7e5e252e5d8b6b7aea6,unknown
6127932983584aa96ed043aecd1ceeefaa154c2ed6c864c11bc2e2333a3c3912,unknown
1Ks37YrvZChR2EhweiqEdcWZKFWYsjC4XD,unknown
ae4bcd0a975c0a00c58e67056ce7f39e2566d73590b044fa1802dee97681fe04,unknown
bb7907341facd0e5e00c1371fe50b73ad094e0bc6e45c7e5e252e5d8b6b7aea6,unknown
6127932983584aa96ed043aecd1ceeefaa154c2ed6c864c11bc2e2333a3c3912,unknown
bc1q9z6dte5scxx0326rnl3qlzk42tssdqw0289ddp,unknown
bc1qzkl56uhc9p2qunupyyhhgkrr6sqpqlayd2948f,unknown
bc1q6syhnvcdtjnt8eyazs5sgahs4k8gsmu68khtlq,unknown
bc1qcw7yg0wmnkuqyl73jufz3keyy5gsrywt0etstc,unknown
bc1qd2y76ak4q0nz4a9zn72667lt0yd3t6car8tc8u,unknown
bc1q293mrerf8axueqtj9cga8ycazd94rqt773hrvn,unknown
rBFcc5DWVMJZ12Paflu7cBXgM68XJkwFNp,unknown
rBFcc5DWVMJZ12Pafiu7cBXgM68XJkwFNp,unknown
bc1q45xhfcjef9e3u6jkflec5hq0xdppt8y39mgx07,unknown
1H8ZhD6rnv2KCgHvXGEPpdj36PDjTrJexS,unknown
3NkugvfNZBBKznEdJdDL4z2b3BgapCzJ9J,upbit
1BRnTeoTZgPp7naffR3yADPa5hL2QE1YeF,unknown
TX9EVG5ADtiJhre5mVWfgspY5dWvfxa5Mn,unknown
FFF5CFCCC8F1346390EDF2FF6AF652523E4F2E6409A3E9894004B30677C48CE,unknown
0x6294FBE69228FC07c859E6Ae466F378ae1BBaaF1,unknown
bc1qpkpe34zfwr5ts8ms4yklxtvvxggxe69979mfcu,unknown
0x0426858446eE2A1D9D26C32CD24f4F9C54d174AC,unknown
0x32e58a443ad9add7cfda3d3ea87788483efc9e3b,unknown
0x82362ec182db3cf7829014bc61e9be8a2e82868a,unknown
0xc8bf08329fe660648f07ad1a3097ebaeaaf7ad0e,unknown
0x3dd547b5abe3f041045d362542c6af5bf438569a,unknown
0xcdcf266d0c2ef3070d2d1db5d7d01077d27744f2,unknown
bc1qvs6j6xata22s2l59xn2gftjm029usgtzef4jtv,unknown
3NacyCqsy1XEV1Vyi456RGiPQ88137kZZW,upbit
3AVCs5ykJDx4oCmGKqxP9wPGBfGkhn7mhX,upbit
bc1q5h4vers7q58u0hc4yzwgx3w2vlq4p6knh9mum6,unknown
0x72661591f563e596e0dAF20853b24f6a549444e5,unknown
0xf290e14F817bF8e86845059341da6059a204bE99,unknown
0xb475bb5920b6366dd252c4c14ec2a685a7c42ea7,unknown
0x484342bcf3a4e1b1139b9b6fc502d2a88871398f,unknown
0x18bd68cde20c1cecca687d14b88c9473e74e1fd4,unknown
fbc1qpm36t2py4hdfxlxtmlem0zgwmfnunvl548e0ee,unknown
bc1qpm36t2py4hdfxlxtmlem0zgwmfnunvl548e0ee,unknown
1BRnTeoTZgPp7naffR3yADPa5hL2QE1YeF,unknown
bc1q2f2wls3ys8agw3h445nxjpmvn0aqum30kdjepy,unknown
1WhjGgDvEFAn48hNwzpyZjMAFrYEJ1USr,unknown
36MZ2nBTwiUjS7APSMcE6HvN2mcRkuaAoh,upbit
bc1qvz048w9t8ld7tzsk4z87mel9lqtxvjxplfuw5n,unknown
17H4GULvEBGrMA88AmjsxpP5PhMw7BBfJK,unknown
1N7tmtyTnXYFgkAu83HxoYCndou2qgerb3,unknown
18ECbZjBxQdmgbcj9rUzcoHE5LPP8Soq15,unknown
bc1qqascjce6ddz40djz5g7qjnpyzpsducgsf9sszl,unknown
bc1qdwvv99q800ymjzh3h0wwzdmsa53n5g7rr5xk7d,unknown
bc1qhkfju2gv63zzzhm2rlsevvf02qc320ktku5tkd,unknown
3QZ8vfyRYtjrJVxsy686YFMP9pqEtfJHxy,upbit
1EcfmJgEray4C9srqyNtkWY3pWQmYLjmrQ,unknown
bc1qg0vuh7llns4n548zqpyfc8elmc3jw57av0sfnf,unknown
159TkdwB7Jm6pPkoSqamjXHHYwShaqLJ9Z,unknown
17qQftL14csmcdTFoWkru4n1QwPSGXWViH,unknown
38q97d6mLFErYeZyQKRbmkQ2t5vkrH6BG9,upbit
bc1qat0t9g259h3q8e38fxhqcqqmwwu4z5al6f7z87,unknown
bc1qxzxflprmh58cvmyfvewwj5q422fusd80mrec0y,unknown
19HZWUyMg6k8VkEpwPb4jfuZgEmBTQup9X,unknown
bc1qlx2zvun4fxq8w7whawuljp8mdpjv0kge7v73wh,unknown
bc1q64059jels58zu8fts3nd2gmp2azudx94lz4nv4,unknown
1AM8Z3vQCXVfui8ZU3NHG5kq4ntEfVai5b,unknown
bc1qhe33znxq98ve9jyxg6c9slp8zqevgluvqscntt,unknown
bc1qkclwlct4xc563ggajz8h0pd44pzz8qs0cxmrpm,unknown
bc1qshwf2n5phy306v5p307jexv9c90nxljpvten35,unknown
bc1qfudg9ftuk8fk063u0ltt2ncecyqsngg6k6kv54,unknown
bc1qreknfdl5d52kscggt75nc5d89skmq5hrdyz5cc,unknown
KK8hzp89MpJHJpv,unknown
TWwEE5Pf1uzYDNEbXsMkKhZcqX4mcKwTMo,unknown
0xcd1696fe0be04f344d50ecd7c91e8fbdbea6382c,unknown
TDxxuea6ouLfdJnqtNXGhaNMbbd8NQ2ixK,unknown
1NZRND4gxM1aWr8478r7qv5t6WBAUSaBdd,unknown
3NkugvfNZBBKznEdJdDL4z2b3BgapCzJ9J,upbit
7HPA4VEUDgBpHpAL1cyfsdxflZCWWTG53yl14ozQNUjl2HBzQl,unknown
TLGKdwJZkwiDpqrpSvMNWnyRrMGJxjAFgk,unknown
TC9Fwojp8532gfjrpFJ2vgwj1jeP7cYjDK,unknown
0x49150ddd0dfabab0796ca45be188e2588b356216,unknown
0xba742ee78e0b16cb8188b9d45f45d3e39830a4626f233b52f4f7e159b18ce4e8,unknown
0xfcf5e42eea0a1e910f10f1205284a4780f39535b0725867db84272d6c52f41f9,unknown
r39rybSy3g6ydBRTHrYGQmCyRbuGPSTCHN,unknown
rDXcJJjJxTKiCJunWY3nr9tqx4396EjixJ,unknown
r39rybSy3g6ydBRTHrYGQmCyRbuGPSTCHN,unknown
1FYaZ6cN65ny221KgouXysjbz1LmXc3eow,unknown
60a9176e-fe2d-48ed-9f1e-070e11180847,unknown
60a9176e-fe2d-48eb-9f1e-070e11180847,unknown
rbVUaHvWosKdSrNLDwGq3XpVjmEUp9esM,unknown
0x82123388fE72c8C9f041f3B044C0363a66880354,unknown
0x102fd6e919c1f2b706f411cc355c36e7a10ee883,unknown
bc1qpgs2fmjjqfsv530mdsxxwd2desmfkkzdh8yg6u,unknown
32wiS7pqkbiKXpbYSULsxBx6LkybNLeFcZ,upbit
bc1qz0xjcmp40mgu31f5m21gugcwu6hsg41gj116px,unknown
3DkWjJz5y417oBLb6yo4L7uwj8zqgYq5D8,upbit
bc1qwz6uycsjf0g53x1kax3hzr8u6vf2tym16nkne,unknown
bc1qm341sc65zpw791xes69zkqmk6ee3ewf0j77s3h,unknown
3J3Z6bzUZBe2H1My7y9Qf7vVdv37BwpHYy,unknown
nlnkggnkggm1pgHUyNTE6,unknown
TATRQ7XLEPwZac6f4AeYcpoFgliaRvbwn1,unknown
TXOJEQLojhYjfbuTgs6gtUg4C8qf6oiMJq,unknown
TVsNyLViyxsDWbfiAPk95qYXZgj5bd7aVW,unknown
TAU2UgSN27tk2KiCJugtD7trf35LWe5Ue7,unknown
38fiwcAHvidMNbtSFv4jnJb8SwzNikuhdFT,unknown
38fiwcAHvidMNbtSFv4jnJb8SwzNikuhdF,unknown
XakT3PU2WoUsXp1gaW8EsRfeF5e4jJhtDb,unknown
Xmq1EUGjSR6eyak1F3Nof3oCDhmZSAAf9V,unknown
35L6N1UDfGHPDRk6V3GXVACmwegJ7mhRC2,upbit
XgMp22UNDg2utLeSDsBcxb9wyZ7mS5cR6j,unknown
0x88d15657C12a741304A21843C872AEDF7Bb10c42,unknown
46rNPWg4hRyUmRGiBRzopNEurz7dZWR5sAmcZVBSmUVhAXn96oL3NwJSHVmX5evNfFKDj3zWMjc36adoVevS1iNUQQfSefy,unknown
bc1qern6dvmwyx6dzxcs9xpdy6nazd0r9g9yrgeuzc,unknown
bc1qgd3r2ks7t7vg8crly92dzpjlakm7763gl6p36y,unknown
18we5LVnLxoD7Lw2MuUAHfCST3Ze1Sp6vv,unknown
rs2dgzYeqYqsk8bvkQR5YPyqsXYcA24MP2,unknown
0x1fcD288f8697205598Bb48c4898A0B6c32204e5a,unknown
0x1fcD288f8697205598Bb48c4898A0B6c32204e5a,unknown
bc1qaty2ah4f489p42vzhpfh7zu6yntcf9frevj0ya,unknown
0x1fcD288f8697205598Bb48c4898A0B6c32204e5a,unknown
0x16B5498a54f0d46Dcf604fAFec3775cAA981EAbB,unknown
f3fb31531c1ff3237d81c7d652109171de07d3b1beb5f5ac257e83f761a8bca8,unknown
0x14811b208Fcf12610Ac5e9c770dB9752e6b71E1C,unknown
TJCY6EV1QTbMgkD5jf6zhYwcQTn6yndiDM,unknown
r3VFGdfkm9dQq5KE9uoCze7rryEVokACe9,unknown
bc1qxwekvfg7w4393hwcfvsh0dks09eygp2d4gzuyk,unknown
LdFpQ8xh4zgFonBer3AAGJyiD7M8XaBz3F,unknown
raQwCVAJVqjrVm1Nj5SFRcX8i22BhdC9WA,upbit
1F5ErqK8iTHAyoELwNVijaePkCxBBDBud7,bitsum
46rNPWg4hRyUmRGiBRzopNEurz7dZWR5sAmcZVBSmUVhAXn96oL3NwJSHVmX5evNfFKDj3zWMjc36adoVevS1iNUQQfSefy,unknown
3AcWBSfxzm7KVJJTHtnfDD4jPDww3cUYRd,upbit
bc1qgd3r2ks7t7vg8crly92dzpjlakm7763gl6p36y,unknown
bc1qern6dvmwyx6dzxcs9xpdy6nazd0r9g9yrgeuzc,unknown
1F5ErqK8iTHAyoELwNVijaePkCxBBDBud7,bitsum
rp2diYfVtpbgEMyaoWnuaWgFCAkqCAEg28,coinone
rDxfhNRgCDNDckm45zT5ayhKDC4Ljm7UoP,bitsum
raQwCVAJVqjrVm1Nj5SFRcX8i22BhdC9WA,upbit
0xC5Ae091A21E18bd83b6011a070e12b73AafFC2d1,unknown
dc80d18405b2b45e8b9ed8659e19ffd6314f4e601a02023eac7bdf16173bf6e8,unknown
0x354573126221ce2da30DDf04F9134DFDA98Cca5F,unknown
r42Ea3gPtKYF3iA1Pob4fCrEM38rkDVRam,unknown
TQDTwET8ahHHG3FWaiMrGnPXWRpWDjUUxB,upbit
TTGR6urnsoAjLMxrY82oS76QsPCEFME8uZ,upbit
TZ1hB64RchZPDsjg8Xh4qByTHWwe8NG9zB,unknown
TUTqVoywkwD8He3BezBEpYBH36qGeNAZZW,unknown
0xB8288872ccA7C3dd543206AAFf0925a71B45C148,unknown
0x354573126221ce2da30DDf04F9134DFDA98Cca5F,unknown
0x86d2660297c82ac656715e00c979fb5ca65eecc5,unknown
0xBcc1E9d63c501752bA2f35859BEF4Cd65bA48Cbf,unknown
0xBcc1E9d63c501752bA2f35859BEF4Cd65bA48CbF,unknown
0x8fdc6ab329d88ca14def485caa5620ffd0b7959a,unknown
zJn2zAPdFA193sixJwuFixRkYDUtx3apQh,unknown
rJn2zAPdFA193sixJwuFixRkYDUtx3apQh,unknown
0xb33Aa123B5e96F1581b962AaA91fca7a1fB5Da2,unknown
0xb33Aa123B5eE96F1581b962AaA91fca7a1fB5Da2,unknown
0x154c9f1e2e51aef5dd868c1df4251cb996a67c1bd12e3be6c5637b59e120bd68,unknown
0xf729a0978153b0441f258ecb17336fbb10334eecb87f46e07e08d80e42649f43,unknown
0xb33Aa123B5eE96F1581b962AaA91fca7a1fB5Da2,unknown
0xf87b1242644c539f872c8dac09fe563d5930c296388906569b016dcca6a31bf8,unknown
0xBcc1E9d63c501752bA2f35859BEF4Cd65bA48CbF,unknown
0x154c9f1e2e51aef5dd868c1df4251cb996a67c1bd12e3be6c5637b59e120bd68,unknown
bc1qaty2ah4f489p42vzhpfh7zu6yntcf9frevj0ya,unknown
TVpe57WVLa4sM1q5ytEu9puUVAe1aoZEj,unknown
0x6a8ec2d9bfbdd20a7f5a4e89d640f7e7ceba4499,unknown
0x6A8Ec2d9BfBDD20A7F5A4E89D640F7E7cebA4499,unknown
TUzS5iMHqWANBvPzTPde5hHQF5VZAoJfz1,unknown
TUzS5iMHqWANBvPzTPde5hHQF5VZAoJfz1,unknown
rGDreBvnHrX1get7na3J4oowN19ny4GzFn,unknown
TBicHaaMssBPvFnS4FFStNQdTzQQ2cfF73,unknown
TUzS5iMHqWANBvPzTPde5hHQF5VZAoJfz1,unknown
TUzS5iMHqWANByPzTPde5hHQF5VZAoJfz1,unknown
TUzS5iMHqWANBvPzTPde5hHQF5VZAoJfz1,unknown
0x517070883D4184F62AD635467D0d1cb3629b63Eb,unknown
0xc9DBcE9EaF3c5cFf971402575dBFb7c47F5a85dF,unknown
bc1qvhn6zn767zevz7s6fj6n72xqjzuw8kk32q7624,unknown
QXBWUzvir2xrcnFETG5WaG1UNy8yZXNERHJBSnE5RFLXQWtpd24xMEkxYz0,unknown
QXBWUzvir2xrcnFETG5WaG1UNy8yZXNERHJBSnE5RFLXQWtpd24xMEkxYzO,unknown
TAQmLC1QHRi3KAyWce89oLHuoTiDk1Jmao,unknown
1KYqz8/yxYksTH9nHm42UELUg8DfqDvsxNH,unknown
3K9q7AjuX8f8hqVA59ySBDRRPRqziyqgSn,unknown
0x4C8de53FC9F0128bBC243aE1f2a7d206f5A064BD,unknown
1KpfWUWDe8z1ovMFnu6tjLeqevpkUEHoG2,unknown
rEb8TK3gBgk5auZkwc6sHnwrGVJH8DuaLh,unknown
dominobonus1,unknown
fafc2b705b2d46a5a65109ecedf275c5,unknown
dominobonus1,unknown
e8149bf356491bff1397ec4eebe77ba6f3c5c6bdf8044ae4f207c3350911aaf,unknown
dominobonus1,unknown
17Q8T4V7M2UymuDstGq5hyUxcqov1gTS4H,unknown
0x4fbfe0350075a472384bebaadeeb29e4e0fcb1ab,upbit
1KHEXbf8TMVGTfmmePuY53hMfVrCYhQFdb,unknown
3Ebhs9J7VEbg1j82AvmVYkV5t38FTEMjYN,unknown
3QTMGkzBaQGcjS2M5fr3bYbybdqQNvkcsq,unknown
0xbDB640AB9D4870Baf24Fbe562CC3Ab83CE212887,unknown
0x00000000219ab540356cBB839Cbe05303d7705Fa,unknown
0x195e4b7C2Ed6EE86cE3CF4076cCA5FDdF2B67984,upbit
0xa15B24A59485Feaf207EDaEf46b390184bAcaCd2,unknown
0xc4dB05dF6f99c76FE0a50CCad1a0d21E7012e425,unknown
0xf71afe21cd32959113fc47ae2ef886b43a9413d5,unknown
0xdc4df7af50e60335673ac1477f7042c45a289476aa1cd5434e50cea62008d10,unknown
0x8535164efce69c956bf83bacf8012edb03b8bee54488019b67d198a3d5a6cf64,unknown
ef049cfe0bf1d5a64ae37715771d2a509a49ef4d78472b3fc98daebcc9be733,unknown
dominobonus1,unknown
3L9Viq8RAuyw5CdP8VspZZt21ArZDYiDpP,unknown
3NRfXm4jEHTxnyJMGbVpDkEiEBAwoTeSnh,unknown
1DqDqJTBriKRLs1c2rByMf7rn49YWmtewA,unknown
rGDreBvnHrX1get7na3J4oowN,unknown
rGDreBvnHrX1get7na3J4oowN19ny4GzFn,unknown
0xad954ba5703521cf31f13f59fcb4bbfc5f044d70,unknown
a3e7b5edd5f040dac5bc1827506f4980431c7f5c3c7fa2e6f7e25542fdb7389d,unknown
847bb03830865f4571cf98fc3f847079ef88bcae09198ba51e05270952de6a1a,unknown
371940d3f6f88649645728693ca701105e40001a9683a1ae59c7fe3b8d656084,unknown
70d2a9e2d83cdf6f0da396e450e7a52548df5341ef3e9e01fae33c1b68fbf999,unknown
1073e9520b998d13d53617f97ce260a97a758187597ffc76b01f9b1e4abbb80b,unknown
7edc64b6a3f4822cae5a759277badd314f4dbed85c0783f8d5d6730788de29f0,unknown
b40779e8100a712caf4e71c55fa9ce62d8f43af38326670ee4dfcc490f5d4d84,unknown
0xb0847de293fcea460fba1882464c8a1e555dc1bd3ae34ab844ecc572d9ac7da7,unknown
0x17717b4e789df446b3f5b33bc3f76a841523e28f2dafd83d31b3b33b6602d665,unknown
0x7ed4d5f3f4d10b55c05d5dba7ab5ced05b69ed4250077fb345714d9e77599c82,unknown
bc1qr2kk8p0mumk7x5ygy6vlfrxhw4n2ys4pwnumah,unknown
0xb6cad934a402741FE8AaDe529b665Df8dda8Fc82,unknown
f1yrk26f3wrfpwtqzqc5kklq6sqhlr5tdbjyskhga,unknown
f1ys5qqiciehcml3sp764ymbbytfn3qoar5fo3iwy,unknown
f1vxdvj545xihb5gsrty7g3443gxz4njnnyobiixa,unknown
f1yunaigmcwiksxr6jipl4xwtga2fcxvb5ibtzrqq,unknown
rLW9gnQo7BQhU6igk5keqYnH3TVrCxGzm,unknown
bc1q6mklxsfl2npwnyyg3scxexwf04hshff7ye0cz5,unknown
bc1qqrhpwjjhwx03uh2etyj23n6648jw9j2hdnnj8h,unknown
TLnWd98kbnfSATPrQRZH69HkdVrBCYgDox,unknown
0x01dfd370de581d26ac7ed83aef6d534038835fab,unknown
0x7a250d5630b4cf539739df2c5dacb4c659f2488d,unknown
0xdd8df81c313dd15bfe37d7f7edb221e0712d5965,unknown
1PeYtzcUEbW9W3Yc4easZWbWveVMqx8vPp,unknown
1PeYtzcUEbW9W3Yc4easzWbWveVMqx8vPp,unknown
TPBPRBzkQ1EBoHUGVX7B6UxAffnqzqe5,unknown
bc1q09z7u1q3gwuvsx4rfd4n9n13k5pq4nkxa521tp,unknown
7db15e8156e6b6e14a5207ec4f5b663d01154e8f9d35da4d0d72ff0c1fedb2fb,unknown
TPBPRBzkQ1EBoHuGVX7B6UxAffnqCqzqe5,unknown
bc1q09z7ulq3gwuvsx4rfd4n9nl3k5pi4nkxa52ltp,unknown
0x94f3af7e07beefa403d548ca3b21989560574299,unknown
1PeYtzcUEbW9W3Yc4easzWbWveVMqx8vPp,unknown
0x94f3af7e07beefa403d548ca3b21989560574299,unknown
0x94f3AF7e07beeFA403d548cA3b21989560574299,unknown
TQqtVpyutgv7nPESt2oD4a2am9EqPdz1v7,unknown
TPBPRBzkQ1EBoHuGVX7B6UxAffnqCqzqe5,unknown
0x94f3af7e07beefa403d548ca3b21989560574299,unknown
0x94f3af7e07beefa403d548ca3b21989560574299,unknown
0xc9DBcE9EaF3c5cFf971402575dBFb7c47F5a85df,unknown
ItcIgknv6u8vwu9ugfsp8698jhq6jwzgmuanlacg3022q7jfrz9dpxcusmhq7ej,unknown
ltcIgknv6u8vwu9ugfsp8698jhq6jwzgmuanlacg3022q7jfrz9dpxcusmhq7ej,unknown
ltc1gknv6u8vwu9ugfsp8698jhq6jwzgmuanlacg3022q7jfrz9dpxcusmhq7ej,unknown
Itc1gknv6u8vwu9ugfsp8698jhq6jwzgmuanlacg3022q7jfrz9dpxcusmhq7ej,unknown
ltc1g4y00d3yfu7thvy3xyy49zrvu05ah5qnu9pvgmgxu49qk62fg9e6s0v5trk,unknown
17y6FZaNHbrRrzqH4UgWUsqFPfyzz9cGou,unknown
19fwKSuiNGedgV5oKbTWukMnCLvFoAVgMv,unknown
0x4ca2057Dfd4140c618910fd5dc72B6AbB96E7293,upbit
0x2210E8d786069d02435D1a4aa941D84B4e9b9eEA,unknown
0x753A50ae044C809A373A5f4676e5219e50353117,unknown
0x379Ba0610c57a61578E6222a1954C860E81d4f04,unknown
speedomaster,unknown
dominobonus2,unknown
0x94f3af7e07beefa403d548ca3b21989560574299,unknown
0x94f3af7e07beefa403d548ca3b21989560574299,unknown
0x94f3af7e07beefa403d548ca3b21989560574299,unknown
5d0e0eb882f0bd4e932933c023e9f32f254a24d2aab13b91dd59ce5497bf4454e,unknown
5d0e0eb882f0bd4e932933x023e9f32f254a24d2aa13b91dd59ce5497bf4454e,unknown
5d0e0eb882f0bd4e932933c023e9f32f254a24d2aa13b91dd59ce5497bf4454e,unknown
0x27648A1Dc23248528208Bd24E77102fb55Ade448,unknown
0x76809A698414Ba61CFb77093079EfecF2bAA4F9C,unknown
0x120051a72966950B8ce12eB5496B5D1eEEC1541B,unknown
0xEeDa698169F6aAe13Aa81f152ED95b19149fA017,unknown
0x8C661806f716652B637728355cC4e2620D428F99,unknown
0x6974b25b9f39454cd9e607a790f2146c1aabacf854b7fcf566c0be0fcaf5d2ee,unknown
0x6974b25b9f39454cd9e607a790f2146c1aabacf854b7fcf566c0be0fcaf5d2ee,unknown
bc1q80nf0q374zecsvkrdefwrdke4jfnvvcf2nmzmr,unknown
311cc078638946ff205889b8a478e9521fcc7da4b5590db7d03f88d74a26456d,unknown
TD5CTPLQiRMWQFDDFQkU1vUSqogN8ZNmpb,unknown
TEFMh83x1WiQZZfjSNiQYN8Nr6KgyctEu3,unknown
fafc2b705b2d46a5a65109ecedf275c5,unknown
dominobonus1,unknown
3QHGCq8wZigvSGVT44jRgfWsH4FTg3oP8y,upbit
1128Ev6iMRQ25SuGAnrekSqbW8aQpX5PZQ,unknown
TLTLHbNw3dcyo3cp1fcgEoRh4a1M2atqaD,unknown
b667485a7576730473c3e544597dfa047b9f038a17d10d73c83a0962fc29140f,unknown
caionnet1234,unknown
3f20906194cc4bd3ba615ef94c583d7ee94dc42877b5f3e01056c07167273bb2,unknown
bc1q9wgxfm80g90ta93ttnsrna9fjafwtvm8c08njf,unknown
b63695a72c5ec159ea79102090d8f48346030273c6dbf10d2e9cc0cc51cc75ff,unknown
364Miq5roZdkhLFPVXDu8eAfWHMgQe,unknown
3GDgbaYyoKyY1qc369FhoiqxRCBi9aaHNM,unknown
364Miq5roZdkhLFPVXDu8eAfWHMgQe,unknown
364Miq5roZdkhLFPVXDu8eAfWHMgQe,unknown
3H8QATgbGy6V7nVuLq655f9JzMAJFgJe3f,unknown
0x2e637b64cb7e55e8821051da50e0275d170d7f1f,unknown
0x2e637b64cB7e55E8821051da50e0275D170D7F1F,unknown
0xc5169ceadd3e4fb3aa938e6ea566b8349bfbc246,unknown
2d287c470b5c2d94a0922389c16ab29d2589727beac10462552dac2e9093cb7,unknown
TNSaVyNmXnr9WKeLPRLH7XYCiqVLyRypn2fh,unknown
364Miq5roZdkhLFPVXDu8eAfWHMgQ,unknown
rGDreBvnHrX1get7na3J4oowN19ny4GzFn,unknown
raQwCVAJVgjrVm1Nj5SFRcX8i22BhdC9WA,unknown
raQwCVAJVqjrVm1Nj5SFRcX8i22BhdC9WA,upbit
3QRKZRAzn3ooEpFYJe6b6U5hyVgi6BXB2,unknown
0x6617e7f907201473759377b7c92484ad9a4a9811,unknown
MWdTsCq8wtuEbk69eBdSQjiV2g68oMkpm7,unknown
0x1f3a80763aeb692606a35a1626c944639ee484d9,unknown
f1c9d19037c25f4c62b689833f7cfaa27be7374c8a08775d3cb2ae25d0128311,unknown
dominobonus1,unknown
bc1qz2kdahphwpyh9pfh54cjm8qzyyn9kp8glhyq38,unknown
4ce6612df1cbf42711d849eb9eb6b06f912b129bc27867a50db66a86971f0a44,unknown
635d5504ee310b0007ba68f22d723158,unknown
0xefbe3d7417059933f5b495ba50c89703b1bc8570696a52c26193d95f0ae6f,unknown
0x819f0fbabb44c905e4d30571e8e0dcf381aa68bc,unknown
0x3AEDa39AC2dAd77047C68646f9B07A856149aB42,unknown
0x3AEDa39AC2dAd77047C68646f9B07A856149aB42,unknown
12qxh9HXaJHC7NqSeTZ2XCoCvLaqHqbff7,unknown
1E2AB3oMMfFUhrCbxnWuXrYCBqXLBYSVhC,unknown
1JNe2NNAPJx7tqpa6fRH37HNCZQXrb14Qz,unknown
1KXpRx64hms7VJnEPy2JFePF2Y6zYXDm9x,unknown
1QJ9ku74DQ3PdGDWwwbMJdvxi1h8MhDebo,unknown
14sqshrhYSkENvjvNKUjK32tSTFhmfhXpQ,unknown
1JgjTYuo7nrbDnrzVvAro2wYTyKEwqAFu2,unknown
1Cdn5oknNb4ucRLX161YhreEcHRF56XGcy,unknown
146vnV3T3cZj6mkWqX5cjiiwZeohnspxuV,unknown
1H2MQyFGGywU8GwxdskHVtKoqQCRauEhsJ,unknown
TJ8CPgRmrFGhb23iLhJKGVmVW1gintFsvB,unknown
1Nmmap2dx1UkbE96Y8jzqgaw3s5jhapti1,unknown
1BegebLqA6zjddBdBpDQZ9UKFPkxaHnyTW,unknown
1EJB74QiRf6mC1aqbKAQqM1sTxvsSMgJw2,unknown
16jpWcvEDBazxLjgooqWGs4L2z45WGwCcm,unknown
1JVMBUJtMR7jgsv2cEjjzddLSD6dFxSEPo,unknown
151yK8UeuUxRnWLtMmKxNSMZfNgjadR8EU,unknown
1JJxgoyFWaKKJAJq6UpPkk9HRh5o8wm88C,unknown
13etdf5zSS1vrRpj8ny6ySAjGSJ9vaEnni,unknown
14g3XqoXUMVfoA5aTpW4iWQXXFxyxD2zc2,unknown
1JKVVrRJNrTf5g5fPPT8wqFFrb9ecZ8mPh,unknown
1A4x5SqXsXyhCZFgdntagjEwxRYK3veG4g,unknown
13Y3Q2CUVWh667p6vAb2dJKUeH2Gb6sMr4,unknown
1PHjHqTFYi2mLM7iSbEqLUg2sRUJeFF9an,unknown
125SWxgU9SW1gk4Vq6DjKUGtpnWHH6H9yd,unknown
1geLF9Vd486SCfB2Ja8Ko7JgNwoZ8fkB3,unknown
15C2rvkyivWPiq5PFpaQ1rGHnQbC99jzrw,unknown
1GQBWRrqBX7RTnC9WSyKfKmFQfVSwb6XgD,unknown
1LiRbZKCLLUvuwx6RnJfaBXN2enmzubZGb,unknown
1GZqcHGhVN1ZeWedN4vHuwTnHenpaVRtam,unknown
1Hru5CYuCbSHikDSu2CNmLxaNsv3t5CdRz,unknown
1rMHPQjFYJc6xF2GkwCftXMW9U8phqvi9,unknown
1Nmmap2dx1UkbE96Y8JZqgaw3s5JhApti1,unknown
bc1qjccgm78l5m0d25d4plrxmrdk204zjln0yexh2y,unknown
0x3c6aafca43236e286a5fb042bdce49a63eadaa0a,unknown
0x49773b0f943f82bdc39ee1693f592221e1b,unknown
TLDNK9Kege5FV2cr87ZJNPhX3UVJvhDZgp,unknown
0x4BF4Bd1656B653F7489Ed9E38e00A09b192BAC,unknown
TLDezkZ3u1YFL74iAWaqFTKBaz6PU3snGk,unknown
TXVfdgLfhBcs6QMT5JUutvraLTusdU3Prs,unknown
THbL5jmYChAny9KrHmafWouB2h4RKKaQZ,unknown
38bh1KkHCb6tSByyEDaqJuaogMejSHHg5s,unknown
38bh1KkHCb6tSByvEDaqJuaogMejSHHg5s,upbit
0x819949fed3d8a3977e815227d724ec10680a2e5d,unknown
0xd6658fb5a93d58b733ee925f76df665780b58ca5,unknown
0x28c6c06298d514db089934071355e5743bf21d60,unknown
0x53E4e2cdc5d2537753a5Ef17B09a4D6cdCF1D533,unknown
0x5ca17823e8aC1961654735dD0ce491aB27CAA600,unknown
0xB8288872ccA7C3dd543206AAFf0925a71B45C148,unknown
TPK49eiMdQSRkZaxSJLCdvrH8tCwoPuRhQ,unknown
e20204a3f2fd9f85ca1befddc9bd6fbc784a0f292bdf1f2b67d6a688c56b23d7,unknown
18uoviW1k2FQydH2BdbMCR3vy5CUjKR6Ke,bitsum
0xa222eaf1950ef4a30a34fdb3f08711357fcfa86e51e9b9711245e004b994b92c,unknown
0x80fddb0a345a1f7449b808302af862aef75b490f,bitsum
rDxfhNRgCDNDckm45zT5ayhKDC4Ljm7UoP_1004867654,unknown
3B1ABEB02B454779AB1D377D6CA319511B62C3615D8523D7817A720BC7051727,unknown
1KQoU2vqqi68A2oRDkiwpDG9WXVLK1BkRq,unknown
18uoviW1k2FQydH2BdbMCR3vy5CUjKR6Ke,bitsum
07809862978487999db0f12aac57859cd674065d4a403c7c0ab78937234480b3,unknown
0x64C20af8A4156719565598ed5AdD0A634CAB7bA5,unknown
0x8a7e7a63b401293c4be78769750622b2a6f33494,korbit
b667485a7576730473c3e544597dfa047b9f038a17d10d73c83a0962fc29140f,unknown
0xefb2e870b14d7e555a31b392541acf002dae6ae9,bitsum
0xAF64dfFFDbD2ceBEfE2b8678f41E8781Dd40dc02,unknown
0x8572A3fB3d357B8278F176F8889dfb6163eDc91,unknown
0x7964aC904Ba2416285A61088EAc5ee496F3A2b94,unknown
0x7964aC904Ba2416285A61088EAc5ee496F3A2b94,unknown
0xD657d64EaF9387Ad3829163e93b0CaA98d29f826,unknown
0x54eCA1E2e3819451352C06021c9cec238822424A,unknown
0xafD3c4CDF255e02F8E9715bB2d5a349e2e066198,unknown
0x9b1fb24b0a541d30fe74a0507083255e0547da18,upbit
rByfvxyctqfdKa7VT6C9SL5A3MhXpkfa63,unknown
0xd8572A3fB3d357B8278F176F8889dfb6163eDc91,unknown
fafc2b705b2d46a5a65109ecedf275c5,unknown
0x4B47753e0CC7d09F9Aa3a599A11fA93e6AAc5649,unknown
0x284ea171497c7c1143621d8d56599b3db7aa8ad5,upbit
4B47753e0CC7d09F9Aa3a599A11fA93e6AAc5649,unknown
TQiot3Sa4SYLnEQYRj23x3DpLjgSmimvqX,unknown
0x4B47753e0CC7d09F9Aa3a599A11fA93e6AAc5649,unknown
0xff5c37f87ecf7f0e0cb8903aa7142778e1659e2b,upbit
16dCr4YJXShk73Xk6XbjRpp7v91oe2ugtj,unknown
1JhMFsuwoZVZ856QLo4z1yGrwGQ1SSxvXz,unknown
0x560e389a2b032319e742a59ae8bafa62671089fe,unknown
0xdda93fd3f424486c8a151372ebde1f0bf5da429dc2439e45d8857d046fc9ab00,unknown
0x7580ce4746389b93c895c1852dbffdf20c4b05a979bbde1b8ffbe8f0bb9495bc,unknown
0xeb39f45afebfb292bc1012fb166a76b73550733a1c77adc80f9a0e413cb5eb3e,unknown
0x4b4e1276A33FE48315084355723c8Aa8c84ADa5d,unknown
0xe40D4fbCECd85ba3D79B474Fc2326092C37cEC4e,unknown
0x32b56fc48684fa085df8c4cd2feaafc25c304db9,unknown
0xCcD64CE7209008A788b3dA103CaFba47D50c7bbC,unknown
37u1S2hgoW7uS1Z9bqUVjaGAh27hmEvKPz,unknown
37i74mEWj1mK8zhBg4xomqSTDky8VAjJnM,unknown
0xb38fd09d9735a0a41bd90a12e01eaf9c2962338f,unknown
qpen3s783cusjl9rvxd5xpc423gtrqdafqn9jyyjuc,unknown
0x099B11A757242DFC2850633B51Cb9a06Be1Cc99A,unknown
0x164c9cf90736a6475f415560fffc535f750d4009,unknown
19uZdLhCV98uTpXC4jNoDb6ER4qks2age5,unknown
bc1qvjr88e23fu3gvpnxznft8emxjmetx6fvm2expw,unknown
19uZdLhCV98uTpXC4jNoDb6ER4qks2age5,unknown
rUzWJkXyEtT8ekSSxkBYPqCvHpngcy6Fks,unknown
3DDJL5utBjS67zQQAMdmcDtRHDGFb6gtdU,unknown
0x10f4a785f458bc144e3706575924889954946639,unknown
speedomaster,unknown
313069ddd81a43b8b4116e8acac4618f,unknown
1HBFxk7aipVgMdHUgXFit1NgF2for,unknown
1HBFxk7aipVgMdHUgXFit1NgF2forYixgn,unknown
0x7aa0d7b0bd7a705889845fa58ea65d4912182ff0,unknown
bc1q3tdgg9tfpkjvg0jak2g8ltn5sp7lmlh6mzcza4,unknown
3AyYzK7cwqa13BgdETHb788U2XRLTiYHBn,upbit
37jAAWEdJ9D9mXybRobcveioxSkt7Lkwog,unknown
1PqyfAmBDQqZMjd66DpENz2862yh2sQypm,unknown
3AyYzK7cwqa13BgdETHb788U2XRLTiYHBn,upbit
3DupJmi1LTUL6Roow2m9YNq7kg7J4qdSjA,unknown
0xfffceb755439ac0144783170239a82004c066daf,unknown
0x4Fbfe0350075a472384bEBaAdEEB29E4E0fcb1ab,upbit
313069dd-d81a-43b8-b411-6e8acac4618f,upbit
fafc2b70-5b2d-46a5-a651-09ecedf275c5,upbit
34FPVrF1xEe5!SBdczPEzZJnBm8J9MbMv9,unknown
34FPVrF1xEe5iSBdczPEzZJnBm8J9MbMv9,upbit
0xd9220ea040f4495d31316181789a66fadd7197d48e8e1a95a9b85eebf8354e,unknown
0x5ca17823e8aC1961654735dD0ce491aB27CAA600,unknown
35x8CNBCiUX5SuRwAHW1zA,unknown
35x8CNBVCiUX5SuRwAHW1zA,unknown
35x8CNBVCiUX5SuRwAHW1zAABSjoc3xB45,unknown
rLW9gnQo7BQhU6igk5keqYnH3TVrCxGRzm,unknown
TUmpQLcRweP1pfyqfyqjetbqkDvQ3h537drfq,unknown
0X8a1cBcC895f64333E36116724c68E2B144319b6F,unknown
0x8a1cBcC895f64333E36116724c68E2B144319b6F,unknown
0x7f996213CeC0beC50997E3b825BB3FFf6A69f787,unknown
1DagAXinFRhXWDE9v8hYvbTpwE9AfvZ5r1,unknown
0xc7AA38FAEa2fabFe9863992A938439a95F9215D9,unknown
0x7f996213CeC0beC50997E3b825BB3FFf6A69f787,unknown
bc1qpdmrcsxcthzy4w7t0mx3xjxyam8cmgp00x7g03,unknown
bc1q6yc3z0xz89xsgfp9w9398shrzxutc4r0a0mjp3,unknown
0x7c71ab4659e833643362a3acc48d3cc01426ed31,unknown
0x1e29028aefe3544566502ac9e870e6f671409155,unknown
0x0ed7e52944161450477ee417de9cd3a859b14fd0,unknown
0x1fee3a6cc95e62c25a31209076e85ce46a47cdd6,unknown
0xe5a77f9ac1175938ca970f0abc0c68308843fb93,unknown
TJZwGp5zxNbJNzyXRPknWmyaVsZEW7nAzX,unknown
0x2F025DdC2802F9c687d5c0A60E852D567F6def80,unknown
0x1e13Dd13287DC0659820D45Ce399F460EeC7D6A3,unknown
rUzWJkXyEtT8ekSSxkBYPqCvHpngcy6Fks?dt=6018501,unknown
64B48785972B9D7E003E5FE08DAA306DD3903A63E274B9B94997B1F074640C94,unknown
bc1qygq0ugsfm5ehpnhe5crv2gj4ucfl509hx4jj,unknown
77gq0ugsfm5ehpnhe5crv2gj4ucfl509hx4jj,unknown
bc1qy77gq0ugsfm5ehpnhe5crv2gj4ucfl509hx4jj,unknown
0xcad621da75a66c7a8f4ff86d30a2bf981bfc8fdd,unknown
TPMtpi3gkTX8ftjCUtXbfxaDCdsTQJwpyy,unknown
TNDmKHZ5H5Ur2VUdMDMSrUQ71yYLHcX5r9,unknown
TPQdBazpQnW8rmR2bKyzHFP3Ny44Bg3ijr,unknown
TNDmKHZ5H5Ur2VUdMDMSrUQ71yYLHcX5r9,unknown
TFc6xyL2fymMDY9TYTPR7wT58kmhxZeKFY,unknown
0x3bcd25bdf66e395fb007cb58c1af85131487f4d9,unknown
0x0cddc42b218a109ca4cf93cbef1f8740d72af7b2,unknown
1KAVmSgkMyfWStT4Kw9RAq65TadkKREeWE,unknown
3GK6G6aN4wBqZuJR4zVtW2pWYSvM2N5Cp3,unknown
bc1qsj32zchn324jl3zanw6xx4pk672pxv6nqsfugn,unknown
bc1qmjm3afvvvy8qrnnn4zsr0jez73jxv978c6u5ej,unknown
0xe356a0392813d64666ba90659e0f517zc51fd70c,unknown
0x88134Ae503853F4Ca7d2879E71e7B2dc52F0AD84,unknown
TFmAENawnHjSRZ3zcg5xiYkxg3GbB5paP7,unknown
0x5ca17823e8aC1961654735dD0ce491aB27CAA600,unknown
0x53E4e2cdc5d2537753a5Ef17B09a4D6cdCF1D533,unknown
0x5ca17823e8aC1961654735dD0ce491aB27CAA600,unknown
0xa95e1e9ec43757d821402ffea0eb8047e865eed8953c22a9439e6c228b0a75420,unknown
0x94d903318dae5c9144d7785d1ed68a1d51f238b7,unknown
0x741e1eb29cee041dd19c052c0578379b8e78dd1d,upbit
TYPUgo9ZtYk34XgBHbCHJCaoYZ5RejhhVD,unknown
TYPUgo9ZtYk34XgBHbCHJCaoYZ5RejhhVD,unknown
0x512ced60ec023ca7fdb466192,unknown
0x4C1A7c33422E7Ca12E38080AF7f8110c0DB70F6,unknown
0x4C1A7c33422E7Ca12E38080AF7f8110C0DB70F6,unknown
TB7AP4LpvNWPMadJUUjQG6dMvRkMfqN6k,unknown
TB7AP4LpvNWPMadJUUjQG6dMvRrkmfqN6k,unknown
TB7AP4LpvNWPMadJUUjQG6dMvRrkMfqN6k,unknown
Ox889c748d9bdd9000f31efe3be281,unknown
a7af91607fe8065091622b1f5392971268b3,unknown
Ox889c748d9bdd9000f31efe3be281a7af91607fe8065091622b1f5392971268b3,unknown
1CWJDTT9xGi9yopBhcTEGWwZ71oEBwmUhf,unknown
0x622830552FdfbFc1f98c4985d51f93bAE2150e2F,unknown
1G68EbAZxk5Zkh6WUA3,unknown
1G68EbAZxk5Zkh6WUA3SE27eoGNqVVoqP9,unknown
TSst6ooWyCgDGUA61kEqKZ4bDGKNgWdYu9,unknown
0x28beA8C5cC62d147b080544853C5e1450bf7f096,unknown
TZ2y92YH3J4C3Y1BZw17gsqEfbQMdGcSDs,unknown
0x28beA8C5cC62d147b080544853C5e1450bf7F096,unknown
0x28beA8C5cC62d147b080544853C5e1450bf7F096,unknown
1LzoE89djnMwtsVZmffm9BpuQQoKvBPyZy,unknown
0x118a87265c9120074557329369f0aabe43542ecf,unknown
0x81a024dbc0f0708653006627ceae9aa1c569f418,unknown
0x5a1283e30f8055e35279a0dbba8627cb7a42ed91,unknown
0x65f9e664994472bf09013f6667acac9e72d3967f,unknown
0x3b361b783109680c9bef173835c47f1b4974c545,unknown
r39rybSy3g6ydBRTHrYGQmCyRbuGPSTCHN,unknown
r39rybSy3g6ydBRTHrYGQmCyRbuGPSTCHN,unknown
Ox0c978C4Abf59CB8517B 32EFOEb1a0da90216efc2,unknown
Ox0c978C4Abf59CB8517B32EFOEb1a0da90216efc2,unknown
0x570b9d1313e356339064926120f61d85bec07506,unknown
Oxc37C53f864b2AEa4528 9c5Fc2d9fF056FB11E1a7,unknown
0x042fca5d9855280bab855ac2d04d684d5895102b,upbit
0xc37C53f864b2AEa45289c5Fc2d9fF056FB11E1a7,unknown
0x0c978C4Abf59CB8517B32EF0Eb1a0da90216efc2,unknown
rUzWJkXyEtT8ekSSxkBYPqCvHpngcy6Fks?dt=1239797,unknown
0xA7EFAe728D2936e78BDA97dc267687568dD593f3,unknown
rUzWJkXyEtT8ekSSxkBYPqCvHpngcy6Fks?dt=1239797,unknown
ruzwjkxyett8ekssxkbypqcvhpngcy6fks,unknown
rUzWJkXyEtT8ekSSxkBYPqCvHpngcy6Fks,unknown
plc123454321,unknown
1G68EbAZxk5Zkh6WUA3SE27eoGNqVVoqP9,unknown
rEb8TK3gBgk5auZkwc6sHnwrGVJH8DuaLh,unknown
0xe27a12a3d4fbe6a0935a919c83c4ccf28e67594d,unknown
0x94a1c654af87e1974579f762abf58b60dda7a2ab,unknown
0x94a1c654Af87E1974579F762ABF58B60dDa7a2Ab,unknown
0x68802Acef37d36AC4E3cbc52B1d51423eaF931D5,unknown
0xd18B0bdc380d616f6F6669Bc108F6dE8DEFBE82A,unknown
0x4aBe53B477E755AdBfD76BA1139aD5C4C0AF77F6,unknown
0xEBe807bFDf8b2092E36e964C75463A8Aaa642139,unknown
990feea5cbab523f68ac0e8e6b0c7712cc489f7c7d677171e542bb6c17660a8b,unknown
TU4vEruvZwLLkSfV9bNw12EJTPvNr7Pvaa,unknown
313069dd-d811a-43b8-b411-6e8acac4618f,unknown
0x4f8715e5d13C34407f7c3827097091A0688d1346,unknown
313069dd-d81a-43b8-b411-6e8acac4618f,upbit
0xc13E5A6dDCC94e07DC58C99B36761fDE7A564BfF,unknown
0xA7EFAe728D2936e78BDA97dc267687568dD593f3,unknown
0xF0D9FcB4FefdBd3e7929374b4632f8AD511BD7e3,unknown
0x43C3382a5514d798e658F4019bA4D8e47f51ab65,unknown
fafc2c70-5b2d-46a5-a651-09ecedf275c5,unknown
fafc2b70-5b2d-46a5-a651-09ecedf275c5,upbit
TRX,unknown
396ce3d737ab8e8f25ae7f3ac6eb97aac74f09efc5a6ddd47d32de97924a3b85,unknown
7ee3967d100fe9de3a4b2d561142ee4cd3ff76e69f00ad0dd0e70a315b6b6d70,unknown
TBxQbZf2uswtfCNfZQuj8wPcqe4QpCy6LP,unknown
0x5e00d6049eb933a9338f26716ae09f60c878d158,upbit
0x5b06b4B1F79F127B039435B75b867c607de41C99,unknown
0xd6c82accf99e7b4F5fF008B8017908c40C6835eC,unknown
0x64394BF75df32Fdd1325b2baB3bBd80Cea050d1d,unknown
0x570b9d1313e356339064926120f61d85bec07506,unknown
TAdxDtZfhRtzSvzMUtMLLphrX78u9Hnp7x,unknown
TS8shyHkrdc2ejf5WWJigdxXP2gwPyfnUN,unknown
1G68EbAZxk5Zkh6WUA3SE27eoGNqVVoqP9,unknown
bc1q6mklxsfl2npwnyyg3scxexwf04hshff7ye0cz5,unknown
bc1q09z7ulq3gwuvsx4rfd4n9nl3k5pj4nkxa52ltp,unknown
0x881D40237659C251811CEC9c364ef91dC08D300C,unknown
f1q4fnlsrkwladgctjn3swteypheispfyn5bngmwi,unknown
f1odxw6ktumgxxzlb3d25s5zldar6xbx4acriewvy,unknown
f1abjxfbp274xpdqcpuaykwkfb43omjotacm2p3za,unknown
0xA22a72699174cE9dA1d6D5Bf839BD3Db1f5401eD,unknown
bc1q7xha4k0qzuewepegc46srpm67j48mf8znflcmt,unknown
bc1q3yppaupjwq6mpmz8qznxtl7jczxylkahs4w74p,unknown
raQwCVAJCqirVm1Ni5SFRcX8122BhdC9WA:2778507962,unknown
0x9D6C115C0425B385777871B0F59AFB341Ad2b8bd,unknown
raQwCVAJVqirVm1Ni5SFRcX8122BhdC9WA:2778507962,unknown
0x96Fa404AAb51635489B6326d65610fd17D54808A,unknown
3LLgEBcpEEGLjwLofszLytwUfXjQhAocKj,upbit
3G3QhyE5uvp93Uhkb3yhvmTme6jrjiuceB,unknown
18G3gHywx93swwWCfynijb3bxyXIYPkBSP,unknown
terra1zgl73k4qcs2xla6f6ayslvkvtu8nu32heyh92h,unknown
TDYxk8KBZMk2vLr1WqcA5z7dj3QHZno5dC,unknown
TNcFJ7HENYHqoZqV32Pfvi45jp4xZXdFLy,unknown
0xe2b402a0651d83473b2736cd6adced1f7075c4d4,unknown
19uZdLhCV98uTpXC4jNoDb6ER4qks2age5,unknown
44mykWdq21qVtTXmFS5swHVJQkiE6tRf38dtyNzdjsgNPNfk7DaFKYCYSJif9FhVPhHXjetmcLV2pNRAXXxaiZtx2YgBTRb,unknown
c34f6e3e06fd59bbf2038d214a223462d370bbeb241b41800aa8940c92989d0d,unknown
0xA24f40e5AAFd99CEF2aCcfa0D7Bc099BB0B584F2,unknown
0x35EeF54C59366123e1EAfd1bE693B4fd38AaEB16,unknown
0x95aBb6AF15F3A751336725AC7fA17928a81674C8,unknown
0xb45a2dda996c32e93b8c47098e90ed0e7ab18e39,unknown
0xad9FB8297163705eC0A1cEA352E9BC88dFf33210,unknown
TGQB4LPEzX2QAcExJ5EXeHVWnQxCzS4fTQ,unknown
: rMDRqHH9tE7TR2AuMFRnAj49gnhaYBMRcK,unknown
0x7f75f4ffc72c26718c3da2c41701f1ebe38ee3ae,unknown
0xdd672b94f19f1bae00708ccfe8c8c51bda828c25,unknown
0x39e6afecfffc755c8f9791799066938c56100312,unknown
0x463bbf4adacdf4ce11058043a8231ebaa06bc1e4,unknown
TMSZC259rLsyYSpkSLsp3AjH2CZcm2e14s,unknown
1Pn67Umg6NVqXRBP1EDqcyzMT5wXGpX4ZG,unknown
bc1qkywmzgp85ptq5lngxurg32f6nmktyp5e2smx9g,unknown
TE5BCTc4mG8vkUBWgEUPF83MmRR495GKQG,unknown
0x15fc1b2ff09ed6b99de7e7390087c8035f5354d6,unknown
3FtgekrF5Lhi6jCBxYXcXJtio2k4pHWGGW,unknown
TTzsiswhKB9WJwqvfGCrvU6mXWTr5MGGSE,unknown
0xf8fb60c757831e142a5e0a4973894e3fa2645165,unknown
0xf8fb60c757831e142a5e0a4973894e3fa2645165,unknown
0x80a88e87e18d9f1c0c22392719067ba37e2b1075,upbit
36sVv7Ui6faMUSeRBg7oY26qsn5kW2AqJA,unknown
bc1qwa8q07k3ss79vwf3a5a2nmj6d2lskaksjt6rue,unknown
bc1q52fvs32wfgms2hsp27qjj69f8qhu9qnkqhflre,unknown
0x80a88e87e18d9f1c0c22392719067ba37e2b1075,upbit
0x00f8E169BFEA9d1Ca03284b9eE9D509b1948E980,unknown
0x00f8E169BFEA9d1Ca03284b9eE9D509b1948E980,unknown
0x00f8E169BFEA9d1Ca03284b9eE9D509b1948E980,unknown
0x3cffcf7efd418fa8020a2331b70d2c29509367e60f44a942783af7bd4d1d2fec,unknown
3MAADzpBK8xFKyJsB8BffksheXCrgdXafX,unknown
12YdPv8PaJU2cMaAjqqvZgNj5ZzzHpTmH1,unknown
0xc7620b927504a8ed8754c6d45ddaf68c9505d34c,bitsum
0x9837e922AE569858AFC375769C1b407dCc608B7A,unknown
0x9837e922AE569858AFC375769C1b407dCc608B7A,unknown
bvkrTGIBTFZPUmFUUEgzeW4yWkxjWmgxbOIUTTRwdXZsejRpZjh4cVFWNDO,unknown
0x188f2aB95AB2fd0a9860B964291B695BC763E6CB,unknown
126JwZtwEPRuQgcPZqVPSuN1XBPUyMxjho,unknown
3ByzggH211WiSPuqK6AvAGuvSE2dbduHvM,unknown
0x7842bef96abc752824753409dec8794149a9c747,unknown
0x9ec87d22ec5adde0ca4b18ddc56e22dccd54fb66,unknown
0x4086d987713f60c4ac048026e880863145b7393b335350fec24ecd92d5365274,unknown
0x0a38d9ed62e8ecc1bfa5a094d93114425b716a90eb581eaf12b57471d7ce48f,unknown
0x24c0f5604a4956fd335bdd416469fc82327249f14dca0d475f0311a229790227,unknown
0xaa93745f491991d110141b4ed8157c5b662d3689703e759a2c61ffb153e654e2,unknown
0x1EAF295FAec3fcf2fFd597f0363b98112Dc7A4fF,unknown
0xad675bfdc799a0dd64a04e6758665e8cb76cf5c6,unknown
0x4a6f842de3570d97722485cc7bef43a1232c278b,unknown
bc1q2pcpgwd34tjvcmxakmxnkuppwgak4jqu7h2jsm,unknown
3Kf5zksUs6k5W7NZF7sfdKtZDZ7Ma81XyV,upbit
3Kf5zksUs6k5W7NZF7sfdKtZDZ7Ma81XyV,upbit
bc1q2pcpgwd34tjvcmxakmxnkuppwgak4jqu7h2jsm,unknown
bc1qaqq0232xvsqm6mj045a2e82nll8zrc4gpepc5j,unknown
12GpGtqy669Cu8dazzsPvJQqpm678sPeiT,unknown
bc1q2pcpgwd34tjvcmxakmxnkuppwgak4jqu7h2jsm,unknown
12GpGtqy669Cu8dazzsPvJQqpm678sPeiT,unknown
bc1q9kwk8a868j8fmsc7aq92g9jvawn3qau6rakchu,unknown
bc1qde4vkq9p6dk94c3kdpusuw4s0c84wslq8futh2,unknown
bc1qjese5lafqkqach6pmprt9p2n6ukr5453cxlnhf,unknown
bc1qjese5lafqkqach6pmprt9p2n6ukr5453cxlnhf,unknown
0x0B4d703a6c88F7df3DA96c9aE326E6B22989eDE1,unknown
3400cf18cc1099f1bbbaa7b6d7412b77365fff37c45c6efee8c5831a63ed8899,unknown
TW4AkZP9r4nFrJdmsS1Y11HD5EBHyCP7PZ,unknown
0x4086d987713f60c4ac048026e880863145b7393b335350fec24ecd92d5365274,unknown
344i875ZYDEZujT8ofv3BnbWHujfNP2iTn,bitsum
0x4534c03c0ef109fea05457cb2b1f2ccb1d8845d3,unknown
0x4534c03c0ef109fea05457cb2b1f2ccb1d8845d3,unknown
0xc49Ce4B975397BF5F6975332C34ee95b02b91287,upbit
bc1q5p5qu77gv9lqvum7n9a4nt2qumdysdqj57l4cz,unknown
0xF02c5de09cCcf60BE05dDcddab506cD75F5Eb33B,upbit
TDU1uJNxDND9zhzYjnn7ZunHj18jw7oAca,unknown
TAQ3S3o1LnHGo8yKob57zYfv64yz6L5UfY,unknown
TX1KnicdGkWv7Lpu52Utdpybr2TzDknRS3,unknown
TAUN6FwrnwwmaEqYcckffC7wYmbaS6cBiX,unknown
TQtYr9wzT2xEmRE6hq7bfpP8xnrtpBWSmu,unknown
0xc1cd6702480632349d6e9da4c3d4a13e1a65b972,unknown
0x46a80b86c8a9d58a88e2f4b0a6c6bef343d26d47,unknown
TL1N ZHcF MdCW 3230 9zAH n9YV Y8bA geci jw,unknown
TL1N ZHcF MdCW 3230 9zAH n9YV Y8bA gecijw,unknown
TL1N ZHcF MdCW 323Q 9zAH n9YV Y8bA geci jw,unknown
0xdac17f958d2ee523a2206206994597c13d831ec7,unknown
0xb392de557d7890597fc41e1202742713e445b2a0c85f617ec93821c9386f8f0f,unknown
TUMibjTUoN45KNQn22s2QiXiPfEEndT7Ew,unknown
THzekKp8dG81C2Ncty3e1YhjzdB8Bac911,unknown
TNiL7hMFdwbJdXyyNdtaW5S6tjeURKgbRQ,unknown
TLebxe1xrSQQ68XXp4KVWYXcYaf6rFArjd,unknown
rwStgBpaQ1Hoi1DptoMtiToMtWZRioBRqM,unknown
rwStgBpaQ1Hoi1DptoMtiToMtWZRioBRqM,unknown
rMMsyjMXf4fDhAv7tfoE7shGF5tVetqbGQ,unknown
rNcJFit8yk2AJAJMSuo7hJvh23MGqHksko,unknown
rnwsn7kZHQxLQP1xBAHfQptJLPQsVqefjk,unknown
0x0Ee489db7f5953494fb54cB8E2CF249Eae9B3081,unknown
0x09e4Fc443cB26749281C961b99F71A2c763D1bC2,unknown
0x0Ee489db7F5953494fb54cB8E2CF249Eae9B3081,unknown
0x206b5C966D12B3237408509f76dB6B737b43EF7f,unknown
0x96Fa404AAb51635489B6326d65610fd17D54808A,unknown
16ieDhAKViyLCBQ5cuGtnehbM4g5bY5z,unknown
16ieDHh AKViyLCBQ5cuGtnehbM4g5bY5z,unknown
0xBac44786c08362924a83a4cf0f1194298de4915bb6368adee982c09e3c5a5e48,unknown
0xc25758c836969fd5fc860e2A107fa9068762a4D9,unknown
0x26CBC7008cD879f4B63B69a915378f2D9b17bBF0,unknown
0xe52e78b4134a5607f10f38cc3d57095181a925e2,unknown
1PwRSM8C2NXv1ry58b6fhzjcupACRRro1e,unknown
3Q5qu2ENjSvFPArpubiZVa4AdQyr5vZkoA,upbit
0x167A9333BF582556f35Bd4d16A7E80E191aa6476,coinone
0x9f31F7A2D389AC3Fc2a4b7F3b423a9111fFFF38D,coinone
0x26CBC7008cD879f4B63B69a915378f2D9b17bBF0,unknown
0xC59f84c4c14BE113C47EE151c787cBa2511e6C9d,unknown
0x94a1c654Af87E1974579F762ABF58B60dDa7a2Ab,unknown
0x521388052e51c698091AD3A93d974d8108c871d6,unknown
3Jzoa8LeGmpTJQZdYUVcqQmxrDrcEpbjWB,unknown
3DGxAYYUA61WrrdbBac8Ra9eA9peAQwTJF,unknown
3Jhj2uuRtP3SmdxuxUPpQYkLicvmFbyMDh,coinone
bitcoincash:qp78yvcpgdmt8sfzmw3tujeydmfn293t3srnhna2z8,coinone
3Jzoa8LeGmpTJQZdYUVcqQmxrDrcEpbjWB,unknown
3Jhj2uuRtP3SmdxuxUPpQYkLicvmFbyMDh,coinone
3Jzoa8LeGmpTJQZdYUVcqQmxrDrcEpbjWB,unknown
0x19a9C1DDD6f5E2E994b46d4891aF120c0F9524e6,coinone
14ifxf3mX2CwPQJCN3SLJU7RCqAo56r5mp,unknown
14ifxf3mX2CwPQJCN3SLJCN3SLJU7RCqAo56r5mp,unknown
14ifxf3mX2CwPQJCN3SLJU7RCqAo56r5mp,unknown
0xdcfea23e4be96c12caedf902ba234dcbed927802,upbit
37WQ47vj2tmWsz7ib3UKWhwyCNaGgCCKqQ,unknown
37WQ47vj2tmWsz7ib3UKWhwyCNaGgCCKqQ,unknown
3EaUqmjjP4dBK3Ntcdqj2s3aeNu4YRPkz3,unknown
0x440E9e3Ce5Cc97B8E2d5193A3A93D6626a091D8B,unknown
0x99311Ac2f49c769D55b3bbdEa03Cc01399e72BAc,unknown
OxEE34873F2f499D16ecc329c730Ec1e88D531525d,unknown
0xEE34873F2f499D16ecc329c730Ec1e88D531525d,unknown
0xc3ae71fe59f5133ba180cbbd76536a70dec23d40,unknown
0xdv8ecc6f5c1efa577cab3cd4711807e0823ed364,unknown
>0xcad621da75a66c7a8f4ff86d30a2bf98 1bfc8fdd,unknown
0xcad621da75a66c7a8f4ff86d30a2bf98 1bfc8fdd,unknown
0xcad621da75a66c7a8f4ff86d30a2bf981bfc8fdd,unknown
0xc5b05be4d8ba86841c5b9ecd505a7e337e3d446e,unknown
0xdb8ecc6f5c1efa577cab3cd4711807e0823ed367,unknown
0x568fE6Aaf80173C83E73d191864CCa05218Ab73D,unknown
0x85122792a1284cB7da549604Eb4a06A8646A1541,unknown
0x568fE6Aaf80173C83E73d191864CCa05218Ab73D,unknown
a6a0516911a89856426754314218811ac334bada5b30e43477e58188509fe9b0,unknown
TRWiMESY4G7sD95jC76wBuGgsq3sWGkWVB,unknown
rEb8TK3gBgk5auZkwc6sHnwrGVJH8DuaLh,unknown
GVhQqULJGMaERCZWGUBdtBBGvHYmcWyx8f,unknown
TEEghf3zm4dADmUeMQ1RiTx1FZn5NsYD39,unknown
TEEghf3zm4dADmUeMQ1RiTx1FZn5NsYD39,unknown
TRPhBuDdrjgJVdBSTMhnGF6ZtQCh782wrR,unknown
TDoyjmPJHzRFmYfCRLRsPhKjLETwd9fKr9,unknown
TDU9A16esK85nDkgVPhd3AHCjdbEyNZfZr,unknown
TRqqfqm7oia1U7BT1GE7Zfiu7haUxEM6Gq,unknown
TAhrp88Fb1hYRtom1K2yY6KnHTJskvrHTJ,unknown
TYCuxLSQ4MQRdD8LtsW4BDMYAK1vPZ8Rhf,unknown
TGdwRmbyVHdaTcrVhBPKg46t1cTaVRqYvD,unknown
TWhcfFHzMoAXdnEtc9g1yok3MjUEumPfSu,unknown
0x9fe994c0847b2642f860b80c1089db96930985fd,unknown
0x88593860ebce9733b475ce02957e57ea6cc45ac6,unknown
0x74de5d4FCbf63E00296fd95d33236B9794016631,unknown
0x28229f9B32057431A15d92f1544F75E82984568f,unknown
0ce906d693c51b9adf55D1Ffe208d3B92fe13fA39C,unknown
0x74de5d4FCbf63E00296fd95d33236B9794016631,unknown
0x6e19e5d3890ec8c6f4a88ae4a040b3c87fd56c67,unknown
rBFcc5DWVMJZ12Pafiu7cBXgM68XJkwFNp,unknown
TKeFaRjHMwmUuCSWAnPwyDTxhh2PjeVnaq,unknown
0x88593860eBCe9733B475ce02957e57EA6CC45Ac6,unknown
1GL9HqAwdUVnWDyjnXjFbmCDwcTTEhKHW4,unknown
TNLjWgX4Gm7ODJUzKD4ypupaK3DLwgPMa4,unknown
TNljwGx4gM7odjuZKd4YPUPAk3dlWGpmA4,unknown
TNljwGx4gM7adjuZKd4YPUPAk3dlWGpmA4,unknown
bc1qm26jn0zda38s2xusr2yz2sjlzwxg5acrev6zyh,unknown
1KQhvYSMHtJBypQPQB2muR3uMFwHAwFuGj,unknown
bc1q7qrrecqfxzfxfxuqmjp3p0l0x2t8gkyuqyk5u5,unknown
bc1qu6ng2ql6vds4fsylqumw54jzcyn7a8ax09va5x,unknown
TDhB7NKvJaBi7nziYUGvUwCecgzWKZihHn,unknown
bc1q3yppaupjwq6mpmz8qznxtl7jczxylkahs4w74p,unknown
bc1qm26jn0zda38s2xusr2yz2sjlzwxg5acrev6zyh,unknown
TX9eRDbT1obU3mcLws7ExSW1GbigJpsMgk,unknown
34ewmFSEwHmztKsRYni9HcTFdw1VHZNsw2,unknown
35gA5sP21VVfY9UyyFYS8tw27Eswou9i9E,unknown
3BzdMrihsdVQKR56Vta4jVfbxypQ9jW2nc,unknown
3BzdMrihsdVQKR56Vta4jVfbxypQ9jW2nc,unknown
3LLUeFJfkoxLdzDajKkKsXzko5A6dm4Um3,unknown
3EmBbJNNLABwWmJMcyJcLpxEzj6r8kYWzL,unknown
3Pc9kxhMWYEeLb5sEUGXngcJF11R4J6fjq,unknown
bc1q509nnxfdxgmt9x2t6y3ufhz7457tc2nd6225na,unknown
0xe4faa7db928c2a221face5b5258596d3aab1954a,unknown
0xe4faa7db928c2a221face5b5258596d3aab1954a,unknown
raQwCVAJVqjrVm1Nj5SFRcX8i22BhdC9WA,upbit
TV7LdHEe3yBBE8U7LDa16nSTrKbZ9PVfJ5,unknown
TJZwGp5zxNbJNzyXRPknWmyaVsZEW7nAzX,unknown
TJZwGp5zxNbJNzyXRPknWmyaVsZEW7nAzX,unknown
TJZwGp5zxNbJNzyXRPknWmyaVsZEW7nAzX,unknown
1HWLgDTRrAbowMrXdN4F6qhzA7ZSNKh8N8,unknown
raQwCVAJVqjrVm1Nj5SFRcX8i22BhdC9WA,upbit
0x0a15b4aaac9a867051c374208c350bb97d9a87c8,upbit
18Kj3wKqGDqVMSutEQDPoN2vb9 fwAEQ7z3,unknown
174XMFdJqnXtUyDj1hvTEwfeZgXoJpNgiN,unknown
c9662f5e5bb1a7cccf5bb139eca05905a0130fcd223e369930d25a21a531e633,unknown
93d49b7d10b0c21d94b28fc15d9c68e625e3e724933fdba28e0f9422f1253b00,unknown
245dd48345c3d10c53e0897d1b24210113b832f40273f5acf3ff2e88064e8f16,unknown
THhsYVxZeTKyegTq8izio2k75N7WjTsEeR,unknown
0x1842EdBaE5983073C510C443E24d51ACdbEabFF3,unknown
THhsYVxZeTKyegTq8izio2k75N7WjTsEeR,unknown
0x370b8eaad4e5970a853d25cd26a499150fd38274,unknown
0x056aEa3Dd8625C020061d31b5ee00287917d731e,unknown
TYCuxLSQ4MQRdD8LtsW4BDMYAK1vPZ8Rhf,unknown
TBP6VM7K9sfEzoQrJ8bTuSybiqt7Lm6bwv,unknown
TBP6VM7K9sfEzoQrJ8bTuSybiqt7Lm6bwv,unknown
0x739239b6e242706ddfefac24f54f4b5b3da95bf2,unknown
TATqpYMar5j7XHkSsbxFfm5QjEaka8QRUu,unknown
TNWhLCncTcbLvbPfQFu2KiXZgqg695fB2u,unknown
TH92gm7FwCeoq4VbdYTW3aEPNaej5tVfbP,unknown
0x521388052e51c698091ad3a93d974d8108c871d6,unknown
0x35B837F3d2B6620324d72750cE2E43EB17Cc4aD0,upbit
0x68802Acef37d36AC4E3cbc52B1d51423eaF931D5,unknown
TFWBoNcYYGsXuKeNFBkiFwTkFCixuMEU5L,unknown
TFWBoNcYYGsXuKeNFBkiFwTkFCixuMEU5L,unknown
0x02CDEe471c37ec1d353cEDD4B38327903f24DC4F,unknown
3DKYLUnyDrRReDdJ4NswHmEftPoxM97G76,unknown
0x53E4e2cdc5d2537753a5Ef17B09a4D6cdCF1D533,unknown
TH92gm7FwCeoq4VbdYTW3aEPNaej5tVfbP,unknown
THFGRusXGMsjsjbbzZw8hzfiCwXVviuYnX,unknown
0x8894e0a0c962cb723c1976a4421c95949be2d4e3,unknown
1BhrNoLRT62o3vdUnXDm62hBpa55goQC8h,bitsum
bc1quht26932mseqvy37nhqdqpc564wqm8k4e7v2vv,unknown
f1ys5qqiciehcml3sp764ymbbytfn3qoar5fo3iwy,unknown
f1yunaigmcwiksxr6jipl4xwtga2fcxvb5ibtzrqq,unknown
f15zd3yyjhughogvxmz437w6pz4xkto4emahi7l5q,unknown
f1f2flwg3kh47r3i5hkrpmypdlxygxowlavgiqlmq,unknown
f1s2o6z3q3qlqabqwotdpukm5zm7ptdkypocr6g4y,unknown
f1age6il2l6wftb26donbiot7jv6w6ybb43nexdni,unknown
f1krwbeu7o4eqirtcfb7jccgg4raqey3w7ma46g3a,unknown
f1pnuufaqgfcirwtezn5kdygn6562v4pq7ht4kkay,unknown
f1gbenoa4qjevh6sfqmltdx6rndul7jjwis3q7jfi,unknown
f1qfa4m4m7lk7nqr6rrpvytgrdb6pkh24v3zpqpey,unknown
f1ciaqcjkg3ah4zk2vwqzcshlhpt3esghui5v5p2q,unknown
0x04f7F019a53bdb2c908ABFA65A47F0418a552D4f,unknown
0xc59f84c4c14BE113C47EE151c787cBa2511e6C9d,unknown
0xEBe807bFDf8b2092E36e964C75463A8Aaa642139,unknown
0x6666827E8f2220dDf718193544889F3B482ED072,unknown
0xf3f0e3ec6d178970e8eca4e545e769b12778e9a4,coinone
0xEF13a3Af9A81ABAd02F67f448750BAB11Eb3eaD7,unknown
0x94a1c654Af87E1974579F762ABF58B60dDa7a2Ab,unknown
0xf3f0e3ec6d178970e8eca4e545e769b12778e9a4,coinone
rDXgvrF4g3eh1mXvgvmE9Q6z9JmhSH1nwX,unknown
"0x77e5cA3896Bf700BC4465fA871eAf987e87dE49B,",unknown
0x9591923330e1d65264501da3dD4C4059E641c560,unknown
0xB8578ffcECAac5df649bFBe8861Aea8c7803353A,unknown
0x6dBADf2a3e53885076f1D30B6198e560830cb4Bb,unknown
raQwCVAJVqjrVm1Nj5SFRcX8i22Bhdc9WA,upbit
rJn2zAPdFA193sixJwuFixRkYDUtx3apQh,unknown
TMAksMXczYSvZnYsuWYpTQ7ia5EoSnhh9k,unknown
0xA22c1B5320108C19dB53f58241Fd64b105562296,unknown
TYTyRE6wyxKosWA3sUU9DLB88pjhmedjNb,unknown
1PiqrGr1UmX7XdUYwxxgQFvJK4c7RYZRJk,unknown
raQwCVAJVqjrVm1Nj5SFRcX8i22Bhdc9WA,upbit
rJn2zAPdFA193sixJwuFixRkYDUtx3apQh,unknown
0xeb5270d738841002630d95f29f4b0e4c19b069f1,unknown
1J7H8mR8nEKFQDDmh9uaVAbdkL7Fqx5eM6,unknown
0x149a314dda09eb7acf41882576fdfed3506da1,unknown
0x149a314d7dda09eb7acf41882576fed3506da1,unknown
rEb8TK3Bgk5auZkwc6sHnwrGVJH8DuaLh?dt=360202984,unknown
upbit573eeba4c88b4df180d14281247cab2a096b8196a1274033bebd8d56d96,unknown
raQwCVAJVqjrVm1Nj5SFRxC8i22BhdC9WA?dt=1516022437,unknown
rEb8TK3gBgk5auZkwc6sHnwrGVJH8DuaLh?dt=361076146,unknown
77382881B529007C9B06BA18DBA032CC5AB766D2883DD30BA1F7E55F6900065E,unknown
rEb8TK3gBgk5auZkwc6sHnwrGVJH8DuaLh?dt=361076146,unknown
0xbd93B4423eB256D65891E645667dB993a39197f8,unknown
0x7561235e080d99e241bcaa59833d250d15a041b31c22964881e61899ea9a7f63,unknown
0x6e83a3d6f6ad3227fdb31e9d92d7b4f8d4137f946b4e4fe5376f33b40ded0314,unknown
0x042FCA5D9855280BAB855ac2D04D684d5895102b,upbit
0x4d54e9a206dEc24352a5C2440a5BDC7aF3150798,upbit
0x53E4e2cdc5d2537753a5Ef17B09a4D6cdCF1D533,unknown
0xfd1f879c194e7e12584b173a0e66760fb5797c2,unknown
0x6361391857e03C30C46B166583CcCdeBD7f40998,unknown
0xf3956e36172dE54B4135068e5Dc51746CFc7871f,unknown
TKyhwLiaeEnuqQRNjE7i6ry5zSFedTsQwG,unknown
0xe5E40e7A6d67Fc99caCa44E151A11e668fB2E7CE,unknown
MCxE6P7UdAT9tYXYZ2Q9A6meq6CfG3h9NZ,unknown
0x7842d3467dab3ec6878d42191eae505333d0f15e,unknown
MCxE6P7UdAT9tYXYZ2Q9A6meq6CfG3h9NZ,unknown
rEb8TK3gBgk5auZkwc6sHnwrGVJH8DuaLh?dt=100184954,unknown
rUzWJkXyEtT8ekSSxkBYPqCvHpngcy6Fks?dt,unknown
rEb8TK3gBgk5auZkwc6sHnwrGVJH8DuaLh?dt,unknown
rUzWJkXyEtT8ekSSxkBYPqCvHpngcy6Fks?dt=1239797,unknown
rUzWJkXyEtT8ekSSxkBYPqCvHpngcy6Fks?dt,unknown
TGRVLJVHnHQK6x2Fp1SRjGL2iiuqsvkx9N,unknown
TMXhwcK6rieuTaFTe8YTcMVsRUYzX6M4VX,unknown
TMXhwcK6rieuTaFTe8YTcMVsRUYzX6M4VX,unknown
TRtyAuxF7wmcFbx5iYsQvBbufGQJJNkAyK,unknown
rEb8TK3gBgk5auZkwc6sHnwrGVJH8DuaLh?dt=100184954,unknown
rUzWJkXyEtT8ekSSxkBYPqCvHpngcy6Fks?dt,unknown
rEb8TK3gBgk5auZkwc6sHnwrGVJH8DuaLh?dt=100184954,unknown
B850909F301B4DE5AE71798175C196173B9F3A0E9454D8F28B32279DCC6D114D,unknown
bc1qfmf2tq28zy68qg75v466rc267wlrruvxq,unknown
0x4b2507306b652f2b0d4ebb7a5055da3228add631,unknown
0x42bC7A42d3465858e3d5BF18a4b665Ef2C9359B8,unknown
0x9b98f1CD4193D58d5b64B34aD6F8566DAF6E686C,unknown
3QqkyhguCGgQpw3AuN3b2E8D9w6FtjPgKr,bitsum
0x7334E45120a8F3082ccCd52f5965b1A2AE8Ba96E,unknown
0xedc04caeede5f61040a8afd701fd8322b74bb1a7,unknown
0xBf94F0AC752C739F623C463b5210a7fb2cbb420B,unknown
0xBf94F0AC752C739F623C463b5210a7fb2cbb420B,unknown
0x1111111254EEB25477B68fb85Ed929f73A960582,unknown
bc1q4ctyvvaa0e9cnckw4fl0zgvlhe477rlrv7krvs,unknown
0xc3ae71fe59f5133ba180cbbd76536a70dec23d40,unknown
0xB8ad5a5E337D723ce579C659aAB3b1863d2c25c5,unknown
0x3AF1C656b535893c905F83A15F88e2Ecede63533,unknown
0xeb2629a2734e272bcc07bda959863f316f4bd4cf,unknown
0xBC9cEee1A155eAD4ecA7c7072aDd1Cb09876AB6E,unknown
0x95988abdbc0962d636b5b519d85ebb8481b99fa30e747dddf1282fda2fa72c70,unknown
bc1q5sn6q55z4gjx4wvl2ukhndls6lsgvn4vvcwwdj,unknown
14U3pu2WsSk6GxrvacG5bpATWZQT2V832b,unknown
0xdAC17F958D2ee523a2206206994597C13D831ec7,unknown
rEb8TK3gBgk5auZkwc6sHnwrGVJH8DuaLh?dt=360202984,unknown
0xa7f2704ba4f5ba1527ac9e8d6eb7b07e26a0b410,upbit
TZDF2Vuv7QNheXDHGs7g2obNLvmXsCTHb6,unknown
TC39aURZY2edWrV1vSVjF8EarXAzrPaawR,unknown
TBy6BGz3oWRGjk4PkBny56pLgFYgDpSgdh,unknown
TYgvJZqWjXrFNszprHVEiaKvMmdf7wqZJb,unknown
0x28c6c06298d514db089934071355e5743bf21d60,unknown
TTTJRaypgmUG6PaEcyuAE8oPbsMbS4ZFfs,unknown
0x0f0cd466773c61cd53b9c2bc83108a443399c433,bitsum
bc1q7pppkds9u0etwe,unknown
0xd0CB04fEe15dBAC9f1565fA025503abcacd137E5,upbit
rJbSh8fQ6mU3wxMEk2VCXBDuRiFPVzYFqE,unknown
0x73dc070e08515a9777cf724261f8bc8588ecd9443261e53e1a9954571dba9f4b,unknown
0xf55b5c4f54bdcDF839cc4872F78218d8a6BC5fA8,upbit
3FxUA8godrRmxgUaPv71b3XCUxcoCLtUx2,unknown
0xac2e393cb8d3450b3d152b40c0c44c03f87d87dc,unknown
3FxUA8godrRmxgUaPv71b3XCUxcoCLtUx2,unknown
TV6MuMXfmLbBqPZvBHdwFsDnQeVfnmiuSi,unknown
TEPSrSYPDSQ7yXpMFPq91Fb1QEWpMkRGfn,unknown
TAU2UgSN27tk2KiCJugtD7trf35LWe5Ue7,unknown
bc1q8h4p3u5wfv754qszcgwn05sqytrvnet2xsmfz5,unknown
bc1q8h4p3u5wfv754qszcgwn05sqytrvnet2xsmfz5,unknown
TE7vncLZ14u36FHVPmkxFgczGgGoCXxxRN,unknown
TMtRfoLMXU4ZTSqu6ddDg4g6RWUthvzQt3,unknown
7a119be358aefcb92b67436a0d63d2708122f50b1078b61eefc69dc6e42aa313,unknown
cosmos1ruekq7dj9u8x0hguq7mzvgz4znhzxsszauy86p,unknown
cosmos1skkmd8vl3xgqy5lkvgcdkg2h65y8rqsrqu02da,unknown
cosmos1hdhuh8g5s7hac4puuht4wnmcttzt64nrawplfc,unknown
0xBCAbD066aFe1925a5f5E0b087673F425b8E406Aa,unknown
0xBCAbD066aFe1925a5f5E0b087673F425b8E406Aa,unknown
TTTJRavpgmUG6PaEcyuAE8oPbsMbS4ZFfs,unknown
TSYF1oWqGK6H9y8a8x2wqJJLTJvAiUxaoG,unknown
bc1qvm5hhszz4e850epgafsvxalyz3yavaptp4swtl,unknown
bc1qvm5hhszz4e850epgafsvxalyz3yavaptp4swtl,unknown
TKyhwLiaeEnuqQRNjE7i6ry5zSFedTsQwG,unknown
1H1rUJBAjUH83LESPbGfdfRkPrMoMrMhwo,unknown
3DGxAYYUA61WrrdbBac8Ra9eA9peAQwTJF,unknown
0xe26a43d94656044b8afe5ce3d4d60e625ff29f7e,unknown
0x2e769fcb1b56a8b60848068ef169a3786b329c33f42fb9081b97ab4ad226f2a7,unknown
0xe6a421f24d330967a3af2f4cdb5c34067e7e4d75,unknown
0x62470d4f623da2f74490d70cc058509ee902dc35ad7c1ef7b64b8b998dbe4ce7,unknown
0xe6a421f24d330967a3Af2F4cDB5c34067E7e4d75,unknown
TFtfKFfdbcXAQKAo3gh59KqgiMJxrN9BCp,unknown
TTme7nEr4pPN9f3e7qMgiZ6k5dvx5Tgub5,unknown
THjcwsKnLvKJCqJ9zNixYhqNLuXFgvwo5U,unknown
33yn6uq21xExrEpgVBBDsfAEyYZXVEm44D,unknown
33yn6uq21XExrEpgVBBDsfAEyYZXVEm44d,unknown
33yn6uq21XExrEpgVBBDsfAEyYZXVEm44D,unknown
uq21XExrEpgVBBDsfAEyYZXVEm44D,unknown
1N2Yy6aiEfgyftqd3W3PrDmmKQ2mF7bY4L,unknown
1N2Yy6aiEgyftqd3W3PrDmmKQ2mF7bY4L,unknown
TLcCGSNuBZzwLcYaQ57uCSUufoJDuANT76,unknown
0x33cfe36702e8f8d3703682c7a818c25663f30dc9,bitsum
ox121X3a0BAD9B7D4835917Db86F7c5905E770B067,unknown
14FHMu8z9RxbjrE1A1anZwjroNkj8Sz4cS,unknown
0xc3e6B17E45B47Abf294D859C3A1fe8742D74a606,unknown
0xcba06cb2da22c79dce9bde9244e8f142a8567fcc,unknown
TTrGxRMyjXGS9XWgHad8DNVJ6y3V3PaBtH,unknown
0x6DD97f636823BD4F095bebE77b665A312a0840Ff,unknown
0x4cbb357f65ab7790ac0d8f60e5b98aa274df6a0b,upbit
0x0f5980e79b27450260a3355f7df75d577fe772a9,upbit
0x548016db0df90706ed977f2417b99f61a63a768f,upbit
0x6f5c9a7e9295c98ce1312fb0f792ea550b33700d,upbit
0xe87385479b1a2cc28c277ea5e93c75534bce8893,unknown
0x61d20474ee23c93f52290dbf14116e0ca6283eba,unknown
bc1qrz096ql3klduq5027nuf6q64g8drxt3peh3dfa,unknown
MVEKYHFLJ63UKDYGNKCD7WO5KFJZFVFMJPSDAWLDIDP4LUP575YDOW6GI,unknown
MVEKYHFLJ63UKDYGNKCJD7WO5KFJZFVFMJPSDAWLDIDP4LUP575YDOW6GI,unknown
TKRj2qcHZStAmBpJTaBmgixszQ6bxdyASM,unknown
0x9332a616f861ace55dc3e005fbad19ef77e6103c,unknown
14HjRDkvePaEPWhEYB8p7y26nkyUcBnrZj,unknown
3DfW87y2eBZrhWDRn568shwH2dSVoWnH1y,unknown
0x435d8Ae1924d96af821c0AB5f22Fd371F991B823,unknown
TWGZbjofbTLY3UCjCV4yiLkRg89zLqwRgi,unknown
1Q1NY75G57HBwBThdYUZLLWRwcegG7gTTR,unknown
bc1qjghfjcp4kn5lrwzk9tnzxvyv7hr82fz55lq6hl,unknown
156eMrmWBduZDhdJ5VhTSxzwtoE1vUD8Xh,unknown
bc1q82j8cg9x5n7yy4nrhpw68yp3g2n3l5nq0at66s,unknown
tnxug99xirmnuzkeoj247or4kh7akzhayg,unknown
TNXUg99XiRMnuzkeoj247oR4kh7akzhaYG,unknown
kyk2234988ekrkfk3322!,unknown
0x987fCDf5b867DeFda74e90aB0A04753a18a2Dc8C,unknown
0xB14BFE595Bf24C8108089963476cDd375eA55Ff2,unknown
0x7bA9a5768fc50dD431727224e3090F6164D31182,unknown
0x84eB00494fcCAF617f9067181Dbf028603823419,unknown
0xE9C4A735CFDC3241887be3E2858e5b6bB7c17258,unknown
0xc2b87f356A2b363106d7742c4Cbb537ACC1CAf55,unknown
0x2865Be66C65fE7F5FA5ED82DcAdF5b5e72f8287A,unknown
0xCC9a3045D35eBF683ac0d09C2ea5eC0BC6bB267f,unknown
TLUHpsEnwVN4LsQKpDZEKsSFUQRyraTTG,unknown
TLUHpsENwVN4LsQKpDZEKsSFUQRyraTTG,unknown
TLUHpsENwVN4LsQKpDZEKsSFUQRyraTTGM,unknown
TLUHpsENwVN4LsQKpDZEKsSFUQRyraTTGM,unknown
TLUHpsENwVN4LsQKpDZEKsSFUQRyraTTGM,unknown
TLUHpsENwVN4LsQKpDZEKsSFUQRyraTTGM,unknown
TPBTJS12P5cgV5oTfs7GrbGyWKyucD1RD8,unknown
TVtTFw3r7Sk5dc1Y1zH8LDn4W64VyiofhK (TRC20),unknown
TXbi1BPeCESdngQMDHBLznTchahewmD7JQ,unknown
TXbiBPeCeSdngQMDHBLznTchahewmD7JQ,unknown
TXbi1BPeCeSdngQMDHBLznTchahewmD7JQ,unknown
TXbi1BPeCeSdngQMDHBLznTchahewmD7JQ,unknown
0xA5c1bE69ae7EA549bc8b2F0465c27eED64b12A71,unknown
0x97775eaec65-7bb3fef426dc1255b3366f54241b9,unknown
0x9775eaec6507bb3fef426dc1255b3366f5424ab9,unknown
0x24e4a1f41eb401bc49bebfd05d1082dea404b3a5,unknown
0x53E4e2cdc5d2537753a5Ef17B09a4D6cdCF1D533,unknown
0x9775eaec6507bb3fef426dc1255b3366f54241b9,unknown
0xf3956e36172dE54B4135068e5Dc51746CFc7871f,unknown
0x6361391857e03C30C46B166583CcCdeBD7f40998,unknown
0x9775eaec6507bb3fef426dc1255b3366f54241b9,unknown
0x24e4a1f41eb401bc49bebfd05d1082dea404b3a5,unknown
0x87a0eac1aba51ad90b543b373b893ba4a228460e,unknown
0x047b43518f765366cde635d6a7c15a65cacd7bd5d982706e258276d997bf356d,unknown
0x9775EAEc6507Bb3FEF426dc1255B3366F54241B9,unknown
0x24E4a1f41EB401Bc49bEbFd05d1082DEA404b3a5,unknown
rDkUzWtLL6yBiYZhyW1B97D1PWwK1Ykqkd,unknown
0x50C26e7eB1f44b0144C18f8b8559E810fcA481AF,unknown
0xFbB3e1D0085b878b98BBc22B5601EE6C1536f4dB,unknown
0xEa0eaD526ea8e291a906d0085c4C89d20074d3E4,unknown
0x96c8a029f6f88d9710866476bd770155847bcbd,unknown
96C8A029F6F884D9710866476Bd770155847BCbd,unknown
0x96C8A029F6F884D9710866476Bd770155847BCbd,unknown
raQwCVAJVqirVm1Nj5SFRcX8i22BhdC9WA,unknown
0xraQwCVAJVqirVm1Nj5SFRcX8i22BhdC9WA,unknown
raQwCVAJVqjrVm1Nj5SFRcX8i22BhdC9WA,upbit
3LoJw9su9diXRKC9yeeJ8Tp3f6BCNcDrB4,upbit
3NCjVoRRyPRv518QvhABTM3kFRqqRjJWt3,upbit
3MeSVf3WjH2j4CqR4upXtK43csNUXVYgvz,unknown
bc1qwg6mljuer30x9d8xhpyg4sex0ddge6cley7l8f,unknown
1EkNuPeca4waofdontpTjXFw6GVWjdh4Ao,unknown
1EkNuPeca4waofdontpTjXfw6GVWjdh4Ao,unknown
TEn1q5awyNu13Wk9bDWsre7w6nPanCDfV5,upbit
14tz793H7AHDRhTfKTAsUmTGsZY2jdKXdv,unknown
0x2ac5699da531e2bf4c8746b64c4dee5de6d72fe3,unknown
0x605169dd3f47345e694332565238015aa54d5b5a,unknown
TMKRAdEKhcUi5d2vcf352uzJoEnA6sv9wq,unknown
TMZrKRpPoak5CrrVVn3Ua2LvZQzVYMAQAL,unknown
TYJr7753MvgZazu1LkANtRU2kEytKrHJX7,unknown
96C8A029F6F884D9710866476Bd770155847BCbd,unknown
0x96C8A029F6F884D9710866476Bd770155847BCbd,unknown
bc1qcld9wcx4vf6k3mzfz6lfrf7ftwmfxsaqqeyvc0,unknown
0x605169dd3f47345e694332565238015aa54d5b5a,unknown
bc1qj0s5wm02v8llldfakdd49pqmc6wxk02f6vv9vy,unknown
bc1q7xha4k0qzuewepegc46srpm67j48mf8znflcmt,unknown
0x535Adb0FD0F3DcF2E2B413acA949df63736BCE4C,unknown
Q0uuKYHNclfvqh4b0KOnofGcKenz53xCLTIn0Zb2f2uq3Ube3W,unknown
0x72eF3e8d8C16F183eC64B4BbE4EA655ecafDE62,unknown
0x72eF3e8d8C16F183eC64B4BbE4EA655ecafDE628,unknown
0x6988a46146AAdDD6ecDe54F480Dc1EC206De300E,unknown
0x45e76F259aeF5A63c7F3c3a1F38Ee1ef6439BA68,unknown
0x45e76F259aeF5A63c7F3c3a1F38Ee1ef6439BA68,unknown
TXrauXw2wazRPZd2Q5tSYRnFveCyeaCign,bitsum
0xA5c1bE69ae7EA549bc8b2F0465c27eED64b12A71,unknown
0x9fe23eb110da47335d9472f2d25aff12679d6a6bf671ea3fe969b892bf7022ef,unknown
1BgkG3ZymrMYp2kLFKGZrFU1KNZQNrQ6Dg,unknown
18UKFiecFXAxXWRfb6AJxx3B1HPj8HBrCM,unknown
bc1q3elv2g8xxv3fgeawzf2kf9s7w6qgrece05v85l,unknown
bc1q6wq9yj3u0dcsjg909tdllkp2tenl2qleveumn6,unknown
bc1qk8zqlfu3yntttcfyh39me7tvf0173waymn59zv,unknown
0x9775EAEc6507Bb3FEF426dc1255B3366F54241B9,unknown
0x24E4a1f41EB401Bc49bEbFd05d1082DEA404b3a5,unknown
0x86448D426ea92370E5387Eb649f5D4D4E37f1693,unknown
bc1qf3fm9gmjv8x9e7ezlu54gvgtpcvrnehv4vs960,unknown
bc1qw7hc3kcdeegvvkteq6saan6mtxyuz528jfaaq9,unknown
18WAL3Pe7LUxYovLLNJLPk9tHvJEDnY9R4,unknown
bc1q5a47ed9n535xt4p57jepwyte6n2uxuf9g8mqxd,unknown
TFWBoNcYYGsXuKeNFBkiFwTkFCixuMEU5L,unknown
0x02CDEe471c37ec1d353cEDD4B38327903f24DC4F,unknown
3DKYLUnyDrRReDdJ4NswHmEftPoxM97G76,unknown
0x7FE48a669E9Dd37440b1C44a2D118c343EE03ad0,unknown
0x059Cc7fAaDa122551013413Bd20C45FCec83287E,unknown
0xE1F9fC1C933DE8bE5348355C106012D1602cEB59,unknown
0x613A983742564500C31384B987Fd06FA689BF060,unknown
0x48210514Dc5B1e40fAa3f395Bc4C246e1B3176D3,unknown
0x613A983742564500C31384B987Fd06FA689BF060,unknown
bc1qsxhegqlrq3fjksfmdy38l82kpdmxrwplndmnmq,unknown
0x03f34be1bf910116595db1b11e9d1b2ca5d59659,unknown
3DZFJv7VpBcURiXyt7JhmQwtHuwBQTSHUG,unknown
34HELNSRB5HSuPXGwfKysSppFr5VtZVd4A,upbit
3NMP2Xf3PiFsnH7zp39ykXpXWgBz8Xzvax,unknown
0xE72FE114EB00c00f0f9ebd0ebB832A0C897ff9B8,upbit
0xE72FE114EB00c00f0f9ebd0ebB832A0C897ff9B8,upbit
TUEnBCoALEfQwyMJxVgtXeNkAjXGsprUh2,unknown
0x2eb6c9677e3319f20fcab8f8ce86a34d475a2273,unknown
0x2eb6c9677e,unknown
TXzJMrsx1kwb1KidvXmMyEBzzusCBpoTCy,unknown
XzJMrsx1kwb1KidvXmMyEBzzusCBpoTCy,unknown
XzJMrsx1kwb1KidvXmMyEBzzusCBpoTCy,unknown
TXzJMrsx1kwb1KidvXmMyEBzzusCBpoTCy,unknown
0x4ee2eb3de36ead04f092afa51c8393f0c985704c,unknown
0x72ef3e8d8c16f183ec64b4bbe4ea655ecafde628,unknown
0x6988a46146AAdDD6ecDe54F480Dc1EC206De300E,unknown
1LiGfzGf3wsVSfcXQkfBnUy16A7V2sCtdn,unknown
0xE89048e336B0Fd561fbd75858b7ca3C824ED4955,unknown
0xEa081993956A1ab043d6bdC909579CEcb9504fF3,unknown
0xE89048e336B0Fd561fbd75858b7ca3C824ED4955,unknown
0x6adb60c094f9fac1652f607cd32faf9635727eff97c625fa6e8328cab3199bab,unknown
0xB921187E2E60c3660Deb8C1A32135977184651CD,unknown
0xd7e77796A19203383560422d6336907f41c4Ad35,unknown
0xe0a9e5b59701a776575fdd6257c3f89ae362629a,unknown
0xd7E77796A19203383560422d6336907f41c4Ad35,unknown
TAAZ4qWHweA8XGLwMxs93R4uQpCD5cvjff,unknown
0x34661eE73663b71FB193ddFEEB2B58Fc974bF45F,unknown
rLSYxx2zwzFgk4cTaicpi2znnQBXgBeEEx,unknown
1NZRND4gxM1aWr8478r7qv5t6WBAUSaBdd,unknown
bc1q2jffe9h6p30pmm964tf3mlc6epeuhmr5pwpm7s,unknown
bc1ql28u5dw3u3wt3s9kex0ew5j3fr8z0usccw9j3x,unknown
0x34661eE73663b71FB193ddFEEB2B58Fc974bF45F,unknown
TVtTFw3r7Sk5dc1Y1zH8LDn4W64VyiofhK (TRC20),unknown
0x049D5203Af6D3be823a81cCEC9A8F9e7fcbA78a3,unknown
0x73D256965B73c0D69b5F7Aef1dff9DFE8bcD0C54,unknown
0x1d6452B2a642Cb7d25e8893308f2268467bAf0C7,unknown
0x0932777A79022C63F487A4BDFc98A2FC7F1A7465,unknown
bc1qzwxjuc0fxrxlnyfst7dcm2e8sldktvklrayjyh,unknown
TFN5ekJrqpGDpLZmPZrS9tqNpA9jVgrJex,unknown
f1h4ssetvnj2vpugsuzptl4swlgfunw7oa3eik54a,unknown
0x7Fe70026cB9B85f539EAfe1eeBEb91A3b73B47D3,unknown
0x8B41e1B9cb45f59040c443571495F4DA84D9DA3c,unknown
0x4812b4c357f1908F8cE97B0fADfA00d093df4F38,unknown
bc1qfm5nsz0ezsusanrqkvvlzxkfj3055nv3yudpqg,unknown
fe3ac9d376490daf9a41bdfb703cdf69c2db5f187eed62382d61b5c934ca4c92,unknown
1PbtES2Rt9YD9a7P3gTQVGTeedS7B8J6ao,bitsum
1PbtES2Rt9YD9a7P3gTQ,unknown
1PbtES2Rt9YD9a7P3gTQVGTeedS7B8J6a,unknown
1PbtES2Rt9YD9a7P3gTQVGTeedS7B8J6ao,bitsum
0xCa203192C51c783E82b7aE35b0C90F012c8F0bb2,unknown
0x0f7770244F111b33fc98f7d4819e27518fCc6a4B,unknown
0x202D8f31a9E9FB2abDfd31478d890C18459fa85F,unknown
0xCa203192C51c783E82b7aE35b0C90F012c8F0bb2,unknown
0x7Fe70026cB9B85f539EAfe1eeBEb91A3b73B47D3,unknown
0x8715b3f4125300ae9dB622638Fec6dceDCeC4CDD,unknown
0xeaed50a99289e618fafce923b1dbfb6ab245907f,coinone
0x372636e31784500fd2a92a4861c0f6f7bed441a3,coinone
a882c3bb909b7bfof8184d5900932e9f93e53fee3ec482b1a043eaf06e4c58de,unknown
0xCa203192C51c783E82b7aE35b0C90F012c8F0bb2,unknown
0x0f7770244F111b33fc98f7d4819e27518fCc6a4B,unknown
0x8C97211E4B1eff57DAAC7ad7768B1F2Efba1DFaF,unknown
0xCa203192C51c783E82b7aE35b0C90F012c8F0bb2,unknown
0x202D8f31a9E9FB2abDfd31478d890C18459fa85F,unknown
0x78a2797d4bc58c12fadee48fada3b66b44a50251,unknown
abbcmexcmexc,unknown
c586a80de4a64e6f82e558dbc6b91b08,unknown
1dbb99b26862adfb960a,unknown
0xb92D1A1B8035a24393d930e7580581C6BD780fb7,unknown
0xb92D1A1B8035a24393d930e7580581C6BD780fb7,unknown
259537e805114ddc6242aaff53561d0b4fbe66631d25c4c137468b325deca21e,unknown
0x55226a4265123366ed726d7ad620674fdae699e1,unknown
5cb2df6aa43738c1ac119c6d2bf93afc25894ac4f80c734a618e1880ed421ef,unknown
0xfd929679cbbeacb6b9b0ce65e2cf71d1940f97e3,unknown
0xb92D1A1B8035a24393d930e7580581C6BD780fb7,unknown
0x55226a4265123366ed726d7ad620674fdae699e1,unknown
0xfd929679cbbeacb6b9b0ce65e2cf71d1940f97e3,unknown
bc1qj6jlwqlwgqm2xnfvm3z33j867nl8mrzjh4zny0,unknown
bc1q30yq2zgg24z73sr42qsszszvtatt4cq05030wv,unknown
0xf138917a032358b17F1b0b7107ce454E7757e4c6,bitsum
0x3D6202061AfbaF8C0FaeEa1a887df4304D1fDd99,unknown
3Gfok5naNV9sQiH9GoJSj8yKhgZjaSnCUs,coinone
3Gfok5naNV9sQiH9GoJSj8yKhgZjaSnCUs,coinone
1NZRND4gxM1aWr8478r7qv5t6WBAUSaBdd,unknown
1MjSJWvZL6r9VjynpH4nwjYhT3J6nQESvw,unknown
TKsD658heJreDTQc3irsJnLhVf91Ro2n2H,unknown
TGs8CvxEBd3zf5AkWhBiztBE12iydFGcaL,unknown
TUpHuDkiCCmwaTZBHZvQdwWzGNm5t8J2b9,unknown
TDoXUNZ6PajKuiUkcYg3EDSV9bnqGqsbcf,unknown
TSoJSP9iLYgW5mp5fp88oNqShr98ZRpztN,unknown
TAS4coUDEhj39WxHuvDq2XMqH6X1YUcCFy,unknown
THJfTRyjiF3o1PGmA5XmZcYy8EuHE1zr4L,unknown
TSNGnuGwz3iHKvgGSBee4mFse6vYQw9ypS,unknown
TPK49eiMdQSRkZaxSJLCdVerH8tCwoPuRhQ,unknown
9559f1c8360425be7e93983ce57584490b920abd8c6e6f2b79c19e4795adbd0c,unknown
0x04f7F019a53bdb2c908ABFA65A47F0418a552D4f,unknown
bc1qp6p8zshl8fl8rurlh68ltcdwwvwx375cjlpmdv,unknown
3D2YrPPKppZZEqSA6kdeZFjkyKjLAWdy9g,upbit
bc1qd4msseep0rpsdt3dtxeqdffp5q9ef509at9342,unknown
3DDQnad6nVwCzZTNoYKTjF7EMC3LA124vE,upbit
bc1q7dmjqztn342e7qyl4tlfyqc8mju8ny7me8vm4n,unknown
bc1q7dmjqztn342e7qyl4tlfyqc8mju8ny7me8vm4n,unknown
bc1q9gaczhmzfz076xc5uj5zujz6sl3u6mp007pg22,unknown
bc1q92rstnmaylxq5hlxrq06repgerk4saf0csk6gx,unknown
addr1qyt49t29tl69qpvequjwer8ag0rwzt8dcz2470k4clqw0fpplleptl8k5t2gyuexf219vmljxfq5c8xt52fqev7kam3sp7vqzh,unknown
addr1qyt49t29tl69qpvequjwer8ag0rwzt8dcz2470k4clpw0fpplleptl8k5t2gyuexf2l9vmljxfq5c8xt52fqev7kam3sp7vqzh,unknown
0xF0D9Ac57a784BB34Af876DBd956950A7b240b551,unknown
0xf79f9020560963422eCC9C0c04D3a21190BBf045,unknown
0xbb1EE07d6c7BAeB702949904080eb61f5D5e7732,unknown
0x4D67EDef87a5fF910954899f4e5a0AaF107AFD42,unknown
0xFD957F21bd95E723645C07C48a2d8ACB8Ffb3794,unknown
0x8E6cd950Ad6ba651F6DD608Dc70e5886B1AA6B24,unknown
0xF79f9020560963422eCC9C0c04D3a21190BBf045,unknown
0xf79F9020560963422eCC9C0c04D3a21190BBf045,unknown
0x4D67EDef87a5fF910954899f4e5a0AaF107afd42,unknown
0xf79F9020560963422eCC9C0c04D3a21190BBf045,unknown
0x95Af4d1D7eCCB6091BEb6345F411D753A19e80e5,unknown
TVe3FJGabAruPeDFUhwetnRbTjuEoaCKBw,unknown
3dd9c8ad4faaee72e4ef447a4b95d44e05da448052267e4f87d7f091ce654d86,unknown
TSoJSP9iLYgW5mp5fp88oNqShr98ZRpztN,unknown
TAS4coUDEhj39WxHuvDq2XMqH6X1YUcCFy,unknown
THJfTRyjiF3o1PGmA5XmZcYy8EuHE1zr4L,unknown
TSNGnuGwz3iHKvgGSBee4mFse6vYQw9ypS,unknown
3c8653ka3wxcx2orzysupxzhw9ayzvbt4d,unknown
0x3678794e778890c4ddb1af53cda249b3eafa0c5e09bf589a730a30bd8bf311d0,unknown
0x491aebc0a003c523b3c1db0702aff95918f28193b6f812a790c0a6e073e12a5b,unknown
8340692e56b754dfea0d140c942501ebfe31260b0bb0f3a67beb3dab8e57c003,unknown
0x443f9e093d50ece33dee088a7d008581d5d55ea6d1b5a05201503e283f4528cb,unknown
0x4352f880ba9c69e80c67ab97ad59b49c526f1c39406505ea769b15b20b38530b,unknown
0x2e6b2706587f08c84724277a865cb8d82c572129af0491a128e4037bf74ca2f7,unknown
c08aad4a9dde4d48a5f13b9a3c09684eab866422a80458524ffd0d5e6f21954e,unknown
66d9c9544620fcf18588b78a0bad83d1d356670f99345b4e2b3a5d57df08031d,unknown
94ffa3dcf7d3bf91ebf2d6c05feb22e1ab47c66fd2e4ad80bc05dd82a6a19633,unknown
12rGudsJz8CtfPeqGyKEDTpN3BA74sPF7K,bitsum
0xD2b85EFe71338B4e1166888502e820B1Ad085F07,unknown
18WAL3Pe7LUxYovLLNJLPk9tHvJEDnY9R4,unknown
bc1qf3fm9gmjv8x9e7ezlu54gvgtpcvrnehv4vs960,unknown
bc1qw7hc3kcdeegvvkteq6saan6mtxyuz528jfaaq9,unknown
18WAL3Pe7LUxYovLLNJLPk9tHvJEDnY9R4,unknown
bc1q3qug3vtdxypueym4u9ufpyxp9fyaj4wutjh9sl,unknown
bc1q5a47ed9n535xt4p57jepwyte6n2uxuf9g8mqxd,unknown
bc1q70y9lpslnmkmy6qrljpcumzy27du3qrlyyvhg0,unknown
bc1q78uxts2h4js4xvd5gec57qmyu7vsvlw9svv3r7,unknown
bc1q8v8dxydy9sgp6nhm4n59hwdva2n3sdquypf4xv,unknown
bc1qf3fm9gmjv8x9e7ezlu54gvgtpcvrnehv4vs960,unknown
TXTY5SuNrCpasvDxoqWe8VNnRsKvwf8B2H,upbit
bc1qlusgm5u6n2snuk32qlwxr7h9gwvs9swluevqc6,unknown
bc1qw7hc3kcdeegvvkteq6saan6mtxyuz528jfaaq9,unknown
TCtezYtaZCsHLnKPbtvrRzj9QyeFSmWEDM,unknown
bc1q9k2rda07krw7hruezz2yjxnc9cu0cm87p4gacw,unknown
1Lxhs52ECVb6HHv3vdFNm386AZhyp1SnAd,unknown
0xaea209327c3903b6d77421d8e4f1f0bbcf863a05,unknown
TGNuc468F9pzV626E9dgyxc6tu2P6Lqq3J,unknown
0xaf54946106c9d66df8c308cF3c21931ec77cC65e,unknown
TQMxJcjkAoS9KqEqWB8ri9bQED2CavqD28,unknown
0x2617105dc95500c56d4738D1F879DB1583868CC1,unknown
0x5eb875da488026bd3812413bed3d83b79bc7ff3f,unknown
0x13f8D42D84e384684C6659dEfD3679FB873530c3,unknown
0x9650f58eed31b6f3e880338f9369d16eb1e6e5db,unknown
0x68b3465833fb72A70ecDF485E0e4C7bD8665Fc45,unknown
0x9332Be3AE05DAFc4FE3cE4c6845E39eB890aAAe1,unknown
18we5LVnLxoD7Lw2MuUAHgCST3Ze1Sp6vv,unknown
18we5LVnLxoD7Lw2MuUAHfCST3Ze1Sp6vv,unknown
13qfByNwps6akRHL3HJVsvHKGbRSwNf1ju,unknown
13qfByNwpS6akRHL3HJVsvHKGbRSwNf1jU,unknown
bc1qwm2gvg4whtnym3veqvc0dvqfn8xq6sktsrmx0t,unknown
0x232DEdDc5e94D2fB48273c9cCfE010D8a943e7C4,unknown
0xdAC17F958D2ee523a2206206994597C13D831ec7,unknown
raQwCVAJVqjrVm1Nj5SFRcX8i22BhdC9WA?dt=1516022437,unknown
1CiPUkf1hV2WeLBCbWUFbjhF2wpzUhRyaF,unknown
145yokQFLKkUMGAjQ36hbVKxPGMfi9t1d2,unknown
bc1qwvwe24us3alrz9vz8q8hu5xe8u9m439gfwqr5w,unknown
14wTbHND7wZU51kSiJbPUXSYdiBa88kdHF,unknown
1HkKBRgaW9nxW5kWQ5Wqu78Et8sDAGkP1h,unknown
1HckjUpRGcrrRAtFaaCAUaGjsPx9oYmLaZ,unknown
19yaGLuMxsK8Nu8yKs7n12zRnmAi5U33Td,unknown
bc1qweqyf6j5l3djw4chd4axfc9w0t5jk7y66lh3fk,unknown
16sGMmgLAzfnYMCHJwpDzYXQmsq4mVdsz1,unknown
0xaa21d3372d7e40754bd98d7047076a961e49c133,unknown
0x3f496C02E4001ae137aca2f4a5C4e34537b199c9,unknown
0x11Db3267d9f0C900E796726F677077360d9204b7,unknown
0x75401Fe7eaC971D440B8DbEE981E56c018366bEE,unknown
0x3200B5631d0CB9C5766555b5Edde6Ed35A8 06080,unknown
TLxuqEinbc5Mv3pRLpk7eJByBCGadrig9m,unknown
rEPtbB5ZDP7E4hNpcWddB1tcewwAvixSMb,unknown
381E1KuhGVwogM8jaW9gz6kK11TPw1qhAr,unknown
0xaa21d3372d7e40754bd98d7047076a961e49c133,unknown
0x881d40237659c251811cec9c364ef91dc08d300c,unknown
0xdac17f958d2ee523a2206206994597c13d831ec7,unknown
0xac9809781e238b32fc4e27a2024497922443a259,unknown
0xac9809781e238b32fc4e27a2024497922443a259,unknown
0x451cacc25693c2673cfac00336638fb73e90ed79,unknown
0x0D6Db9F046b4e4c8723a125B7C7c5e2F768B4403,unknown
TLWhbvMgtQMMm8m2MD52sbHfVUXsfV2Sfi,unknown
0x8d4c0b6b101a032c9883ce406213e19bef688cba,unknown
0xdA23D2c85Aa89AbCbBe1D1f5820Ac15D4E1b3A22,bitsum
bc1qw9dmyxvlm830jl7ec8a9rwsmrudumhyzvf5nfs,unknown
0xb45a2dda996c32e93b8c47098e90ed0e7ab18e39,unknown
bc1qh5pdnf6j0amjpfwrzqxkc7s6jqttu3ecyey3eh,unknown
TGiYujyFe2Np7LA1URTdRFeVp9riPrKiG,unknown
TGiYujyFe2SNp7LA1URTdRFeVp9riPrKiG,unknown
3CjXTiHUPTfrkeCzDaT15Qj4nhB4XAofBK,upbit
0x195e4b7C2Ed6EE86cE3CF4076cCA5FDdF2B67984,upbit
1PZfrJFQNSEvwDnx1txm22hkqC7m88g5Bk,bitsum
3BQMQZqfMp9Y1Ci7boPowWHviL7Y56jA7V,upbit
35Js7D3d2E7cqgDU1edmeAR54ejc4foTTU,upbit
TTKnX2rqz8yA2Tfi24eMR6rhWWGckh4FUk,unknown
TWoWJmjNBBM8h5PZ3oYhieK7Xva5EiUddN,unknown
0x9a8f1B761B465A6875b2194a731e32478a5ddb7B,unknown
bc1qpjsa6n4rfcual0z8xclnsn2uw3pj8dtkdgf4y6,unknown
TSipBzxc77f3i74fBgrh1Esx1vQXgsDaRS,coinone
TW4AkZP9r4nFrJdmsS1Y11HD5EBHyCP7PZ,unknown
TW4AkZP9r4nFrJdmsS1Y11HD5EBHyCP7PZ,unknown
0xCbA06cB2DA22c79dcE9bDe9244E8f142A8567fCc,unknown
0x4eF81992820921E9a7A772C97c2f5ad081B3bA13,unknown
0x90df21eF2162E84af3b01eA9b9F300D289E2F711,unknown
0xC49621e816398E8f545E832069240d5a0B46F327,unknown
DE44eEFC98db6bF212c3a3Af24A4B4e01E21,unknown
TCdHdusaGab9vA9GXCCdWMmi8YwCJKTYR2,unknown
0xbf6784F51aD6AE289C93304084FC69Feb1aB430C,unknown
0x48bB7579C70Da30A9E625A6E6B5b583a5a956570,unknown
0x48bB7579C70Da30A9E625A6E6B5b583a5a956570,unknown
TK3HuGEvtbCJxPZTBbBN79iubs4bi,unknown
TK3HuGEvtbCJxPZTBbBN79iubs4biarEuM,unknown
bc1qdmyjpnxsqf4845ad64a5xw0wftufhqu6k2ql92,unknown
TJyUTKwNtL4HDLZc3suZcc9fgF6rNkfjWB,unknown
TLGKdwJZkwiDpqrpSvMNEnyRrMGJxjAFgk,unknown
39Jp9ViZjCpy35Kgdb9wEvGWtroXj6SxMB,unknown
0x608BAb6E58Af795f2AEbb1b1CCE2C0F522511Ef3,unknown
0x84fcbaf9985623982c72099485ecbb36397e08cf,unknown
39Jp9ViZjCpy35Kgdb9wEvGWtroXj6SxMB,unknown
0x9661c2f37f9cbafda6acf059270006be33d87ece,unknown
1H5mcPtwp89DKamAnvwoSdaG81kn8SySTG,unknown
bc1qwurdr0jpzvfc2rcuqgcdv2jypjuqqdc6ptqhsr,unknown
huseophuseop,unknown
bbb234234234,unknown
4822cc67-d928-46ff-9f27-b94f09e81900,upbit
1MeFMDTBCuvuHDWa22jZ1Tfkg7jH1bUfoX,unknown
TDR3gNNx1U2jEQqoGVXggkbHiYhYhxvp5P,unknown
0x188fe609d53ec99c4a73ac8daec19b4629bf7b59,unknown
bc1q89e2mfkcy8vgpzqrqcuqh4zxmjc5q6x5vas7jz,unknown
4tjDQwwH6aknY5FW1TjacGAtmhvSjWUgkvRfTxfkxXRByWhPFX,unknown
PUB_K1_4tjDQwwH6aknY5FW1TjacGAtmhvSjWUgkvRfTxfkxXRByWhPFX,unknown
65f70d86-eaad-4221-bef0-e1ab237ed664,upbit
bc1qp9xw74skskc90entkaugyzfjm54hy55rjjzqym,unknown
TCzZxGWZTFJH1QWqdijepyrpJGiYWGz2U8,unknown
546c249806e39b5b1eac899ea70494cc7afa44b358ebb85adb0a05e2d343d1c5,unknown
ef6942bf79e16cf3396d28554b0a7a8de2bfa182f0a4744f62b91c0c31b4e5e2,unknown
732fdc9b212c21da32039774771b8601877710a4ac0a6152915062729a076d51,unknown
15222caeb48271337c405db7e99e3506a5e5327bde223707d137fa2cb05d2477,unknown
0x68b3465833fb72a70ecdf485e0e4c7bd8665fc45,unknown
0x97feb608d6a1d4ece850a9526db25bbd272be8b0,unknown
0c664189142d57088bf25a15dd4b26cd581685f6aab1e9766aa810cc9c3f8f0e,unknown
8964892ad776a4d8d62034d4f98e25b3bab16a37c5967ca2e03f31a8f440d00e,unknown
C7A485A5622695D35FAC3F2237873CD2FD5CBE8D0E0F0A1B4B6C778977B6CEA6,unknown
3.54E+11,unknown
1001362287,unknown
0x1d5471a26282fb2b65c05e21d168d8afa722e,unknown
0x073cBfB3232D5D38Bbfa3A2f7c831c4a1e98BAC7,unknown
0x74CEB514B0Bd17a6a46B9B6B97D89E61594a29Bc,unknown
1HvnSbZhk71JwRLyJ6Am2842TWX5zfx8ut,unknown
0x7d08c8B6fFE3bA40ad8a2559962f b972bCA6ea79,unknown
0x855404e21fe782e216698cba10e92cb59a4685c6,unknown
0x9b2bc892920bbcc05318683c74405128e8ba6c7c,unknown
0x24abe170c8e6c5d05c35596e84538a7338fb4b9b,unknown
1FFdG1wg7L7hBbj7P7c79hCkTC5SmFjPdb,unknown
0xda23d2c85aa89abcbbe1d1f5820ac15d4e1b3a22,bitsum
0x2e690EA7DeB6c36Ac5eAA2C2C1c7Eb1305c1Cb47,unknown
TGUanSzRkF8gXDHEQrpJDGDufw3HyiWCrw,unknown
TUiMqqCYwojFmYuspy3iAASoztqHbSc5hN,unknown
0xfc62dbdfb59596d235f5581d094a6d320873115a,unknown
TZ2Tu4siwDvg3rJewgKhsAPAw863v5hZP9,unknown
1MCPcGbnrv4Uv9HcrjoQwzJaEFGrwzE6Pk,unknown
DA3ADAD693BB59D45A236C57B45B33E029D7C2C2C926C674540E159F2F4BFF8E,unknown
3.54E+11,unknown
domino,unknown
1Aj7dAiNWrnMvmCETQcLysH9XVCzoz5Yo1,unknown
16aFtv7ViAqdMGZJz8GPKWvMD3G24u648E,unknown
uc548uc0acuc7a5,unknown
1GQzahE8qJa358sGQ7KbYXSfBanFBfNce9,unknown
0x08AA58F0AAE65fF8cbd519884EB25fE2939F1eD4,unknown
TBM6Awc1jBLKQtmkTaAUJsQjL925k7WwZG,unknown
0xdEFDeffCA92347fe9FDe89164AAb2c0b29FA33,unknown
TXvaiB9rJBkS8Hk8jXi9vh9sZwg25q9QqA,unknown
bc1q3q4dwf9ga6uzjqa0gss9kgvx27evtwj0jsqypk,unknown
bc1qet4284a5x4w0mxfpv0uv87jln85842wwvydflg,unknown
bc1quk5vxfwcy6nj90s28fwh89hutuzs32vt0z59fr,unknown
bc1qe9harn9cmy40c87mpelxs6sewjlepnkxp0k98x,unknown
bc1qe9harn9cmy40c87mpelxs6sewjlepnkxp0k98x,unknown
bc1qm3cc5p93gf5c5wkq3ts5ksxcs4uprcht5t2hpn,unknown
bc1qgfuacaszc8g[69adxl7e543q73mg286vhqzeju,unknown
bc1qgfuacaszc8g[69adxl7e543q73mg286vhqzeju,unknown
bc1q7ydyjth64vjvc7c3d2cqy262t8kg94lqnjufj9,unknown
bc1qvv0qeujuhs96p64pata53vteuf6r5z6nsm9amd,unknown
bc1qd70arvdxlwu9w3aj43udjeu2ftfmtjae5mpsm9,unknown
bc1qcg3nqfmhh7fvcr6wwaksqkxfu2e0ye9p8jpl9z,unknown
bc1qkxzywpcsllcdsd0483jxrjykruuvrple56k4lf,unknown
bc1qtkxcgle2gduqxufa3al6t0lpsjl4w6gvujrkut,unknown
bc1qfcqt0833alzwsnuerk5vwj560mkq48gvgy00at,unknown
bc1qf6xjc69pe7p9duw476ukg4uc463kj9yw394gjz,unknown
bc1qfr0dxj5j8z3ny0kfsfpn9xwffacfqd8zj5z6rp,unknown
bc1q3936h8qf4yjlajq3pwqxhjv22mwjatlcctqw5f,unknown
bc1q8jsvdexewk5uc5wwrhssnwedrau5l03rte644u,unknown
bc1q2nuhh03pr2ufgcu80rru38lpena5rwuyt05ugh,unknown
bc1qq7d8pcl7e5zmagq9efm5gve8ffv6863gp33u2p,unknown
bc1qlar5lvcscv4r3ndrhscyk4yn4m075gjgt5qr63,unknown
bc1qutl342pj4khrkh7fmg33hsylcjwc5xwss0grnp,unknown
0x0016C0d0343e8f2c3A7b6A51606B84B1545Ec606,bitsum
0x29634a45eF30Fc13b7A0792A7134d2Daef2E6531,bitsum
0xAc9809781E238b32Fc4e27a2024497922443a259,unknown
37y1n3E5KbfAEu5u8ZbiQBp26DTN1su8nW,upbit
0x4aB414a8dcC851d069393768AE621A1E7307F114,bitsum
354js9XiJahzj6SiFJmwUyrXUB Mh8zDqpm,unknown
bc1qeh06hzy33zjuszw2q7ct337mnmu06jkeya2edg9,unknown
bc1qdy3wx2ggxt00qc0p2er4ww58sz8e5fkqzvkp5,unknown
37y1n3E5KbfAEu5u8ZbiQBp26DTN1su8nW,upbit
bc1qlar5lvcscv4r3ndrhscyk4yn4m075gjgt5qr63,unknown
bc1q9jwzceg774f5ya9wpwel6c5vg9kz7xrhdu4whx,unknown
0x4b4e14a3773Ee558b6597070797fd51EB48606e5,unknown
0x236F9F97e0E62388479bf9E5BA4889e46B0273C3,unknown
0xBf94F0AC752C739F623C463b5210a7fb2cbb420B,unknown
rs2dgzYeqYqsk8bvkQR5YPyqsXYcA24MP2,unknown
TMfQy6gjekGZGpFvyU95UdkqStf9VKkCX,unknown
0xBC9cEee1A155eAD4ecA7c7072aDd1Cb09876AB6E,unknown
0xCFE0fC70A6a9BA549841a8BF095855b42d8E870B,unknown
0xfBFcAC54E373Aa23e43ADF472E120AB67eFD1459,unknown
0xBC9cEee1A155eAD4ecA7c7072aDd1Cb09876AB6E,unknown
0xc3eaf129005d68183335232ec3d95933c0d7b605,unknown
0xda23d2c85aa89abcbbe1d1f5820ac15d4e1b3a22,bitsum
TNdy8uDknNfjwi7uwfYJ6ACaDHg9UZndUB,unknown
bc1qwdn20kfp8dhcfvperr2899y6w4szzrxedq7hst,unknown
3NGDwZPSCEiE925TtRFufRVEnNdZHfwLjN,upbit
1PZfrJFQNSEvwDnx1txm22hkqC7m88g5Bk,bitsum
addr4qx8e9rrz7vu5pq577z8g8yzxg65pfhzhwr7vt9dh82vcje9fn5xx92eegzpfauywswgyv34gznw9wu8uck2mww5e39jqnkygrm,unknown
addr1qx5e6rrz4vu5pq577z8g8yzxg65pfhzhwr7vt9dh82vcje9fn5xx92eegzpfauywswgyv34gznw9wu8uck2mww5e39jqnkygrm,unknown
0x5ef67cadd1194ff2a831d2dde296f332fb74e7fe,unknown
TXzJMrsx1kwb1KidvXmMyEBzzusCBpoTCy,unknown
bc1q5s80lq303s9l6hs2xqfmajks404a7nggsw4xe4,unknown
417d82098d88a0e218b948a08debb798f4bc1dc0d11e82c7608d5a1b2a9a416e,unknown
0xd9483033ceCe6a4958553E1Effc31c13f21527EB,unknown
0x5335749b92c5FB6391E27fd5c3F136D2d8016526,unknown
TV6MuMSfmLbBqPZvBHdwFsDnQeVfnmiuS,unknown
TV6MuMXfmLbBqPZvBHdwFsDNQeVfnmiuS,unknown
TV6MuMXfmLbBqPZvBHdwFsDnQeVfnmitS,unknown
TC9oG67dCjbZxCpLPzFPwiDJSr15Lc55H9,unknown
TWPCCXvSMDdu17EaKTxdwgRc7nLymxTeg4,unknown
TQBwH2uxJJQbLZAiq74Rii52bFj1cuveDk,unknown
7.90E+13,unknown
bc1qutl342pj4khrkh7fmg33hsylcjwc5xwss0grnp,unknown
bc1q09z7ulq3gwuvsx4rfd4n9nl3k5pj4nkxa52ltp,unknown
AD638085412325276721,unknown
AD638085072269682311,unknown
0x0aa35838727f0260b42941e0f6a9660d3316c7fb,unknown
terra1zgl73k4qcs2xla6f6ayslvkvtu8nu32heyh92h,unknown
0x6fc48de8f167456b7aa27dd4ecfabba329ea623d,bitsum
terra19qx5xe6q9ll4w0890ux7lv2p4mf3csd4qvt3ex,unknown
TNI\\iJwGx4gM7odjuZKd4YPUPAk3diWGpmA4,unknown
TNiJwG4gM7odjuZKd4YPUPAk3diWGpmA4,unknown
TNiJwGx4M7odjuZKd4YPUPAk3diWGpmA4,unknown
TNiJwGx4gM7odjuZKd4YPUPAk3diWGpmA4,unknown
TNiJwGx4M7odJuZKd4YPUPAk3diWGpmA4,unknown
TNijwGx4M7odjuZKd4YPUPAk3diWGpmA4,unknown
N3ZlZjNZck9RblkzMEtVVnl3a,unknown
TNiJwGx4gM7odJuZKd4YPUPAk3diWGpmA4,unknown
AD638085412325276721,unknown
129FphTC7TEjswxPqpdVnZph4DbjdPAXt1WrqeLy,unknown
129FphTC7TEjswxPqpdVnZph4DbjdPAXt1WrqeLy,unknown
0x0c978C4Abf59CB8517B32EF0Eb1a0da90216efc2,unknown
0x8467b4f42bf748b35924eb092f2c6da769ca183e,unknown
TGNuc468F9pzV626E9dgyxc6tu2P6Lqq3J,unknown
5d81f6cbd93d2f9d37ceeb5baa0f0472fb75034ed237f1b8b04aaaa0de48ee08,unknown
8265b595f578a949a68cc5f69b8ce64d802bdb3c8855ccac7549a80d1845e4ce,unknown
b407f7a236b9b9646cfbdc93987aa25020c6b90c42d1e66ca792e350cb4f7201,unknown
4bc1b325c1b146449ab93b88340977a76638608e9d1f324fa49c7237e2c7a6b7,unknown
5d81f6cbd93d2f9d37ceeb5baa0f0472fb75034ed237f1b8b04aaaa0de48ee08,unknown
8265b595f578a949a68cc5f69b8ce64d802bdb3c8855ccac7549a80d1845e4ce,unknown
bc1qlp60xnsc3qvfcn5yuzmza0q7c6gnu0wx626f8s,unknown
0xf7af4f886f7ab81aaef44488d47514dc0d261bba,unknown
0x9b88CF0c3EbC120F1F115BAdC895421DF6b007B2,unknown
0x9b88CF0c3EbC120F1F115BAdC895421DF6b007B2,unknown
TGvASjk5UucsQBA76p2nwuUeaE7ChqxRfK,unknown
TGvASjk5UucsQBA76p2nwuUeaE7ChqxRfK,unknown
TQ4y2nyP4VoYDx4xCuLPoyD9EnP8si6oG5,unknown
TJ5TeTdGgpB3rFFjSFPF1Bsi7Jn8MH26pn,unknown
bc1qh8e2c8klfqyk4uu2qyt4qx58kcn38r8sfrpmfl,unknown
0x400cCf86aee99ffbc15097855328fc6fb6Db0670,unknown
0x0F11117120B3C8Fd90e263b09c464bA591fa334D,unknown
bc1qh8e2c8klfqyk4uu2qyt4qx58kcn38r8sfrpmfl,unknown
TAZjVS7YcXLsNmpjg8rLYELnqmsLyzEio6,unknown
TUAcRMx61NA8b5HR1N3NutpTiX5HQfrb9R,unknown
3EUSkugPP5KWDcnr9oMMXPhUUtEhxhRUzD,unknown
1Efh5iZ5qdGVJ88VQfuf7TFsBuvqpm1HFa,unknown
3AENJt5Q5k6AtfzHP4QvAaFqBMTJAwNpEH,unknown
0xfc62dbdfb59596d235f5581d094a6d320873115a,unknown
TZ2Tu4siwDvg3rJewgKhsAPAw863v5hZP9,unknown
37a2MmvF4Y3VAGKiw6NtXQeZKuCk4BS77w,unknown
0x401a63133888c279bb9ae85 4c46e0a767702337a,unknown
0x9e0x9e0c49219C6db487408EBe2615C18186415F5Fe8,unknown
0x422d221A73b69e5a06ffb5c14375ed81Edfb5dad,unknown
0x03B34d476D5D837531Ef3038798d9DA93bbe7722,upbit
TFrMMvJgQwnypVVB9DbJdL33S9LLpj7Dej,unknown
TAKrSnNEDq4ExxJ23gQbzKsa8e3Arix231,unknown
4ec21d24beb00fe2c2965f4c0ac4ad1c923740ab791466b7ba88f458fcf7b749,unknown
bc1qkr69d9jq3usg8xdjyt7le3nwaldsxhm9uavzad,coinone
1F1sfcDMYDphhW9Btzrbvrd1GqhyzRneAP,unknown
1128Ev6iMRQ25SuGAnrekSqbW8aQpX5PZQ,unknown
TAKrSnNEDq4ExxJ23gQbzKsa8e3Arix231,unknown
TFrMMvJgQwnypVVB9DbJdL33S9LLpj7Dej,unknown
0xf43b9876db09d3704286173c822dc266741890bfa90336ca07c5d96f47b,unknown
0xCEd773073c6873FED795510E24e1b1BcFb7813cc,unknown
3Ci3cFg7PuCG37dKVQMBByKYd761v9faXf,upbit
0x252813a7a94779cc869DbFacedc3E0CE92a023Df,unknown
0x0af209FA1a6915A184D050A78e912EF7353D355,unknown
0x0af209FA1a6915A184D050A78e912EF7353D355,unknown
TDoyjmPJHzRFmYfCRLRsPhKjLETwd9fKr9,unknown
16ieDHhAKViyLCBQ5cuGtnehbM4g5bY5z,unknown
TSvbTNBkomvMvgUcgf4wUoPbm1bPsMTjh6,unknown
3GDgbaYyoKyY1QC369fHOIQXrcbI9AAhnm,unknown
3GDgbaYyoKyY1qc369FhoiqxRCBi9aaHNM,unknown
rEPtbB5ZDP7E4hNpcWddB1tcewwAvixSMb,unknown
rNeD89wTqyLnbeocK5XRhQMv9FMAg5gAgz,unknown
TJhrKzktdN8vLxEnVvEBVWnfcMPMZsxKGm,unknown
TB9fgjHttmrETXVdCzzKkr99CftQ7WdiXb,unknown
TGeGsscG6FjEN81Lv838f6c2CTwgA21Z3X,unknown
0x4o8k803xu8yq246761f8dn09439n95e8rox0420d,unknown
TSp8wsLNUuVek9FZMjLvDprqvucgNe5sQM,unknown
3NGDwZPSCEiE925TtRFufRVEnNdZHfwLjN,upbit
0xd0b4fA52e647F79207c520F9Ec7630C342599849,unknown
bc1qd4msseep0rpsdt3dtxeqdffp5q9ef509at9342,unknown
0xF386a3AD12882c549C1c0914B55ab7424091244E,unknown
3JkXQwJRUTUcvmE5FA3dqfZsTNTyBhzFWn,unknown
TNAQqVLQDHBfLHXKc3xTrepKxRQVsYMa1G,unknown
TPREhzm8Qjy3ibB4T2R8ioAt7cuZUXooZh,unknown
1GfxnSmvpb6TrEjQq3yYJ6u63zNijpUCSQ,unknown
195Y83MJjs6pmzmAE9sD94JmgN5JHgq7mm,unknown
TCy4omNDJdkqAvyG8iJpihPj3sZKCN3BpY,unknown
TCysomNDJdkqAvyG8iJpihPj3sZKCN3,unknown
0x999D6DE24BFb75E40C9745a1691469f4754aA730,unknown
0x94f3AF7e07beeFA403d548cA3b21989560574299,unknown
7881bccdc44a64327ee029ec1edd14e0ea6b252f,unknown
0x7881bccdc44a64327ee029ec1edd14e0ea6b252f,upbit
0x49f6C8cD809d596a41B34420F8736B72d995DA65,upbit
0xbc1q02d46ehv7093758h8s8fskft8v7zkdkch5y55r,unknown
bc1q02d46ehv7093758h8s8fskft8v7zkdkch5y55r,unknown
be1qzwxjuc0fxrxlnyfst7dcm2e8sldktvklrayjyh,unknown
32FymTnPVs7k7f9XkgoE67MchhXJtfdkzG,korbit
3NGDwZPSCEiE925TtRFufRVEnNdZHfwLjN,upbit
bc1qyxf0vyaaqkeaze4nem0umw2s6w77wu2vp30f0z,coinone
bc1q6yc3z0xz89xsgfp9w9398shrzxutc4r0a0mjp3,unknown
bc1q6yc3z0xz89xsgfp9w9398shrzxutc4r0a0,unknown
bc1q6yc3z0xz89xsgfp9w9398shrzxutc4r0a0mjp3,unknown
bc1qkp0kwvalf2p4nnq8m3g2h7nm69zegdsdqyu75w,coinone
0x11C9e460dadBE53220c8F0,unknown
0x3506424F91fD33084466F402d5D97f05F8e3b4AF,unknown
0x0743a61d2DdE399Bc94C6313d362deF17783FD28,unknown
TMtvd7h5poP3uDDFzPDpERLxr5jcpFXP5L,unknown
0xeca75ea5696b11d7a5a48ae550fd7ced264ccf31,unknown
TFrMMvJgQwnypVVB9DbJdL33S9LLpj7Dej,unknown
0x0743a61d2DdE399Bc94C6313d362deF17783FD28,unknown
0x88134Ae503853F4Ca7d2879E71e7B2dc52F0AD84,unknown
0xe356a0392813d64666ba90659e0f517ac51df70c,unknown
0xe356a0392813d64666ba90659e0f517ac51fd70c,unknown
1BFJXCKGPp6M2PszBuoo9cXNcJb7ZN6,unknown
1BFJXCKGPp6M2PszBuoo9cXNcJb7ZN64RJ,unknown
0xa2221b144fb62628b0f48a39d37d9abad4b7ded9,unknown
tkwfc8pbpbgyltil4k1mmeip54fvhw9yuv,unknown
1BR7sEUPkTgnetJ3vQQstyJzeTipgzNb2Z,bitsum
0x68b3465833fb72a70ecdf485e0e4c7bd8665fc45,unknown
0x226390d48B6E66Ad2945a7B4B6BA767e7B274731,upbit
0x9e09b640F5354039dB97627F308D1845D9769C9F,upbit
0xFd523bBCE795DC34cd30fA3300FC56d668Dc33C3,unknown
0x3e59cdcdc49939cfad8ae2e9247e609f46d1c69f,unknown
0x3e59cdc49939cfad8ae2e92474e6609f46d1c69f,unknown
0x3e59cdc49939cfad8ae2e92474e6609f46d1c69f,unknown
rEb8TK3gBgk5auZkwc6sHnwrGVJH8DuaLh?dt=102328825,unknown
raQwCVAJVqjrVm1Nj5SFRcX8i22BhdC9WA?dt=5024419,unknown
bc1ql3gldf8czqf8y0pgcxchjhrwj8ekcjmdr8765d,unknown
0x11eDedebF63bef0ea2d2D071bdF88F71543ec6fB,unknown
0x400cCf86aee99ffbc15097855328fc6fb6Db0670,unknown
0x0F11117120B3C8Fd90e263b09c464bA591fa334D,unknown
0x32d5d1859c3195BC367924c9a6863605E44f392C,unknown
0x9b88CF0c3EbC120F1F115BAdC895421DF6b007B2,unknown
0xa3070539c8D8e334938EED4382500d75022386Fa,unknown
0x8C9ad49AefDBb308A785942058494Da2de9130Ae,unknown
0xe033f28fb926cd6f26edfee48718825c6c308ac2,unknown
0xe113958f6de0f7795b2a9138b81f6fcbc6732e88,unknown
3CV94ys91bnnuSUNfEZ6mZ2teYCYkeTVzh,unknown
3CV94ys91bnnuSUNfEZ6mZ2teYCYkeTVzh,unknown
3Ci3cFg7PuCG37dKVQMBByKYd761v9faXf,upbit
1CiPUkf1hV2WeLBCbWUFbjhF2wpzUhRyaF,unknown
MDDTc8N66X84FVvN9VwiyjFYpchSndNpkL,unknown
MDDTc8N66X84FVvN9VwiyjFYpchSndNpkL,unknown
9c94e8c6e27958642d6f0f21db8015abbbcc0e66382ae618e16863b2c92307c6,unknown
TKWfc8PbPbgyLTiL4K1Mmeip54FvHw9yuv,unknown
0xe464da92a137365e0bab6b7b122465a36310bfb3,unknown
TKWfc8PbPbgyLTiL4K1Mmeip54FvHw9yuv,unknown
TQs5KK2WXHacZF7pHLiU6k5MzMkJyoDR7t,unknown
0x5ca17823e8aC1961654735dD0ce491aB27CAA600,unknown
TYC2QMWVFA3taPG2kpD8HpW7EVe1PoEDNY,upbit
c11aac5bc50f08ebb561ea932e11b0b78599ea78521776758fe16380cdee7802,unknown
rhuCPEoLFYbpbwyhXioSumPKrnfCi3AXJZ,unknown
0xC59bf665b1b3cd958f3685e9cc6DD66B67D4f05c,unknown
0x321efa293f6e445567c12b9269d1fd7315b3e0bd,unknown
rhuCPEoLFYbpbwyhXioSumPKrnfCi3AXJZ,unknown
bc1qvetg263efdeqkmst7t6qnw69dvyxuyus94081t,unknown
bc1qcetg263ef4edqkmst7t6qnw69dvyxuyus94081t,unknown
be80d16ee38021aac34b6e8e6bf716b7f7a2f9e466cf7214efece4a43069eb58,unknown
bc1qvetg263ef4edqkmst7t6qnw69dvyxuyus94081t,unknown
ltc1q27mgytwyhjext7u4txp468klw0erpv0e6x67sj,unknown
LXq7bHdxnRjY2NfL4RRRb4JEcraaCrwxFC,unknown
37y1n3E5KbfAEu5u8ZbiQBp26DTN1su8nW,upbit
1NZRND4gxM1aWr8478r7qv5t6WBAUSaBdd,unknown
bc1qjcrgs3nequpurcq9fq2q7khehrr83dygtj638d,unknown
1GxDTAQJV1qUkMNVJhzkwpSuhAyB&xh8Ns,unknown
14t2793H7AHDRhTfKTASUMTGsZy2jdKXdv,unknown
14t2793H7AHDRhTfKTASUMTGsZy2jdKXdv,unknown
bc1qjvsyp0ed2ejlqqkfdqg5fsqz7fylk7z7nvaxhj,unknown
1GxDTAQJV1qUkMNVJhzkwpSuhAyB&xh8Ns,unknown
14t2793H7AHDRhTfKTASUMTGsZy2jdKXdv,unknown
TNqhzt1NhzLVkNqsydzGNJ5C5aqUEAmssk,unknown
0x76e0baa6db79979d432790b3e938f4bec162b32e,unknown
0x77a737f12c12f02139a3fF3d16878Fde37268AEA,unknown
bc1qgen834lsx6g9ptvlg84367d8e7hyf32dv09jau,unknown
0xdAC17F958D2ee523a2206206994597C13D831ec7,unknown
1128Ev6iMRQ25SuGAnrekSqbW8aQpX5PZQ,unknown
0xA0b86991c6218b36c1d19D4a2e9Eb0cE3606eB48,unknown
0xb9E29984Fe50602E7A619662EBED4F90D93824C7,unknown
0x06da0fd433C1A5d7a4faa01111c044910A184553,unknown
0x090D4613473dEE047c3f2706764f49E0821D256e,unknown
0xB3C839dbde6B96D37C56ee4f9DAd3390D49310Aa,unknown
0x12459C951127e0c374FF9105DdA097662A027093,unknown
0xC02aaA39b223FE8D0A0e5C4F27eAD9083C756Cc2,unknown
0x7858E59e0C01EA06Df3aF3D20aC7B0003275D4Bf,unknown
0x88e6A0c2dDD26FEEb64F039a2c41296FcB3f5640,unknown
0x5E609475D4296f3e52a0ba4B342Bb0019100B2cE,unknown
0x5B524d8eEAc627cF199b3c837153a3E7Dce8ACD0,unknown
0x8576694abD4DD707F9D6C1C9e62E0a0e4f293358,unknown
0xaC777484f9E3aE604e05CD3897BC3E397efC23FF,unknown
TTrGxRMyjXGS9XWgHad8DNVJ6y3V3PaBtH,unknown
TXhp14owdRWS4bGU8kbEy3NdQTSkXX5Uxi,unknown
0x89A900B08d48b8e58cE47AD86bb988c491ad1aD4,unknown
Ox89A900B08d48b8e58cE47AD86bb988c491ad1aD4,unknown
0xe113958F6de0f7795B2A9138b81F6fcBc6732e88,upbit
0x89A900B08d48b8e58cE47AD86bb988c491ad1aD4,unknown
0x89A900B08d48b8e58cE47AD86bb988c491ad1aD4,unknown
1EKNuPeca4waofdontpTjXFw6GVWjdh4Ao,unknown
0x74b5aADf57fc7ed8495308E518f0A7F3c063582e,unknown
0x74b5aADf57fc7ed8495308E518f0a7f3C063582e,unknown
TKeshT58Z5zuLoqhtLCU6FbQjK9iVeVnaq,unknown
TCdHdusaGab9vA9GXCCdWMmi8YwCJKTYR2,unknown
TNxpR2zmVscKMvyJpp3KMJwVCKfPGqa231,unknown
0x849C8093E68a375A31a2d5AdF80499E5660f6d0f,unknown
TF2sUxtfPPtdJM3j3Wiw5goC4TjSUGHzaG,unknown
IDvifzZNDqHo4tZCgpwCykYe4Hc9BzD8KY,unknown
TKqttsbMVonNM6Lte4Hh3LmUhezKYxK12B,unknown
bc1qkjv5r40708wzdu4yrxptjmkx54z4smxvkawgwd,unknown
bc1qfsuffmwn6s5metvcv2p53uqs6642lslk93ps8d,unknown
37hX4gfF4CrfMnS6MqHD52962APh4dQKB9,unknown
bc1qkjv5r40708wzdu4yrxptjmkx54z4smxvkawgwd,unknown
TXNUxBVtozWb4XXAEZw36bC3jpGZZv9vPn,unknown
38HcoLJGyJ4rBSUdASAnDNqEEBheVS5TpY,coinone
TKWfc8PbPbgyLTiL4K1Mmeip54FvHw9yuv,unknown
bc1qj9kx3x9l5cwvddjq0sywc3uzuffc8mtt6an6al,unknown
bc1qp7dklsy7uwt6dtwf60avglt5myagvx6dwmar0w,unknown
3F5RoqLYA3kq7kaZEJpBWKaccq1kCWZgc6,upbit
bc1qyxf0vyaaqkeaze4nem0umw2s6w77wu2vp30f0z,coinone
1GTfXEexTudbfKoNtr9yoP5EHyVp5RHovA,bitsum
bc1qj9kx3x9l5cwvddjq0sywc3uzuffc8mtt6an6al,unknown
1Bu9axpcouiraWVAnyYEGmxqZ3TZHf4rsd,unknown
TTrikRK1hNTHNAeNmRenkYBWb2cq4G3kbc,unknown
0xebf59ed0f9c7e9a1c0c2104e53bde0ee009d5a8d,unknown
0xCA17f569C818acbADb8Be94D0e0f6e2dE24164F4,unknown
0xf67efa2704fe1ad6de3eab145217df1e208d3ede,unknown
3PwqKXASymR1zzj2jwJpXGoKfAUsfUMa9c,unknown
3PwqKXASymR1zzj2jwJpXGoKfAUsfUMa9c,unknown
bc1qqa466mf7cdmw9c9zlvjekeudsvatsklyhgyggm,unknown
3DFzMGKcxREKkx7ECswRqocZnBM6xUGo1s,upbit
3DFzMGKcxREKkx7ECswRqoZnBM6xUGo12,unknown
44EB9F9D7366438462420B345712EA51D5AB653E3A467348AE39B5442F7ABC94,unknown
44EB9F9D7366438462420B345712EA51D5AB653E3A467348AE39B5442F7ABC94,unknown
93FA6278BD9EAA45D7D1197D936B35188C914E0A440601EBD23BA46404552A1B,unknown
510C55FBDD1FEB682672514017FE02559AC6CC8876595D56932F7018968B9456,unknown
rEb8TK3gBgk5auZkwc6sHnwrGVJH8DuaLh,unknown
rEb8TK3gBgk5auZkwc6sHnwrGVJH8DuaLh?dt=102328825,unknown
raQwCVAJVqjrVm1Nj5SFRcX8i22BhdC9WA?dt=5024419,unknown
d6fe7a7eebb697cc977e4374409a4c557259ccc5f9abeb8e5c9cc5b24277df201,unknown
0x2441d247b505906ac7d2a78EEF050aB9D40344C2,unknown
0x059fCE4f9eB5c3772B1fbAE7110Ec97399a3F1De,unknown
1F5ErqK8iTHAyoELwNVijaePkCxBBDBud7,bitsum
1Hri7nZ5vYzNik2EZrRXm4dCZa4jLVNdBX,bitsum
rDxfhNRgCDNDckm45zT5ayhKDC4Ljm7UoP_1007830218,unknown
rDxfhNRgCDNDckm45zT5ayhKDC4Ljm7UoP_1007830218,unknown
rDxfhNRgCDNDckm45zT5ayhKDC4Ljm7UoP,bitsum
0x2F80aE00D12946Aa9D55468b6D68bDB0Be87d56B,unknown
0x8837435b2637c5c3b76082c0aa86ea7accdd072303247ece6f7c61e49103fa4f,unknown
0x7a302f3740B26053f250f869EA1bF9823b005C09,unknown
0x5a9E2fc1b4BC5F7E0D1fedc6d334B2e633d4648e,unknown
0x06d3a30cBb00660B85a30988D197B1c282c6dCB6,unknown
bc1q0x83v3vylp7jklea6rr7zqnqarlw40d8qmkqzg,unknown
37y1n3E5KbfAEu5u8ZbiQBp26DTN1su8nW,upbit
bc1qn5feawe8gf7pwan3afkj0f0afr09r7vxn9klkj,unknown
15NmTajbHmUWtdjActnyL72K5weY5Vfu4J,unknown
1PeYtzcUebW3Yc4easzWbWveVMpp,unknown
1HeCFwJN9MigY6Y5rP7CeXn7CMkHCJyYJU,unknown
bc1qjchz5zluwp90l0n3fypmpuj8n3flyslxerpnc4,unknown
0xdAC17F958D2ee523a2206206994597C13D831ec7,unknown
1NZRND4gxM1aWr8478r7qv5t6WBAUSaBdd,unknown
37y1n3E5KbfAEu5u8ZbiQBp26DTN1su8nW,upbit
1NZRND4gxM1aWr8478r7qv5t6WBAUSaBdd,unknown
1NZRND4gxM1aWr8478r7qv5t6WBAUSaBdd,unknown
bc1q2h0n4cnp4u73typ9dc7vvlg4850chl92ulqdee,unknown
37y1n3E5KbfAEu5u8ZbiQBp26DTN1su8nW,upbit
bc1qdcxzj0phddqfutecpv3azjxn5p8c9vnu6enz,unknown
bc1q2nuhh03pr2ufgcu80rru38lpena5rwuyt05ugh,unknown
bc1qn3hzaga2psc5hz49xk6m6krmy7m6933exv8l6l,unknown
bc1qkg2rmuyqwv3tw5wn2y25tff495ny5kc9q9hywr,unknown
bc1q8dkx3t9yyaupf5xrnwv3n94wa27y6hqrz0z3cz,unknown
bc1qmqa8xhfzthecewvfgpmhm6jwc8fsek5ptxw3qg,unknown
bc1qh3ddraec86a9tuxrxvajw0xr4n77j4t06ggkvw,unknown
bc1qw34xsvxessf068hl2e6dy43zgw08dycx5yx67n,unknown
bc1qepfr8rp879gwn3fw7s9zjgq9k6wc3skz6p3qnh,unknown
3LCrCWy2FWCTJ2fxxEKTA8WUYj8pqrtTP3,unknown
bc1qjd7gprfr3wpjg0v2u4zfsax62apr9hck9gckya,unknown
bc1qqu32rauxy24lld8h9df5m8vgsv486swkgtutcy,unknown
bc1qdeyl68tqwgm903twuxh3kkpxa3u6wel8jqs7s5,unknown
bc1qdjqfmw89k72vd54f27lyk6aj5utxs0wrrljxz4,unknown
17hCsrTtd4GdJYu6Ex2cAPFT6oBXSSYpAN,unknown
bc1q2vtru9003hv4vhzcjgmtllujfkf3u46mjw2lhw,unknown
bc1qhcmrgu05fukr2e9f0ep92flrg7l2pl0rcq8gf0,unknown
bc1qdehnvlhv0yg39htw58x4dfvfudj4fd8t795wfp,unknown
33Lmzc91xPZBwZ9wcNTfiAPJYzYXADNwT9,unknown
bc1qfpp7k0zp8z2pwt7x7v2zcawpn8dy0kmu4hdwet,unknown
bc1quvm6hj6dt7f8echrmmthskfnds9wkeu9l7dqn5,unknown
bc1qa28t5ae9xx4sj2ul40u0sn4syzek47364l3gh2,unknown
bc1qd44ny5twnurhwtnf3clajshqdm8gutd7mcarwy,unknown
1AkZqcUMdtJYRaSRTtQmbtTUcU5QHWin1t,unknown
bc1qgeyvrkcmqa4rs8hy2mag9hgrnwz78fcc0j7sjp,unknown
bc1qwrx0kr7k694xqscgwrw39qqq430l7k5ce7gxmx,unknown
bc1q2pyt98x4mkp9a5v4j8a6c6dr2s7se0kkpn4d3m,unknown
bc1q0gyatx6yhzv7tte0u5gz2am246s56t2tgjtg7r,unknown
bc1q7rn2g68680cfsdx8ad3k3rgpfhzqw76533v7e8,unknown
bc1qgkn9k8rymgu8z6azew9rzqegmsevzyr4z3kdq,unknown
bc1q4h87mf24c4wgzl5prfs48fctnw4lxkukxvvv0u,unknown
bc1qf7fe89tmz7ca3vajp5ztvk3zx3x8gmx46kwrgh,unknown
bc1q2nuhh03pr2ufgcu80rru38lpena5rwuyt05ugh,unknown
bc1q36l56xfvmkz7z0z3rvvt98n20wepc02urfemmr,unknown
bc1qayxx637wdjmz2y7p0nm4rg0fd9tlqj56me67u0,unknown
bc1qzzwwf4xv3fy0xltfy4vk7486hrth5mgl0n0fg6,unknown
3Jf9JdVHKTyrLDeDUndSRCKm2gEm7rJ7di,unknown
bc1qrqnc3lwj8g9qk2cvwxumwplmxes4w53ysehgw0,unknown
bc1qujcej5tul59gv9uj3us7r00z96p97pljaa58zt,unknown
bc1qf53a938zuzh9xavphud54exgh4hdqsr7wa2aaf,unknown
bc1q3ple9t3sl8kw5rzylpdkcvmuta9pf9d5m72lk5,unknown
bc1qkcqym2vutg0ptcs7jnx8tdephd0rz9dg4l39af,unknown
bc1q8ykvh2ut6azt3krtu0q0ug54hvexw2h03td8qv,unknown
bc1qhat2cltmx0yuulnf6easv8yjlgxymj7vuk2ka3,unknown
bc1qe9ufnsnj05u4xcmvsf79ugfm058rl05haa6ezn,unknown
bc1q52d4kesrhz0xagj9x6qnmf6pwnpdsqfdgfgdtr,unknown
bc1qyv0gv7vswlsu0gl0glvyxmp9w346z78x0gr2j9,unknown
bc1qak5ryz52n5exdk045443m8alpejlrp57g7tr8x,unknown
bc1qc2u8rnn09tl20xcu43lywcz3lkm3yr6uv3u6m3,unknown
bc1qktacxdncj6y8dd2fwp8ep9wrtmhmfucv2e6zj0,unknown
bc1qjdkfwl82m3r64y0t5ca2lgmgt7dlslss6zuhnz,unknown
bc1qehtr3pjq42tkdapve7ueautvx9gplvak2tg4k9,unknown
bc1qhat2cltmx0yuulnf6easv8yjlgxymj7vuk2ka3,unknown
bc1q2msrxf8q03re5tzk5fk903pfeg4pvl48q06y33,unknown
bc1qe9ufnsnj05u4xcmvsf79ugfm058rl05haa6ezn,unknown
bc1q8ykvh2ut6azt3krtu0q0ug54hvexw2h03td8qv,unknown
bc1q52d4kesrhz0xagj9x6qnmf6pwnpdsqfdgfgdtr,unknown
bc1qyv0gv7vswlsu0gl0glvyxmp9w346z78x0gr2j9,unknown
bc1qak5ryz52n5exdk045443m8alpejlrp57g7tr8x,unknown
bcqc2u8rnn09tl20xcu43lywcz3lkm3yr6uv3u6m3,unknown
bc1qktacxdncj6y8dd2fwp8ep9wrtmhmfucv2e6zj0,unknown
1PkWhxyjrZYBmSjqJvrhYVBpHhscThL16w,unknown
bc1qdeyk68tqwgm903twuxh3kkpxa3u6wel8jqs7s5,unknown
bc1qwqw8nx2zav4cwau7pz7gec9lpupyckzkuhnyaf,unknown
1. bc1qkfzj5056urljr7zgj,unknown
bc1qkfzj5056urljr7zgj,unknown
bc1qvt44ncst9dmsp6tnxylhg3hzu2mq0uqtexse7y,unknown
bc1qn3hzaga2psc5hz49xk6m6krmy7m6933exv8l6l,unknown
bc1qkf2rmuyqwv3tw5wn2y25tff495ny5kc9q9hywr,unknown
bc1q8dkx3t9yyaupf5xrnwv3n94wa27y6hqrz0z3cz,unknown
bc1qmqa8xhfzthecewvfgpmhm6jwc8fsek5ptxw3q,unknown
bc1qmqa8xhfzthecewvfgpmhm6jwc8fsek5ptxw3qg,unknown
bc1qh3ddraec86a9tuxrxvajw0xr4n77j4t06ggkvw,unknown
bc1qw34xsvxessf068hl2e6dy43zgw08dycx5yx67n,unknown
bc1qepfr8rq879gwn3fw7s9zjgq9k6wc3skz6p3qnh,unknown
3LCrCWy2FWCTJ2fxxEKTA8WUYj8pqrtTP3,unknown
bc1qqu32rauxy24lld8h9df5m8vgsv486swkgtutcy,unknown
bc1qjd7gprfr3wpjg0v2u4zfsax62apr9hck9ckya,unknown
37y1n3E5KbfAEu5u8ZbiQBp26DTN1su8nW,upbit
rDxfhNRgCDNDckm45zT5ayhKDC4Ljm7UoP_1002778600,unknown
rDxfhNRgCDNDckm45zT5ayhKDC4Ljm7UoP,bitsum
TTAXxjJLaDv37TT3XwVc5CtdNko1hUUfx9,unknown
0xdAC17F958D2ee523a2206206994597C13D831ec7,unknown
1PmaJ6idtUpz1VXvkoaWNmncdeDrrEwBNE,unknown
0x535Adb0FD0F3DcF2E2B413acA949df63736BCE4C,unknown
191eFeDfAgRBWDi64izBw7Y59oYQo1Df2m,unknown
TUApt7kez2ZuKbabXQieQtYCdS8aApCdRc,unknown
TTgQUxyeM6qcASvnH4jyL5uueWW6sZTfzp,unknown
1F1sfcDMYDphhW9Btzrbvrd1GqhyzRneAP,unknown
TAS1KD2Bu3odjLtvJmnRomSkjeAePixXj,unknown
TTgQUxyeM6qcASvnH4jyL5uueWW6sZTfzp,unknown
9d5d5355cfdcfb8340a4764485d4b1eeb28ebab55e065535dbd1c9d96ca350b2,unknown
1B3pTqZkrTp4hx5hqfZmY7Fe6esm6Fhm54,unknown
TAvRbANnfzzE9y9HU7nj2jF7Sz42rD2o8x,unknown
TAvRbANnfzzE9y9HU7nj2jF7Sz42rD2o8x,unknown
364kckpFqsUcFC7SsH4EveV5yTVQF9v8qH,coinone
rp4gqz1XdqMsWRZbzPdPAQWw1tg5LuwUVP,unknown
123QUFDmuJFkenugdQez2oM7BGha4m8pax,unknown
0x74de5d4FCbf63E00296fd95d33236B9794016631,unknown
0xF98b77aB443f6AA230BA3D3F3d5777Da438DEeb1,unknown
0x3845c29caC0F8B3Da29f5b83F690bB92c02cE383,unknown
0x7886efba097a7187f7aec12913b54bbc9f258fac,unknown
0xb2d4dd322ad36acbfab4eb3a9f61f8021b28bc0ce,unknown
0xb2d4d322ad36acbfab4eb3a9f61f8021b28bc0ce,unknown
0x7886efba097a7187f7aec12913b54bbc9f258fac,unknown
0xb2d4d322ad36acbfab4eb3a9f61f8021b28bc0ce,unknown
0xdF1f8A169C7171a7182e7445450f9944Cdd0889E,unknown
bc1qkmphemdrcvdeaca9aey9478d7hkanl2zxml4g6,unknown
0x354573126221ce2da30DDf04F9134DFDA98Cca5F,unknown
0x84e140C77226d2af61a2165C09e6318150306881,unknown
37y1n3E5KbfAEu5u8ZbiQBp26DTN1su8nW,upbit
bc1qwz0wsqajzj0hug0zv46wanunxcrggyanqrzf05,unknown
bc1qsqte5uq3yzht6nsqcdaf4p3rw4zvfv7a662vtm,unknown
bc1q0lxhgz7zfzax65kpk25u8fpmam58plyr0emhcr,unknown
37y1n3E5KbfAEu5u8ZbiQBp26DTN1su8nW,upbit
bc1qwz0wsqajzj0hug0zv46wanunxcrggyanqrzf05,unknown
bc1qjk0fygdawpuj85z9clp2mxkphnxx3lz65xzfcl,unknown
37y1n3E5KbfAEu5u8ZbiQBp26DTN1su8nW,upbit
bc1qzwxjuc0fxrxlnyfst7dcm2e8sldktvklrayjyh,unknown
bc1qd4msseep0rpsdt3dtxeqdffp5q9ef509at9342,unknown
16mZh5yufgPMJqpWHNhHznU4bXGRKbhNLx,unknown
3C9dcZ2scZA91vaN5tK5SYnw6j4xKfacDK,unknown
142amnZ6KkMoyJYeoLWE8hLY3JcXX9JAuQ,unknown
37y1n3E5KbfAEu5u8ZbiQBp26DTN1su8nW,upbit
3C9dcZ2scZA91vaN5tK5SYnw6j4xKfacDK,unknown
0xf0db475f08e32e20c25378f9b89f841080161ca0,unknown
0x6598590908B82cB6061A58E6b7b060E56A54074C,unknown
0xb9b415254aecab070982a6c607a8f7870cb12f09,unknown
3C9dcZ2scZA91vaN5tK5SYnw6j4xKfacDK,unknown
bc1qguyvkkk8cmkwncur6hy65efyq2sygsfu662rj6,unknown
38AX9eGHEe2tXmudt7yZ6WBo7K8AEo5EXB,unknown
3C9dcZ2scZA91vaN5tK5SYnw6j4xKfacDK,unknown
bc1qd4msseep0rpsdt3dtxeqdffp5q9ef509at9342,unknown
bc1qxsgcju560ljd5cjyecu548dl2x25eg8q3m57qd,unknown
37ex4d2BLngMLNj5Hrgr9pegWeUSKEq1Hp,unknown
bc1qjxme4fffudjwnpaay4v0e4939ws64lruud8rsc,unknown
bc1qpn34zts603s4caagxhq3ewy7sasz9x6dxjz40v,unknown
0xfc64d6eaf23c4a0bf78d27bd37744d6483fa74e,unknown
0xAA9fC0F389Bb3C6E560581B19e4574753a102fCd,unknown
0xfC6f4d6Eaf23c4A0bf78D27bd37744D6483fa74e,unknown
0x9CaA7eF422E19788ac414A5f3149001E8dC7c8F6,unknown
0xDAD55007246A590f243C1b85435e5178c9b6c087,coinone
0x11Fd59F97A7d99C2AE4A3d3587fDd8444e487857,unknown
0x0aD8bde0b0a730aA5912704Ed505D38972b9613a,coinone
0x553005a37eC8C7587Fc304a224E6D975C0CbAB43,coinone
0x8e445C42376052A4778679654F89d9Ab7C0fa5b9,coinone
bc1qrpq2xvwrwf0jtq0fa8qnu206dp435t68u0gxsm,unknown
0x7415D175ce40c099BdDEDc1356Fed5563C93b57d,coinone
0x7236f4D102F09070D5348e1ff82dCe73451Dea9a,coinone
0x3764388dE73ADd924fE8F747eebde166c81e3ec3,coinone
bc1q2nuhh03pr2ufgcu80rru38lpena5rwuyt05ugh,unknown
0xAA9fC0F389Bb3C6E560581B19e4574753a102fCd,unknown
0x46E87cA0bb1b114712a10610281b5d36636cc9D8,coinone
bc1qd4msseep0rpsdt3dtxeqdffp5q9ef509at9342,unknown
0xfF916C61448B4689397dddc6dE8e9Ead9acfA55E,coinone
bc1qrpq2xvwrwf0jtq0fa8qnu206dp435t68u0gxsm,unknown
0xDca75d764AA76b835b4523894CD6dDc998c942B1,coinone
0xb3B31976197fa856e92637Dcf425eE8D02B35149,coinone
bc1qrn7739neysdt7lkaa5z5mx7rkc56x97z8uw68w,unknown
0x395f8fD9E6D61D62D641395EFb76767b03aCc3f0,coinone
0x80f0D9226B7f9061E6bA9E7deF9ACBeC0beD1d12,coinone
0x1042AEA9dA48A9668aec8b88efC0cd6072D7a811,coinone
0x2906bE9a7d4c216b26caAAEe04ec52bA3f15A840,coinone
bc1qjje5pwx3hnaqlq47825dzd39ctr2r9avd92p3p,unknown
0x250a158Fd4d177F28d607bE81e81184F642Df7b8,coinone
0x6A41207d4e8605Fd3860bB9B06E7B52cf5409588,coinone
0x37324A72C1d48c6255023AA3Ef8F61C00890FD44,coinone
bc1qrpq2xvwrwf0jtq0fa8qnu206dp435t68u0gxsm,unknown
0x6f987E9EA96423B1a37EDE16A81B966347dBb4dF,coinone
0xfFF10873170A7adA5455a7cb65bc61ea5a494fe7,coinone
0x295dEcD6041B40BCEdd461B8A8A8868815C29a16,coinone
0x99B73eeDFF0cCde00DE4BF33D4dE7Af41d874F4A,coinone
0x50f8A10830Af22727b53d472Ee1EA166cf72EEd4,coinone
0xfF916C61448B4689397dddc6dE8e9Ead9acfA55E,coinone
0x39F89b59679A57c49deD316eB8526113566C72E3,unknown
0xB8288872ccA7C3dd543206AAFf0925a71B45C148,unknown
0x0661a411271Bf5d6F77Ba381f8abfB95b2dd834B,unknown
0x3D9a68A58Df228133B776aC8e2a1D7f5648Fb440,coinone
0xDa11BCf93C37f8Aa9d6e102514787A6bCBf7529C,coinone
0x3496dC42baC7CC7Dac8c216908Fc10C060F2012B,unknown
0x3F875087D1292eB53EDA2E04F37B5f26Eedf1625,coinone
0xcBc54b9AAA92ebde0fa36EdfD782f9B4fa4b66e5,coinone
0x816928bDe25BC626c1b743EF080Ec2A065dc3D9E,coinone
0x20CBe54d96Eb72131FbEb74787A406FC1Ad938A2,coinone
0xE9321f41d08Fa9434Df69c79BD02E17081eeFaab,coinone
0xCD4c32A274Df915f2ef6A0d2ce515a35009380F0,coinone
0x52B4c8B6d475E187676D92eE273d21ed3300C230,coinone
0xfbCF368E74106CB4508C9A6ef894c9f5572d5D9d,coinone
0x10ccc2C8Bd0f0315Bd01Ce7BAdbfBFc420557D15,coinone
0xEa1E4B0D9Fbe4DA1Db4BB6F76b6FA8f3925218C0,coinone
0x50C7C8A7038B93c077b9349ED3Bb51F9A2E431D2,coinone
0x78B948793Ef50ca7d5E1230E3D2BB512fA319035,coinone
0x87dDc93fFaA1C190e511FC73768346a6Ec3f5648,coinone
0x8e445C42376052A4778679654F89d9Ab7C0fa5b9,coinone
0x33264F89f78c7F57c6eA5de51406C2DFf166D465,coinone
0x408f61649707e049E4109bA657C1c5E9A29b5a5C,coinone
0xaED5342Ed2B771762B8Cdd17d372619B8a4055C7,coinone
0x1b3822Cc0Ba41688BE708B81BcD9439E1eEA8E86,coinone
0xBA187F3Ee582BE89d3FaBBD5b28Ac829295AA868,coinone
0x75bDAfC2afE0d451b8d7e9372e2B8678Ce1969c3,coinone
0xD44E205f01583dcc8c25D2438D463021686F5d94,coinone
0xa9D2ec5892cA7d07DD4FacB5dE2ebDE7B2d5A288,coinone
0xc677B26Ad7Ec0BbE9C80917dc9C4c4217C5bCAe4,coinone
0xeE61F5fB0dB81d3A09392375Ee96f723C0620E07,unknown
bc1qjje5pwx3hnaqlq47825dzd39ctr2r9avd92p3p,unknown
3NmD5zn2uXGGwMNA5msWHnS8X9E8H3QHfd,upbit
37y1n3E5KbfAEu5u8ZbiQBp26DTN1su8nW,upbit
3NmD5zn2uXGGwMNA5msWHnS8X9E8H3QHfd,upbit
37y1n3E5KbfAEu5u8ZbiQBp26DTN1su8nW,upbit
bc1q9mvyt694kyvafn87jzspdsm87hp2s7xp5ec3ye,unknown
bc1qd4msseep0rpsdt3dtxeqdffp5q9ef509at9342,unknown
37y1n3E5KbfAEu5u8ZbiQBp26DTN1su8nW,upbit
1NZRND4gxM1aWr8478r7qv5t6WBAUSaBdd,unknown
bc1q6x4yntcar2mvd4hqa9rhv4puddqgesx79nyunp,unknown
bc1qqsrqsqwuxjcw7q4nhs2qx8ezdhgx59mua4kf24,unknown
bc1qw96ccug2apqme7wnexgfsml93wyf5m79dsyn7n,unknown
3C9dcZ2scZA91vaN5tK5SYnw6j4xKfacDK,unknown
TFpNprjxSsGQsSPn6u7wRixqL6goc2BdHZ,unknown
TFpNprjxSsGQsSPn6u7wRixqL6goc2BdHZ,unknown
TFAvZfHUo6z6Jd8AxYeFfJz25EhuPfzppp,unknown
TDcTfSWXuuxcu4tK69f1rgJzYLYXMyBSwG,unknown
TAm5jhg5jzSL5JK3rNj5A7dzXEEMih4DWB,unknown
TFQiSeaKTW33UVhgoJXwdfSrw5wuwkPTTT,unknown
TCpkPqXQNHZCcm94GFSbBa5M7h9nTwnkEE,unknown
TDQYx23iYdSwHcFeDRePjYDymcLCDgD5qU,unknown
0x84A518A35C7c361C64301b8f209C2F0edB6F608d,upbit
0xb65862f66EDf39c39ffC2453662d9f4161829Bf2,upbit
0x4e38e92d0EF07CfbC628e7411ceF556732e7309f,upbit
0x9076Dab4e46B46BA6b83c80AD77E327956D81259,upbit
0xC6Ea52bAa0be2EfcFa92ECA9704Dd56191F573C3,upbit
0x3992177349238Da5803C4d4348d4B9e8FA15EF77,upbit
0x94A5182B9F3bAc7e8a688AcEBbEBBb57763c24B3,unknown
354js9XiJahzj6SiFJmwUyrXUB Mh8zDqpm,unknown
354js9XiJahzj6SiFJmwUyrXUBMh8zDqpm,upbit
0xC57De359E1E91715F42c81e387A379F4D6256009,upbit
0xD82DE1Fd5A805f56eEe95047fb54BF82B84A29e1,unknown
0xC8201FD7BBa882852Cb3de9f303539debD1c4929,unknown
0x9fD1691A912aC7d04fA57e3daa08951A068112e5,unknown
0xA7c78661bb9f56507d21306D5780CFae1E01e345,unknown
0x5C58080110C03ec1f6f57bbde01Fb9BD40F342D7,unknown
0x6F5fc9741e2aa4C87a0353F5179B885C5C66e2A3,unknown
0xFDFf96004589233b17a548c5327524407a24a71d,unknown
0xAc3Eccb551509Dd3263AE454D8e461153952b0B3,unknown
0xb07dE227aD5F3B2346c7Df3B792a04401EbC7c7d,unknown
0xdf354c41514170474226C99d8C4f9963231D40de,unknown
0x3232b0b38043eb54F54253CD63466Ff85637999e,unknown
0x8886E0116b3837b3f6a6e959CdC4fd843DaBbbcb,unknown
0x0dD44ccE16C52A3bfe6EDe2cEC93DD81B4390C8Aa,unknown
0x2ED0FcDaBA6B022913B17177239520A5594343Ab,unknown
0x652384641357e1341Fd2c2Fa53a7A8CAE22253f7,unknown
0xC2e00975C851E9b266d50671E20b291029A583c3,coinone
0xf5463BC229c0c0f8BDA24B124F1008f7D1aD7158,unknown
0x0D44ccE16C52A3bfe6EDe2cEC93DD81B4390C8Aa,unknown
0x089eb47a4A39822D56565Fc616382a7253D40BB3,coinone
0xD473935EC1C84C13b645b7Bf6B77e4Fb7fc8b91f,unknown
0x1E3262C0815dc09E7bb459Bf78DEf24ff8e4803D,coinone
0x4048cE9930af0D24BDA79Defcb353D6F98bd3d8e,unknown
0x25D26863D8722abe4dEbBa272B0111D0C850c70f,unknown
0x3fa00Ee5E5aA2D33AB4920a493ed449de14f72eF,coinone
bc1qp4kxjrkfhhzfrjy0974d0vcs0a33geefgvgq7j,unknown
bc1qd4msseep0rpsdt3dtxeqdffp5q9ef509at9342,unknown
TG8oBFdrRqsqiag8XkGC4qMwKEk1bzsnDj,upbit
0x986235f7802241CBcab6D0715759707DDB106F2C,unknown
0x71a4b160017fda9356046c2ac448481bc4195fc159108108ab07d9c63a2b7fe3,unknown
0xf0a7235d59a15609f57064beee86b14aa2a311a595f8cd3ea65d9edc82f28739,unknown
0xd539a59b27a1304b90da960d96d879d10547fb576cf12aefff05c98a4c5fe8a8,unknown
0xabda89c97d9e5ba4f0f2f5dc16cb911cfb05428e407a8266771a091dab2cea1a,unknown
rJn2zAPdFA193sixJwuFixRkYDUtx3apQh,unknown
TMKRAdEKhcUi5d2vcf352uzJoEnA6sv9wq,unknown
19JyAkHKh36sFduqK4hMsMZhU6ZDoLotW,unknown
1D219SDQ99UMbgk97fjvJJWgjNgsYf6XZR,unknown
1PQDbmNEAymegjWdqnJy8Zqqo2caUuvxyq,unknown
0x109123111df3700c26e877191b2797a01aec8146,unknown
0x8da4b921ab8e26546823465c510b494e25b63ea4,unknown
0x97feb608d6a1d4ece850a9526db25bbd272be8b0,unknown
0x118a87265c9120074557329369f0aabe43542ecf,unknown
NEZVWm1lUThpay91SWOzdFR3W,unknown
0xc16ab1b1643892a0321ff7d080ad9f3bcb388cb0,unknown
TLY2Ri2sdZWK81EHAZEXKbeuufNqYLV2jV,unknown
0xc1585e5ce311e4ba06f384d5a731ec2ee6dd1bc1,unknown
TCvHxyA6pDDnRjGXg68aGhUnMitLKvTxDh,unknown
3MiLP9B2UjY3rHHh4ZDvgkfCf5BSpzBGAT,unknown
3JiFQHrExTNaQzSpLGQWW9cyNicqCkrwuF,unknown
16mZh5yufgPMJqpWHNhHznU4bXGRKbhNLx,unknown
bc1q8hmgkv5tckm5prvmwczpxdelgcwsmc7k5rj594,unknown
3MiLP9B2UjY3rHHh4ZDvgkfCf5BSpzBGAT,unknown
0xaea209327c3903b6d77421d8e4f1f0bbcf863a05,unknown
0xBD89982f722FB96d7b09458d0173B50E5565E103,unknown
0x815c120a651a11b4e2350b46ba51581c62d27b05,unknown
bc1q7jaa8t2thqnm3v42jpek2v4ckc8geqw44unk65,unknown
bc1qd4msseep0rpsdt3dtxeqdffp5q9ef509at9342,unknown
MW9rbxLiVDdSMGVyMmRZV1Y1S.,unknown
KOFzdWZtMDVndnNYclJ3NXhEY..,unknown
VUlxamNMSEROQXUWVC9VS1NIM..,unknown
Zi90c1puWTcMDBOVkOc2RBa.,unknown
enMrR2tOR0c2VmJXd0dhamF2R..,unknown
beZtaklzMCtzZHhNajFQNJJCd..,unknown
eEZ4ZTVPaFZhO3V5cDhwYXBON.,unknown
b3l5N3FISWVsdU16cXBKRkhHd..,unknown
bc1q3h0359wcu3lnr8mzcggjjvtmu7kqj4yc483kzm,unknown
0x8d512b0e436a02d4b18c466291807f94cb0b1aa1,unknown
0xDddd162A7836CF2ab37a1B0B7F8173db5e9F9Fa1,unknown
0xDddd162A7836CF2ab37a1B0B7F8173db5e9F9Fa1,unknown
0x4fDbc4AADeA3edf935820eba1CB15c892Ac95463,unknown
0x50C7C8A7038B93c077b9349ED3Bb51F9A2E431D2,coinone
0x141C809614a45b8996fA7A1CBbd2191774fe0ee2,unknown
0xB824d363C65092424d187d5Acb34511aE72d34dF,unknown
0x688d4bAD1Fc7bFa60a7DCa60Df6173BEc3f59B5c,coinone
0x25D26863D8722abe4dEbBa272B0111D0C850c70f,unknown
0x3fa00Ee5E5aA2D33AB4920a493ed449de14f72eF,coinone
0xDA15f5Fd164444A6B07Ef1963F73b7177b47BFb2,unknown
0x369b346Bca8D816119012f68883E9031Ee00477c,coinone
0x3fa00Ee5E5aA2D33AB4920a493ed449de14f72eF,coinone
0x38363F194965D67FD031E72B57CBFcB202851770,unknown
0x50C7C8A7038B93c077b9349ED3Bb51F9A2E431D2,coinone
0xfF916C61448B4689397dddc6dE8e9Ead9acfA55E,coinone
0x8D1328ecCAD40eDdB6d1BB3132Cd78e07532ab1a,coinone
0xAA9fC0F389Bb3C6E560581B19e4574753a102fCd,unknown
0x75bDAfC2afE0d451b8d7e9372e2B8678Ce1969c3,coinone
0x38eAcF9Ed14a945500c52E7160d4c97666EDDeEF,unknown
0xC3C8AaD7C70EbD5435736b1C36EdBA02608166bb,coinone
0xC3C8AaD7C70EbD5435736b1C36EdBA02608166bb,coinone
0xEaed50a99289E618FAFce923B1dbFB6aB245907F,coinone
0x5004ac082Bb9dD87E3D9641D482dd6831b89b55F,upbit
0x37324A72C1d48c6255023AA3Ef8F61C00890FD44,coinone
0x51C35815D0A79B901D5254Ae23ecb5bC7fc83ebA,upbit
0x6A41207d4e8605Fd3860bB9B06E7B52cf5409588,coinone
0x0D0DF1b272432298f824626A8e555959d97dBc38,coinone
0xa9D2ec5892cA7d07DD4FacB5dE2ebDE7B2d5A288,coinone
0x80f0D9226B7f9061E6bA9E7deF9ACBeC0beD1d12,coinone
0x50f8A10830Af22727b53d472Ee1EA166cf72EEd4,coinone
0x799D526B1AbAF255C75707850290F655570dd1a9,unknown
0x250a158Fd4d177F28d607bE81e81184F642Df7b8,coinone
0x295dEcD6041B40BCEdd461B8A8A8868815C29a16,coinone
0x2906bE9a7d4c216b26caAAEe04ec52bA3f15A840,coinone
0x6f987E9EA96423B1a37EDE16A81B966347dBb4dF,coinone
0xfFF10873170A7adA5455a7cb65bc61ea5a494fe7,coinone
0x1042AEA9dA48A9668aec8b88efC0cd6072D7a811,coinone
0x99B73eeDFF0cCde00DE4BF33D4dE7Af41d874F4A,coinone
0xba7a1dC8CBb358550389151278B051311c7F265a,unknown
0x5004ac082Bb9dD87E3D9641D482dd6831b89b55F,upbit
TFgMmiZaRCyM1SxvnMXFQ1k8XEog4KXbgo,unknown
0x750d05915a3488ed1cb3fc79f0dabe6740c99ec5,upbit
0x6F4139b68c408fF50802C0751c2641469b1173A7,unknown
0x6f4139b68c408ff50802c0751c2641469b1173a7,unknown
0x5646aa98c97a2e6f992b20071db07b618a961d76876e04801780bbb4e10d46ea,unknown
TLfgGJc3Wo3tzmFkfnC4fuMG2niqWc9Q9c,unknown
TMtE1v3TP1ysPSTgVEw9QToCducsfz9frq,unknown
TMtE1v3TP1YsPSTgVEw9QToCducsfZ9fRq,unknown
1B3pTqZkrTp4hx5hqfZmYFe6esm6Fhm54,unknown
1B3pTqZkrTp4hx5hqfZmY7Fe6esm6Fhm54,unknown
0x535Adb0FD0F3DCF2E2B413ACA949DF63736BCE4C,unknown
0xaee9a73dfb854bddb133f56de942376fa8300069,unknown
0x5B524d8eEAc627cF199b3c837153a3E7Dce8ACD0,unknown
5c4b482856761c31029af6de5bf4251605046e6a41e1a6c10222913b9050b91b,unknown
TPbXcbuZgF5KtaqjjEaYbfpdBJeyt1HwYs,unknown
3Em6tZuwjkaVC3mPVLVg5JvN7mfTKNvinG,unknown
bc1qsz2ljzz43s6mn7evnga9zy2aufn4czm0p2msek,unknown
0x620cd4d6317a32b74Cf964Cc96B6A686fC4560F2,unknown
0x778A1a1f41b783602c92B310e393528D3a5aB7a7,bitsum
0x620CD4D6317a32b74Cf964Cc96B6A686fC4560F2,unknown
0x121EDa54aF89E30F12ddCf4099CE04A65093c81F,unknown
rPUTdfCwxGaQoX9urHhxS5sKrJ8FmanEU1,upbit
rEb8TK3gBgk5auZkwc6sHnwrGVJH8DuaLh,unknown
bc1q6yc3z0xz89xsgfp9w9398shrzxutc4r0a0,unknown
14AZYm6r9FM1sBDA9uPn8kWggo8r4UTzSN,unknown
16ieDHhAKViyLCBq5CUgTNEHBM4g5bY5z,unknown
16ieDHhAKViyLCBQ5cuGtnehbM4g5bY5z,unknown
1AkX7fPwYjf4ZWbZgY2m6h7L4iq9yeNcea,unknown
0x8d28f9AFB2a80E23707Ad9a8c9C7b20A7f57CA8C,unknown
1AkX7fPwYjf4ZWbZgy2M6h7L4iq9yeNcea,unknown
bc1q84hhfl44pldwu4kq2r2yz7wtx8ktr46csszaze,unknown
bc1ql82dtnmuxw9te72kwkjhvvhx4s72ns03swhfmd,unknown
bc1q0u32vhp2aawd6j9lfkfmhz7rhhjarrnwqxedz3,unknown
bc1q4xv62fe0rv3vtrh9wk0wruu5ccs2887tkefvze,unknown
1HkKBRgaW9nxW5kWQ5Wqu78Et8sDAGkP1h,unknown
19yaGLuMxsK8Nu8yKs7n12zRnmAi5U33Td,unknown
bc1qgp9w7d5x8vw4zar0ragrvcgdrtfsvxs4dhtstu,unknown
19yaGLuMxsK8Nu8yKs7n12zRnmAi5U33Td,unknown
bc1q7cf3hg0hhze3eakd905lap9qpz4g832myte5wp,unknown
1HkKBRgaW9nxW5kWQ5Wqu78Et8sDAGkP1h,unknown
145yokQFLKkUMGAjQ36hbVKxPGMfi9t1d2,unknown
bc1qm2lwt8gfj4rnkrzcdq30p4z9puah9jkh62zgs5,unknown
145yokQFLKkUMGAjQ36hbVKxPGMfi9t1d2,unknown
bc1qvfpsn0w8453qm9f4q52g3fhe9zqzwp6rnyvvng,unknown
bc1qd7x78h7mgz40jlv3s45gmpeq6gzu6lfpqhr408,unknown
bc1qyt6ymacm78rqm6ks988kz9k4tqxq85mnwvl088,unknown
bc1q33wvwy3lagur9nt3vmhrrqmyh27cs82n709n96,unknown
bc1q008gdxsdaylafshgtaez056tgwuauq0xtcgy83,unknown
bc1qa68fwxaetl4x0f9anrpy8lq5c7xu0v7jk052w9,unknown
bc1qggzad25yxaws9tydenj3a3wkwt2yslewrwq4yl,unknown
0xBD89982f722FB96d7b09458d0173B50E5565E103,unknown
bc1qa52d0cj3gljc6xmw30v7ydr7er34xvlv70j9lp,unknown
bc1qlqp97vz2theydj6y5jjhrsx8cpp9h4zcgv0nqj,unknown
19yaGLuMxsK8Nu8yKs7n12zRnmAi5U33Td,unknown
1HkKBRgaW9nxW5kWQ5Wqu78Et8sDAGkP1h,unknown
bc1q3475ul0qdqjwl04dlxzxma7zvhmhfd9dy4uz3w,unknown
1GMnVmjWHRkL13PaU1PofvpmzSmgkq2wR3,unknown
bc1qnfhq30y76m2lwtlfaxctqjff79a7gdhm5qg7vt,unknown
bc1q7wz204kjs8z33kjummz8wd38v7r2has8ttg20y,unknown
bc1qmt3rulvn9rm49xufhtfyycxj4j03cw4ddnvzuu,unknown
bc1qpeq2cj5wart4d8avkzaq3ltcekzy0x5qsmd5wj,unknown
bc1qmexsv80rax2gc4rq3032ey2ygcqjtvhe7rxlhgrunnclfnxexd5qf6atek,unknown
bc1qc9x2z7ahy4za9d5th5qwwcyf3ldlqwyva484k3,unknown
3QAPFXDS9wnUggL2boAUDiK8akQ6jJkMeF,upbit
bc1qtplg4vhwe00p333hs0xajlq4qkr3hdj88lx0kz,unknown
16XBWXwELxBmK93YVfeHEuVvyq7zk5G9Ze,unknown
1K4urrCJiDrxYth3xVmF3YbnKx1KTMDw7m,unknown
14Dq6Px2cRtFjDr2CrBvCYocF1GnbQXyB4,unknown
1EJccHdtoWWwCLNgdVA3xQjfmVMw2Zo7gA,unknown
3QmTRd6p81tsqBWc77hQsqkMQNuguG547A,upbit
bc1qeltzrmmcpqw8fyuh4jmqmxgzxpsgzcxqnd9knw,unknown
1K63169TAbXQ48UQ1tZsJy4n4ox9T99G8s,unknown
bc1qkc6hnzrycuhnvu0d8z7lh6uq9qzny5tdp3jwjt,unknown
3Q3CTw3oT829X6dSBtreNtBsfZXqktdmqd,unknown
19JEedMGo5MkySTVasdYzcMLytqGkkzHYT,unknown
3EnYivejs2qDXDEQqY3xho4yaszjShccdn,upbit
16oYPQLtYrVfwPMshGL9CNSQZCVn8jHSyP,unknown
bc1qszkhjqd34kue0dct8cp2m29m004f6p5u090ymy,unknown
1PqvjkDYY9tuTBysyFW9RpcotwSXXoVmvK,unknown
19yaGLuMxsK8Nu8yKs7n12zRnmAi5U33Td,unknown
bc1qwnzzsg7frcuttlnuj047uftmdn3skdceyzx5jq,unknown
bc1q5fnxyj96lnw54m9u25a8nyk0n6m2z9cm2g5kv0,unknown
35GwQ1iXACfhrWmUn9hSmet9ghnkQa9dGg,unknown
19yaGLuMxsK8Nu8yKs7n12zRnmAi5U33Td,unknown
1AcSFQ5dv92WYoDdN1y9AsanDdVWvMVm1t,unknown
bc1qeetqddqxur4sahedkj8473f0dathdywzv0rp95,unknown
0x47f8E5f9cB1ECdfD4d19e69963FA5e1263de2786,unknown
0x30aDFa96B0E97de585CF6f8002c6A178254A9602,unknown
bc1qtyanf37aguyn57tx3xl9v75hg0yy0pdn2wlnur,unknown
0x3d34218b897d605391a3c10c92cd8f05d5fea6aa,unknown
bc1qq8u07rc3tuasrrdneklw70m250hdvzt7g0gg0u,unknown
bc1qh2tv82k0s5muuagrdfz23wnmyqej5j0c5040s3,unknown
bc1qtyanf37aguyn57tx3xl9v75hg0yy0pdn2wlnur,unknown
15DhspJH8bnpUfMh1dN2A5SBXMeBAApLGb,bitsum
0x20883176C2c3c5dd86AA2Ce9Ac0afA25BcaC9d12,unknown
0xC57De359E1E91715F42c81e387A379F4D6256009,upbit
0xbb243b8C200BEe0fC79C9Cf1936B4fBB9d325019,upbit
OxA5c1bE69ae7EA549bc8b2F0465c27eED64b12A71,unknown
0xfa40d1ce79f2b3de4951ddbb8361198d12adfc53,upbit
0xb3edc6d7c21dfbdfa8d6645b630306bb41f0901b,unknown
0x562F7Df948605EfBa6937140bEAB5063e09c5795,unknown
14qg4ex8tByByMQDgmiz7ZGfvZHSgGbRe6,unknown
1CHBgfr9dC1RHPu7UUDVH71uob6UNyCVUa,unknown
0x75994d9504d79f72b715bb00eacb5687a1c61bc4,upbit
33yn6uq21XExrEpgVBBDsfAEyYZXVEm44D,unknown
1GdAWooAMjqTrrRWRHDfzAR9rWW2HjxSYw,unknown
1FsanwB2UCkyAgLMH7VC2a3Zm80bv0zorh,unknown
TXbdmuymeusW3cwvb365mPofpyBwQkgM9T,unknown
1KVpan53BUV7qpZ4nZX1fdjiHHs8yxN9cy,unknown
1DSmFiph1qSbTYW8Xyu1TzkdZ5joavrLkz,unknown
14ZaZKn264aQgnvPgZB2jFnws4seZAMTNs,unknown
1N2Yy6aiEfgyftqd3W3PrDmmKQ2mF7by4L,unknown
1PZCcvP1wdjzfs8nkgvXRsCdg8tyJPhWxQ,unknown
1KgpqZskgvtvDg6NPPpFnzHcxhV31sKDsZ,unknown
1621yBZpqDQ6ifxB3yzjQkduQAawwBKZT8,unknown
177GndN3Cwe11xZzjQKC7mje1d56whp7nY,unknown
bc1q6xuux77j6sfvf5jij2xat77hnn0rj7lurnlz4u,unknown
bc1qpesscaa0f8fdgt96nxtmksmumg6682ns0c63y0,unknown
1KpYSY6BLzAgtcnfSkNp3tJ9yWHcp59yWX,unknown
bc1q9dway0qp82ezqxpcxjmw76kgpv20kzk2gygyz9,unknown
bc1qydfjqhng0harlmg5pqxhrwq8we3lq6destzfp,unknown
nc1qzhr7s9p3px825650dlekyr2ryv6303ul6552e6,unknown
TNARMePeasTwL7kitEQBhsvMCbRFfjCZe,unknown
TDR3gNNx1U2jEQqoGVXggkbHiYhYhxvp5P,unknown
0x188fe609d53ec99c4a73ac8daec19b4629bf7b59,unknown
TTcyctebkNtWmd5v44Bobp17NQvFdn6qFD,unknown
rMNh Z1mj UP1z FSDq w2aA VJDA 5zH6 i13rbk,unknown
TNyx 6GQy R52B tsee LSC1 rLAB s2nz JjYx1m,unknown
0x6fc48de8f167456b7aa27dD4ecfaBBA329EA623D,bitsum
0xf16DE185702Dc38Ff93200A11Bc6b3ED00aC661C,unknown
0xbc0a8a029d1095349430175865449ec327ffc1b1fab6820684461a0d899b2b8,unknown
TMC6DYrx8pN1JhTosgZK7RUkk1BpoJofYt,unknown
MQTLw7gawEed4AgvK6W6wWuXn5xTSkSvzU,unknown
MQTLw7gawEed4AgvK6W6wWuXn5xTSkSvzU,unknown
0xD813dbfb353ec70d8E435B794158329c0D179A49,unknown
17gpkhJ2yw4mfY6396JzbY8NUuGhjwcoK8,unknown
0x2d4005cCCf552B8D977B1A91Fc4f98F049798982,unknown
17GpkhJ2yw4mfY6396JzbY8NUuGhjwcoK8,unknown
0xdAC17F958D2ee523a2206206994597C13D831ec7,unknown
0x0B4a5026015E91A794974C58dfD1a877e3138bE2,unknown
TQNVGSYpFetNhC2pPz446oi5Pk5UDXmTgk,unknown
TQNVGSYpFetNhC2pPZ446oi5Pk5UDXmTgk,unknown
TIBIWFRUZEROZONECKROSEFEOUZBbmotUke3TF360F35kolbk95028mUTo,unknown
WERSYAYKandwaz8GbthQ0274NnhwRFBRRIc4SEZXVAFxSkhKbzV1ZKtaVTO,unknown
ROhOTk9Id2VmZnFGc003NEOybytxMIRibkkIYTVwYmpHcnB2c09ZYXZwODO,unknown
YXUSDHI36WFQYIg2Q0w4MWISaFUSMIA2TWDUZEZPWUSZOHFAOGZVL2IXdzO,unknown
ZXFoFU3VWkzOFdDSESVZW9XZ5J2MXVDUUJIUm94KO52NTH3eEcONn2VezO,unknown
MEIIZHeUROZOdYS3ROUSSOWUZRXNoaDiOZIEOURIJOTKVGNIFNNDO,unknown
ZOUWROVDWAGDIorZW2rS301SHOOWnIWUWOOOHpyTThiN3ppOdToFdkazo,unknown
bc1qxj359dxt35j29ppq9xpgsx356rydz6khyha5sh,unknown
0x2Abc22eb9A09EbBE7b41737CCde147F586EfeB6A,unknown
TQNVGSYpFetNhC2pPZ446oi5Pk5UDXmTgk,unknown
oxoFA59eACf89cD009d63852D9DA5377114d049395,unknown
0x5f6A85f59F00D4a876db76CD0a904ccBA6a309F8,unknown
test,unknown
bc1q2fvz8nalh3ehqv6aycjfp7dazryk5clvwmn7gt,unknown
test,unknown
0x2F12646A33135330c4804C9C169A18f6341f13E9,unknown
0xe58ae0661BDdE00989E47eb11c0b7dB47b8F996b,unknown
rEabHbvybVsW9xW9C7pttAF4ynhyE2x5eN,upbit
rEb8TK3gBgk5auZkwc6sHnwrGVJH8DuaLh,unknown
rEabHbvybVsW9xW9C7pttAF4ynhyE2x5eN,upbit
rLNZc5ZrNUMqRrr8rEfPwGYdSppDbHehrR,upbit
rwSoRzXkcxRcoehAC79sEoG2i6pFHtVYmM,upbit
rEb8TK3gBgk5auZkwc6sHnwrGVJH8DuaLh,unknown
rEb8TK3gBgk5auZkwc6sHnwrGVJH8DuaLh,unknown
rEb8TK3gBgk5auZkwc6sHnwrGVJH8DuaLh,unknown
0x7045F59c284cCA773f3d32F8526Fade35843e70C,unknown
0x5e00d6049eb933a9338f26716ae09f60c878d158,upbit
16abcwfCF6QrHvLWkp3z8TQ8z125NCiyHS JOIN CHANNEL,unknown
16abcwfCF6QrHvLWkp3z8TQ8z125NCiyHS,unknown
0x7045F59c284cCA773f3d32F8526Fade35843e70C,unknown
0x5d6d32a8D6E1513368D0a62daE1757b766860950,unknown
3NAiARgFTfHprCqnqTsnLTTuW7ZIXRv7r3,unknown
3NAiARgFTfHprCqnqTsnLTTuW7ZlXRv7r3,unknown
1NZRND4gxM1aWr8478r7qv5t6WBAUSaBdd,unknown
1HeCFwJN9MigY6Y5rP7CeXn7CMkHCJyYJU,unknown
TLDNK9Kege5FV2cr87ZJNPhX3UVJvhDZgp,unknown
TDbQoI1ZQd9QSh3xFZV3wqugE6EYXqqE66,unknown
TTXRKkc7SPqPvjD2pm4UEXN66foXYFHbdd,unknown
TSV9V5jzpFQGxH6vH7kyxhW9XbF3dD3Mts,unknown
3NAiARgFTfHprCqnqTsnLTTuW7ZJXRv7r3,upbit
3Ddx6HAFxiE6vyjbwKzGNeL29cYMjmZfqt,upbit
bc1q3jfu0jnhyf7vfaugvlkpt6l7umr3saq5p4m8lx,unknown
bc1q4xzgh8cxdx4nrratpagy2k4x0jlkj8st6ahv9x,unknown
32fvagxJBTfpuEXqzd9yZvdCPaYRZNzYSN,unknown
bc1quy8065ya6pnm6a2y0g3xy3u753a9wuf0wr3h8x,unknown
TAZwLwRtxGsngMVBAaygw7sY8MrS8sXaRe,unknown
0x32567f7E4C9F35DDb47B5B8cE7F2eFA54b8d40F2,unknown
TAZwLwRtxGsngMVBAaygw7sY8MrS8sXaRe,unknown
bc1q585wx2lwx2lvxl2zhh9apg6qne0f3rxpryhy608shc,unknown
34jZwmzBUQeT4xCREVhEEm1WPdSJEFEHtz,upbit
3922nEjKjkpHx69aAsewtE3u4tiPjWazw6,unknown
bc1q585wx2lvxl2zhh9apg6qne0f3rxpryhy608shc,unknown
0xb67C234632260f46Bf91a058C4424b44c787D075,unknown
3aa359e31ee05a820f50e7a04e156cd726962f2f5694ad64620479c7fdb9bc82,unknown
0x9ae0539E646C3879C2B8f7E2735d373AF7F84595,unknown
TYxbgLMccFLDfznxeTPsRoRHNiZXc4EVmj,unknown
TYxbgLMccFLDfznxeTPsRoRHNiZXc4EVmj,unknown
bc1q5wm5ms8nsd5euxkrjprfpytlnua9sl44ljl9h4,unknown
1HkKBRgaW9nxW5kWQ5Wqu78Et8sDAGkP1h,unknown
1MRpb9wRBMSVdJza1M6qxqrGGivZedjyGB,unknown
0xe81863ed70cc59c326d8b6a3290e2a71e4b6c82c,unknown
3Ay6hoy2BAi2muzgDfwhrNMXstwUxUR,unknown
3Ay6hoy2BAi2muzgDfwhrNMgPMXstwUxUR,unknown
TV6MuMXfmLbBqPZvBHdwFsDnQeVfnmiuSi,unknown
TJEyDvL2GReS7fbQhyRGPWmDP68TESQGZu,unknown
TYUuc5dRRMGPboXvDgDG9gxgNED5Rh3y7j,unknown
0x15d4c048f83bd7e37d49ea4c83a07267ec4203da,unknown
0x15d4c048f83bd7e37d49ea4c83a07267ec4203da,unknown
bc1qpdjfc58cga73k68mmnaxgktpyruslpftjlgz8p,unknown
bc1qpdjfc58cga73k68mmnaxgktpyruslpftjlgz8p,unknown
bc1qg83xerax04l6hqcgn6slfzaq7ash35x7wsl5y9,unknown
bc1qq8wqkat8ed9u8uwd86cfrmeawxetyrvcupd6zv,unknown
bc1q09z7ulq3gwuvsx4rfd4n9nl3k5pj4nkxa52ltp,unknown
382bddbb9de2b9faab459fb0e7a78f8dd196244f741995466eb8fd7ada3c20a6,unknown
31w3iWUN5EMJMW2YRCc5m4RFqm3zN61xK2,unknown
0xa3f1b7D8BeC1E4cab85218eFA7b2404eE0a24913,unknown
THWiNuPZUXJeZjkhRzggE84TFTyKLB79So,unknown
THWiNuPZUXJeZjkhRzggE84TFTyKLB79So,unknown
TUMibjTUoN45KNQn22s2QiXiPfEEndT7Ew,unknown
9d5d5355cfdcfb8340a4764485d4b1eeb28ebab55e065535dbd1c9d96ca350b2,unknown
1eecb4ad06c9dbca1772214615b60e04b3e9897fca0769ff55b2612ff0812a05,unknown
9c94e8c6e27958642d6f0f21db8015abbbcc0e66382ae618e16863b2c92307c6,unknown
80fd98679901955d7f8008079dc25391f2c2f5d9686378a592e127498eeb1e35,unknown
28062fa8b01f6d9c4a35fe51f2d98537ef019125ec2596cae2cf4a3234a19ca7,unknown
ceb33faace7d71a0520804a35f0492a18efa87d87bd83920aec114e2cd65cf22,unknown
f4d7cb65549ab70ec26fd74e71f540a72943cf42f247eac9bc1beff2b6e3ffe1,unknown
d73104554791f309d3984daa44208ddd5b7e78684ec4124e88c87b87444d1017,unknown
DEFCCE97B31AE593F9815561982D87569F858B80B227767E85877FCB58C2FFC,unknown
bc1q6yc3z0xz89xsgfp9w9398 shrzxutc4r0a0mjp3,unknown
TJnNxQ2sw8QGm7rPATx89sxcLbNVQbbArK,unknown
TAccofWz7ofEPSHEbd6XA5baReVDGymHWu,unknown
TYd6N2LuJez7qhbfhgmjnZDFi85NtPsNw9,unknown
0x18b3d2b7cf5e1e9f4da75945ffeba4d7ab96da62,unknown
0x389c10d465d24340fd5bc3962e44245075e1751d2271bf5f2a34d52bff112c8,unknown
bc1qfnd8vrw88g3dnk2kqdw39fl3j9f42mluv6lpvf,unknown
bc1qmyy54p3tdusgfcyjsm9hl4n843t292c26dps2,unknown
bc1qtla9f0k9y0mzchux5pdmts0vgmk6njt5s80ywcy3ttw8t76lkxs4xd2pf,unknown
3GDgbaYyoKytY1qc369FhoiqxRCBi9aaHNM,unknown
38ijbyheTdFE91dSEXbvf5eQJbqNePPYdE,upbit
bc1qfnd8vrw88g3dnk2kqdw39fl3j9f42mluv6lpvf,unknown
bc1qaq628kn2j5lmtc4vqjv9dy23ftn044p34n8xzm,unknown
Oxae15f3aa1380b020260bccea040f8fcb9ca154,unknown
TWUDjGrcepVicPLCjKbB8zXojCy5xdBWCf,unknown
TEZCSVsFMM9Bn6p7WGcTQEFHZXDnRZ51Ab,unknown
rLRtaFcSStyY2DiJS5MuF9g2QGTjWi25bf,unknown
bc1q4p6a577jsuzfyewcttmkhfxarrrfpjpp3twhaar,unknown
TkeFaRjHMwmUuCSWAnPwyDTxhh2PjeVnaq,unknown
0xdee865d89502e42730552654a49a063c55b7c9d3,unknown
TFxa9a4BftLAikJqxoSqfoiSE4S9KW8dM8,unknown
1t91nmAapvsurvze3kN4oQms8k8EBkMSm,unknown
0x6cc4bde8e65feb7adc5102a00c0687cd1b9f742d,unknown
6YSKMwU37ygEkkCqG8MrojdSVzUefj1L2c1nXJur8W4J,unknown
TDJoUbwNe7FQfLTmZM86SV1zhAGBFvJmcy,unknown
TD95oDnBY5JAK4Egk3aP7SvK6ZZKbdZ2ze,unknown
bc1qv0wlgly2hj50pt9g099x4pvrp3r7g0aesnnj3,unknown
bc1qj6jlwgqm2xnfvm3z33j867nl8mrzjh4zny0,unknown
bc1qvcdy7clcfwr9pz87a2ewjhp95tawewjam5mtr,unknown
bc1q0qs39vn8pmee6daxz5z2rcxrsdk49glvk4zmc6,unknown
bc1q64cphj8ckpn8ql4zzcw8uuv2fcfj7g9gc5gpqu9,unknown
bc1qgcz9vjn39yhzzz8qf2974m44uhddsspxtxvmzd,unknown
TCPp7DmCG5Teip1xj5GihvufX2PaZVXBpm,unknown
0xb67C234632260f46Bf91a058C4424b44c787D075,unknown
TCPp7DmCG5Teip1xj5GihvufX2PaZVXBpM,unknown
bc1q5wm5ms8nsd5euxkrjprfpytlnua9sl44ljl9h4,unknown
rJn2zAPdFA193sixJwuFixRkYDUtx3apQh,unknown
3646qmHXqhQE6Yo9VtNncfi2JyWyorKu5U,unknown
3L93DK19sCD4mbrgZgSRgrSZQ7cQa6YNzx,unknown
0x15d4c048f83bd7e37d49ea4c83a07267ec4203da,unknown
3PefwVbWaUkmgEqMvFn17GRUMbyTBVmQQK,unknown
bc1qt7lam8rjer5h8f7vnOO35zdk43hhkhmcjyuw8l,unknown
0x6A59439f1bfe8D6070eA762856ea43133f964174,unknown
0xAb2109aD7F82bffE7c3cAb3FDa25e4799c28eA5B,upbit
bc1q85wkshkhac9h42qasv0xrhex48peyt40j5aw4d,unknown
TTcyctebkNtWmd5v44Bobp17NQvFdn6qFD,unknown
TTcyctebkNtWmd5v44BobP17NQvFdn6qFD,unknown
TXbdmuymeusW3cwvb365mPofpyBwQkgM9T,unknown
3MyeswQCCtv6ncmsjY9QoAjJx82V2v6Qbn,upbit
3MiLP9B2UjY3rHHh4ZDvgkfCf5BSpzBGAT,unknown
1E9nEbmyUf3mbfNoR3MHSGnxzy2pxGrYFg,unknown
bc1qxnmf743e6pu5tlxv9fgrpzsmvvx55epxyfu9vx,unknown
1HKWLjouAXGGnBMKsid8hU7FMoQXH7zeyn,unknown
1DEETWbCW5GB5TA8ZsbEi25iUJqUeBVXaN,unknown
TV6MuMXfmLbBqPZvBHdwFsDnQeVfnmiuSi,unknown
TABDva38hvRfCKbqs7ExR6ms2SQdzBCJD7,unknown
bc1q6z53s882xyldvgln2a2mexdte66uluaxfx6npf,unknown
TJqFn8x97VeZgb8Ny7YD9JfjoaLpoy1gwj,unknown
3NGBr3RLoyb7d7cpFVrBpe2pDzDHca9mqy,unknown
0x10a35BF6d2a4bb1fc00Aa587e29E7F571856986,unknown
0x10a35BF6d2a4bb1fc00Aa587e029E7F571856986,unknown
0xCcD64CE7209008A788b3da103CaFb47D50c7bbC,unknown
TWXh2Y71wZt7DAgFeRiN88DhoCz64RUpLG,unknown
TEjNc4MBs8WhSeKgiw2xX,unknown
0xFd239551edc99BB6049D5D29896c25C8ac4c7428,unknown
0x9076Dab4e46B46BA6b83c80AD77E327956D81259,upbit
0x4e46Aa8D64bd242Ab1A49dFFC184b9e88Eb270d0,upbit
0x1d167a56140aC2731Dc636464c0D55a4d12e639e,unknown
TMRqr4vFkjyzFpKMH8LDQMnky3a8Zppq9z,unknown
rLRtaFcSStyY2DiJS5MuF9g2QGTjWi25bf,unknown
1AaXrdJXaqtcsqWft9njRFkU9XVfamEguo,unknown
1LurgpyoiDcA39dwdmVbx8SFRLgatsBHok,unknown
TAmmMCIDPksBJeiCc9Vc27fCcSRifvSPzp,unknown
0xF19e565d026a485640f7F978589f5Ee9c9cF5699,unknown
0x265DE0aa6FF7A1646f896a1d46751834DC35D265,unknown
TCvUEh93Uh6jp49AAJGTJC6YMzZ4grjM7d,unknown
TCvUEh93Uh6jp49AAJGTJC6YMzZ4grjM7d,unknown
TWFZbjofdTLY3UCjCV4yiLkRg89zLqwRgi,unknown
TCvUEh93Uh6jp49AAJGTJC6YMzZ4grjM7d,unknown
120174d517013460ced05f9e65e77404294b956a5033c1678b92d602b1458bd8,unknown
TCvUEh93Uh6jp49AAJGTJC6YMzZ4grjM7d,unknown
42f8b03d446dab13663e94561d82456311c4d9c56e59a287e866dbe5a5bd75bf,unknown
1FFdG1wg7L7hBbj7P7c79hCkTC5SmFjPdb,unknown
0x49E30781ca7B21332a4CB17652aF28Be568C2681,unknown
0xd89350284c7732163765b23338f2ff27449e0bf5,unknown
0xcad621da75a66c7a8f4ff86d30a2bf981bfc8fdd,unknown
0xFd239551edc99BB6049D5D29896c25C8ac4c7428,unknown
0x1d167a56140aC2731Dc636464c0D55a4d12e639e,unknown
LPdVjduE8MWseMExXFp9eU4osKdw7ohYwC,unknown
3DzfZtHsoT4u6CWeUbPxg71oTExn1ZthMM,unknown
0x4ad091ab5ccbfa1120df9aa997195cab6c71e2c0,upbit
bc1q0wtm7kezhertrtnht0rr4591mru0smp2 ad408c,unknown
f19851d52f9fa99aa1d51f98122e9a62b53c5130 b49de247332173d8ee7a9e99,unknown
bc1q0wtm7kezhertrtnht0rr4591mru0smp2 ad408c,unknown
bc1q0wtm7kezhertrtnht0rr4591mru0smp2 ad408c,unknown
bc1q0wtm7kezhertrtnht0rr4591mru0smp2 ad408c,unknown
f19851d52f9fa99aa1d51f98122e9a62b53c5130 b49de247332173d8ee7a9e99,unknown
0x9676fC9clDF013b9211fb313316eb0b7d5553944,unknown
bc1qh7sete4wgpj368s46d6fzpwfqfv4tm34ylw8h4,unknown
0x9676fC9c1DF013b9211fb313316eb0b7d5553944,unknown
bc1q058a2jx5pfm4y627e4kvdf5hd9ap839ersrtmx,unknown
0x245596ca2c520b62f0c0daaa9035a2745d3d9394,bitsum
0x2bEFdAdf34cEeF2B354EaF534FBCFDD5c4db990f,unknown
0xb71d38222ef9e0e2b0d0cacb92d13c756c3a8b67,unknown
0xA1850004c03d78a724322Ae2191180e17BEDA16c,unknown
0x1d2ab047f8d451225e7d828eb6152e5f82d031ae,unknown
0x4e4d5f3288e36f99f38018cd28f38a37e7be9828,unknown
0x00234259D7CC9A2A0bd42a33A55b3b1113EE7338,unknown
0x015241C54F52AA3678c6ED66291bf19C267bca27,unknown
0x0920792F1d116fDE8ecC0079f8247930712478a5,unknown
0x2521B994ca8A80E69BCFc93E2faAfBf0a0356C7D,unknown
0x45ac4d052B70B4171cAafcAD15B06e6DC936D7a3,unknown
0x4e4d5f3288e36f99f38018cd28f38a37e7be9828,unknown
0x50612d7f694ba72c9a414ef36ba3485c79150a3e,unknown
0x5f9d19C6868298950478e58Da1e473079FdFf4,unknown
0x648e58cB08fFf3E7E3e2ca4D49915e05b9d7A721,unknown
0x74B1050E4d1ccF51d215CFB20Cb12B1233D75b27,unknown
0x7a6a76DF4bf6e9f072573DDad57518e0Ea5e0AbA,unknown
0x7bF92CBBCF94a9D308623008060FA05254Ff52C9,unknown
0x90c532f90620ef1e058a806065d217f17c7ff1f6,unknown
0x95A43c551101dFA28c40cB06bd186168defEbbD6,unknown
0xb160e260c2341ce7859762e4175e326d0c79dc1e,unknown
0xb2c5735b6cc160ab40b256f9707e23f5780ed7af,unknown
0xB800B1ad0038e3F1C07d3390C01E150A11A907a4,unknown
0xBA76429F706BFD28a2D56Fe04fbb96D986be3227,unknown
0xd7124b6b4841f2103b1760f4f68fd6ff4ad2bafb,unknown
0xdde71d394af6f015ea2bfa07286fc21c4ebfe7b9,upbit
0xe3f47C345b368CE7d9bf8d22c7eb258146d543a4,unknown
0xE74EeE130F48F6ec0475acb908d946e416Da85D9,unknown
0xE8dD550cbBaFB1D2CC4A08D53149b737c0e0Ad83,unknown
3PWSQJSfvNsE2SZKgTkGkHV22Y2Upkk3cF,unknown
bc1q0wtm7kezhertrtnht0rr459lmru0smp2ad408c,unknown
0xCcD64CE7209008A788b3dA103CaFb47D50c7bbC,unknown
0xCcD64CE7209008A788b3dA103CaFba47D50c7bbc,unknown
0xCcD64CE7209008A788b3dA103CaFba47D50c7bbC,unknown
386Qs8KLNdLPbsz6EnUfGJmkzoqtZr3ZqY,upbit
bc1qrrphyv6khdcjgc5gmrexc7jaqwfhhz47g32h9a,unknown
bc1q3fp4n9q9nchfnpqc94df92hdtcrn8pyv5u5v9q,unknown
bc1qrrphyv6khdcjgc5gmrexc7jaqwfhhz47g32h9a,unknown
bc1qy59slf4la4zxlmc77shxqglzv0eu9yxty3zqq3,unknown
0x9f8968175acfd0330ae51f32fd48c46c8049f830,upbit
0x5c083cb94cf1f5cee0507bea79078891a50a67e91744179756a5a31468384e2b,unknown
0xcd2505ae2a82f81373415d8cef4e8709100e8dc1fe27c0977c97055d3277a384,unknown
TVsFr94oXk4PZfiiMrdYikXcbrY4pwNc7W,unknown
rEb8TK3gBgk5auZkwc6sHnwrGVJH8DuaLh,unknown
0x6b13e51c2620c4e35a4e86442f443ea1604d9978,unknown
0x1ed78ccd71824d2Eef63bCb03550Da36a795ab11,unknown
bc1qgmlqd5mxhe5930z777gva7dscta2tdyl84qf80,unknown
0x4d54e9a206dEc24352a5C2440a5BDC7aF3150798,upbit
0x00000000000001ad428e4906ae43d8f9852d0dd6,unknown
0x00000000000000adc04c56bf30ac9d3c0aaf14dc,unknown
bc1qv43dzxt6w39fazl02ddcdh9ngpddlrduz7ndxq,unknown
14Mu1PbpgjErAiWaABbG5BS1xM2hQBNUXN,unknown
0x53E4e2cdc5d2537753a5Ef17B09a4D6cdCF1D533,unknown
TFGuJWqigYv2nZ43gGpP58BWwyBacXVzUB,unknown
3NAiARgFTfHprCqnqTsnLTTuW7ZJXRv7r3,upbit
3Ddx6HAFxiE6vyjbwKzGNeL29cYMjmZfqt,upbit
bc1q3jfu0jnhyf7vfaugvlkpt6l7umr3saq5p4m8lx,unknown
bc1q4xzgh8cxdx4nrratpagy2k4x0jlkj8st6ahv9x,unknown
bc1quy8065ya6pnm6a2y0g3xy3u753a9wuf0wr3h8x,unknown
TJDWLAY33qiWWECqKm6eaGtN2ai3GtddLy,unknown
TEvbLbxfZCVEP6yN8LPuuNiAgVTJfbmNUS,unknown
1DYLPQDJnx6vuZSdgu1Af6Ajd7PGxc4bQV,unknown
1GyuvFFj6P8caVyYzXgWYX9gkbgNVEeLoq,unknown
0x02367b7c6938D6e0B7e3EeC61d09616f65E6957c,unknown
0x31aE105Eb93a4111acE889b2789762bB5c3574AA,unknown
0x57744ea17065ff528be240dda67471330797f49f,unknown
1AckaT1yYNZvyLzmVNQU9fz2YWCxNhf4yz,unknown
0x731309E453972598eA05D706C6Ee6c3c21AB4D2a,unknown
0x731309E453972598eA05D706C6Ee6c3c21AB4D2a,unknown
1NZRND4gxM1aWr8478r7qv5t6WBAUSaBdd,unknown
bc1qjchz5zluwp90l0n3fypmpuj8n3flyslxerpnc4,unknown
1EHzBXXr2qhXTef8GHzonuCrJVXiDwoi5d,unknown
3Ddx6HAFxiE6vyjbwKzGNeL29cYMjmZfqt,upbit
0xc33Ab4149c4Cf112faEAc9e5438C236cd2A3449b,unknown
0x28C6c06298d514Db089934071355E5743bf21d60,unknown
0x81a944C676F4a88B1146dc3D39Fd6542bB459f77,unknown
0xb4BC66E6580011B153B5Ee8e18282e699fBccb48,unknown
94fe2af16b1ffd21bce73bce52a28b7a702a21af03f46b42c5e081f203dc3af,unknown
94fe2af16b1ffd21bce73bce52a28b7a702a21af03f46b42c5e081f2034dc3af,unknown
fffb4c11ef56d343111bae87e7d2d73a47246431381e314d635183a9ee392a15,unknown
3a3797bb0dfcd295c10940a26dd1fcbb4f51fbd7fd713bc257bf5981304b9ce6,unknown
bc1q4q758yqq6mnsfr4q7qmm25thhh4t05u088a3ex,unknown
44d05263b7d8e170407290ccacdcb0d608536ea4779f68e5ccced972329d4a74,unknown
TAU2UgSN27tk2KiCJugtD7trf35LWe5Ue7,unknown
bc1qq5t7p58g9mlegh9scyth95s6jg9wdw386hedv2,unknown
1N56TpsXskVK7i4ek2RLL8Sh3dqWbzoNSC,unknown
bc1q4z0tzvjyktrqx7v9pemate584plsajr536ekya,unknown
bc1qvk6w5a9lcwlyrwr7pg5q5947efpyaee2asdnju,unknown
1K6XZzgTuWpAhpcYiw47VRcWpNKkVwSAhf,unknown
bc1q4ug44eckg0a3ha746nxupkvdd0tttvw6xjl8f2,coinone
3PmFnaXiD7g3EwahkHiUy6ozmWkzWuzovP,upbit
0x26f1f085a756a92bad8c82b9be8b6c11a92b39e9,unknown
TDzeHXwDjfUe7gUWFRg2BWECk2DqcP8kwS,unknown
TNpY6rdkzX9SriYCPjmEbcNJKXgYvAqC2J,unknown
TsxtdR8bkXP27KdWtYaHuJvi4gV1Vc2Eul,unknown
TSxtdR8BkXP27KdWtYaHuJvi4gV1Vc2EU1,unknown
TLjKZFt6mFC8BPGh5ZxK8iggVA3peW95Hj,unknown
TM1zzNDZD2DPASbKcgdVoTYhfmYgtfwx9R,unknown
TTQrtMeqf6eu6yuPvFNQTA18kSUrY9spfp,unknown
TMKb2PasYg5j2bXbgf2v2i1XfgVzcGNLwJ,unknown
3GDgbaYyoKyY1qc369FhoiqxRCBi9aaHNM,unknown
0x99188278Cd813562ff80F01dC8ef3D0944EA8940,unknown
3GDgbaYyoKyY1qc369FhoiqxRCBi9aaHNM,unknown
TAFqxogPiLSdG8xtJ9YmznoRHgBd4hg5RF,unknown
0x7261db407a0ea939fd4b7f4fecf787f1df01ca24,unknown
0x1ddc8e040c1be252c7aa27082f54e4e22774992f,unknown
0xac99e33c5a7f0719e74d5fa3db959f833b0f6a65,unknown
0xDab90EdBDEB855B332273d91BbC089406b33c7A4,unknown
326ytMeUuLp9NmzrzmxMeiy5QArkPofyk7,upbit
raQwCVAJVqjrVm1Nj5SFRcX8i22BhdC9WA,upbit
34fYHnh66CgvuPudeUGv6fmahHK2wWM5Np,unknown
17iiw8zHJCJGB3GFp6y3VFs9fKGuT5Rvdr,unknown
0xf9a8B5F7A9eCA8E423d26FB997F2A0D6bCa880,unknown
0x881D40237659C251811CEC9c364ef91dC08D300C,unknown
0x04f7F019a53bdb2c908ABFA65A47F0418a552D4f,unknown
0x74de5d4fcbf63e00296fd95d33236b9794016631,unknown
0x04f7F019a53bdb2c908ABFA65A47F0418a552D4f,unknown
0x984781Ad2921A2a2Ac01c65Adfd18cf88c10b269,unknown
addr1qy2y24yqh7zyuvl0475sgzua4kd4936s9kw4htskpdxwfctk02d5vhf5uegelwaz60pf3dl8hl626gz2nza29q5s3jhs26y4r6,unknown
47UY1GkHYXjTNTocaLLe6YcfJ9W9ryismavY4443gR4GRxUtvhzMfrdNCecDvvG6o9DV1i4Dph44ccqHeBxtPSr6HbxV5Y6,unknown
bc1q997k6wuc4x7qqsgl5y4mfx6qak37sxdcex5svc,unknown
bc1qtjmgtvwpcyae8hdz004rw269gfceccpql7z26l,unknown
TC2b6wCGjDuWeKr6didBsuKnBgrBjrS4HC,unknown
TWPeCheDJCzmeJBHzoj7gUaYEAKA2Px1eB,unknown
ThTpDTJ4EfssRsaEziqngSbTNCyGy2Cs6T,upbit
THTpDTJ4EfssRsaEziqngSbTNCyGy2Cs6T,upbit
TSy8xnEZrQCTYdvTD4mr36zv2Fo3Z2WVcM,unknown
TPzaqcCPdQ3GTgReYj8tp1KyZ9eAE5ZMqD,unknown
0x6b1cf8029D5BEf0db76085Bd789148B16f68Aa82,unknown
0x6b1CF8029D5BEf0db76085Bd789148B16f68Aa82,unknown
0xac9b1cd7cbaddc3d38f25fd52aa57f055cabff13,unknown
31sj2CBzx595ipWnSnJTLr4MTB4NjW7muB,unknown
3GnDJhs3tB9DwMyBX6LHAqYHNa36H26oQu,unknown
3AUGXxtAPL3F6QFqbEpoSQygheE1Tt2URE,unknown
3LpsXhMZ8gTTzH1jsPzCoMWm1rHuXXMmj3,unknown
bc1qv6v852,unknown
0x674bde7449c17841E0E803483D50cD052925a8a2,unknown
0x674bde7449c17841EOE803483D50cD052925a8a2,unknown
0x6169104a2527d77a5bc4cbdb2af164110b0a04f8,bitsum
0x3bc50357c84537e82f4a583801deca467261b063,unknown
0xC257274276a4E539741Ca11b590B9447B26A8051,bitsum
0x5521a68D4F8253fC44BFb1490249369b3E299A4A,bitsum
0x7D98AC56Fc183fB441a6C2CDa05a4fD6e72Bf875,unknown
0xD813dbfb353ec70d8E435B794158329c0D179A49,unknown
0xa156839583D50Df1B58A481D3a148bDD120c09b8,unknown
0x544776cC44Fb72Ccb4183FdB64b6A44B69aa251B,unknown
0xF545d58aF36a045Fa82432eCC7decb1855eA9FDF,unknown
0x8D3a565A9117A44888cC999E527acA6d0DEF8C33,unknown
0x10677d6eefc2d997342f64f38057e96489c2e69b,unknown
bc1qv6852c7w9q8ru3j8y0z5j3dxugm343fyqw9a4,unknown
bc1qydv8ma0kdvxjz52gzmq5vflvspnt2xwjzqyskr,unknown
bc1qwm69vvzvsj09uksyjgs5p0cv3pp6pxmvgh047p,unknown
33v3uXsDSZqytezE17mExxxECS6vEo3Se2,upbit
bc1q948rf439q3lyy9qkrt9yzqqtqxp4lqw80gummv,unknown
1NZRND4gxM1aWr8478r7qv5t6WBAUSaBdd,unknown
38xNGhsyXJneZBnHVNaskJ1jh7EhgVngaQ,unknown
32fvagxJBTfpuEXqzd9yZvdCPaYRZNzYSN,unknown
bc1qe9r2zjt903klc7djgzlkpnkxe7vrawc4kcwyg2,unknown
raQwCVAJVqjrVm1Nj5SFRcX8i22BhdC9WA,upbit
bc1q45xhfcjef9e3u6jkflec5hq0xdppt8y39mgx07,unknown
bc1q45xhfcjef9e3u6jkflec5hq0xdppt8y39mgx07,unknown
1NZRND4gxM1aWr8478r7qv5t6WBAUSaBdd,unknown
TBoDWx4MHGvKGUA8p58W7wCm1QGo5hztj,unknown
TBoDWx4MHGvKGUA8p58W7wCm1LQGo5hztj,unknown
TBoDWx4MHGvKGUA8p58W7wCm1LQGo5hztj,unknown
TCuRHrigxUWhSfdSCNj7a2dpEArDKfvt5u,unknown
TBoDWx4MHGvKGUA8p58W7wCm1LQGo5hztj,unknown
bc1qva04a6w1828q89py6qzc431hfrc19w2y5equcu,unknown
1KXSqnKTLWifysbsme9qVHrWxvGF5tRMTE,unknown
TD4ZkWH6hE5XzLLBJzYRJsHY8M3tsm1jsE,unknown
TVSJoe9wxR3t7ePB4WuE5zVRH2kzbKyizt,unknown
TDh5bsyb6ovnWg862pZ6gHmAikn2mmmJQJ,unknown
TB5HhiBFYEQWy3WPipAHjyrzk8NFAUGRMN,unknown
bc1qazq8vldak9kxt9jrmld4utwv4pfgwffklrcx6a,unknown
addr1qymnr3al72hdxd8m4wfcdr3eafx7fq77s7xcp9zlu7acrs3hx8rmlu4w6v60h2uns68rn6jdujpaapudsz29leams8pqhj3c3n,unknown
TAnQC1EvueTBoozTVsinxHoe8paG6m2FDx,unknown
0xBaf5E25Bf89D9A3FDe71dd4F8968cBbFeAe17401,unknown
raQwCVAJVqjrVm1Nj5SFRcX8i22BhdC9WA,upbit
0x3f6f91fa917b451912c0f643804853c4d13e1983,upbit
0x3f6f91fa917b451912c0f643804853c4d13e1983,upbit
TY28jQqWkwMrp6P8iABAtW66bzE3mFLWQd,unknown
TZ2xMjSvw2LPz6uuqUhMH7SNUMF6KrnpuA,coinone
rGDreBvnHrX1get7na3J4oowN19ny4GzFn?dt=209171509,unknown
rGDreBvnHrX1get7na3J4oowN19ny4GzFn,unknown
rGDreBvnHrX1get7na3J4oowN19ny4GzFn?dt,unknown
TMCggoW1zo682Q4d89PTy17fppELgpWigD,unknown
TV6MuMXfmLbBqPZvBHdwFsDnQeVfnmiuSi,unknown
TTcXjsZJw2ZuvmcghS7FGo7SRKrZ3qo54X,unknown
TTcXjsZJw2ZuvmcghS7FGo7SRKrZ3qo54X,unknown
1GgBZi7SRZxaq22CrbFrCTv9r8YPq5Nq9w,bitsum
TMKb2PasYg5j2bXbgf2v2i1XfgVzcGNLwJ,unknown
0x73C28C390F6474B340A4941cA55990CC27184014,unknown
bc1qxrfkch3h25ryqhnkg4g0erk8knmkhg9lakl33z,unknown
bc1qxrfkck3h25ryqhnkg4g0erk8knmkhg9lakl33z,unknown
3LbDRSPnt3eEbjZJ6o5N5BF6AS87VDLptz,upbit
bc1q0808y2adud6tvpxr2j604xj86k9ukntxaj7d6x,unknown
0xCA17f569C818acbADb8Be94D0e0f6e2dE24164F4,unknown
bc1q8fgdvrnxdr05z5g25r58mu6htfejglmm6j5nf5,coinone
TWFwc9H5QXLkybzA4wDk7CXYHv5TnhEbG1,unknown
TGKcW8UyBdCKF2ohj65atPCbGK6fh87seX,coinone
3CLugw8UdSL5imdLzt6b3GheyzWxkFoAbu,upbit
0x7147CD9217947B3eE78Cc8658Fd95d7859D92F5e,unknown
0x3822ea23369f4904f241d4bd84c713e6db309b3c,unknown
1Dmujb2ZrrGA9FDDKxg2Cw3HVfoQAWZUSz,unknown
1EmtiTeTWcG3b3BbiTsAXDGAr8b4SnMcgc,unknown
THDM71eokAjm45ea4VGMFqSToQuT6jeRBZ,unknown
1EmtiTeTWcG3b3BbiTsAXDGAr8b4SnMcgc,unknown
0x82e95v3pa00y1j1581taj998n905c8ve2ti3619q,unknown
0xb40637e6604Ed47c2698dbCbedbAe3A2D39B6322,unknown
0xCc97e69a8611265aAC36D32Af4a751acF7730e0E,upbit
0x631471b40d371648C58fA4Cf5aD7cAa495b59Fa5,upbit
0x0A41f9890a97149a3332361cf03603b6F8bB0733,upbit
0x6fc48de8f167456b7aa27dd4ecfabba329ea623d,bitsum
DL9nApHq422tuXQH4PXUV2APoUdzTmX88J,upbit
0xCc97e69a8611265aAC36D32Af4a751acF7730e0E,upbit
bc1qu7a4uwrc9uw25wndzdgj3uvay74kp6x0zkssg0,unknown
0xF36801a6cC6a44e7b735e30d9742F3a44D348bc5,upbit
0x53E4e2cdc5d2537753a5Ef17B09a4D6cdCF1D533,unknown
0x53E4e2cdc5d2537753a5Ef17B09a4D6cdCF1d533,unknown
0x5ca17823e8aC1961654735Dd0ce491aB27CAA600,unknown
0x5ca17823e8aC1961654735dD0ce491Ab27CAA600,unknown
0x42028eC95bC703a05058E7181C48415d0d5B629F,upbit
0xB42c769FaB412E0C20f8E04091712ED46051c994,unknown
0x9aCfC5FF48c8d9a6525BC923F214922D6C84e5a8,unknown
0x5b990C664aE7E759763ACfEC76E11c289c53Be77,unknown
0xad6c8c83f0058789618f18ebe564e74e21cd76c4,unknown
0x57A9989341f1ca9a5b14883CeC846B05A9280dc8,unknown
1CiWyryiSR8apcNedGs6zKoRSC8eEVPjHu,unknown
0xa5a700d29a0fda6344fb7dfce2ee870e48c9,unknown
0xea c532 2a5e a925 6f46 ad0c 20cb c732 9aa4 e870 a0,unknown
0xea c532 2a5e a925 6f46 ad0c c732 9aa4 e870 a0,unknown
0x16 7a93 33bf 5825 56f3 5bd4 d16a 7e80 e191 aa64 76,unknown
98a0db04fa3134c9e94e92a01d01a5b137dbaebc3531b56cf1840026463a65e2,unknown
0x20549b2f57caa21df7fe4c9cf0196879c52d1a55,unknown
0xea674fdde714fd979de3edf0f56aa9716b898ec8,unknown
1BWc9SK47KdifwJyoCZKusnqdNdnX31xpB,unknown
0xD9Cbb305A889B3Acbf758811b38e68A99868EEF6,upbit
0xF02c5de09cCcf60BE05dDcddab506cD75F5Eb33B,upbit
0xb40637e6604Ed47c2698dbCbedbAe3A2D39B6322,unknown
0xDb222A20e66b83a384E05A2EC24006E181130827,unknown
0xE72FE114EB00c00f0f9ebd0ebB832A0C897ff9B8,upbit
0x126ACCDe9fA7cDc6Cc8dcaAe1f5071baAE8a732a,upbit
0x4C41E2264809BFB10F50A5F83BB1694C75db9395,upbit
bc1qvmhxc6z8exqkxx5xlpvq880sywhkzxrumj7l72,unknown
6ec8999d57e900fffb1a7aefd0b542031a2eb731e5698118d63c9efc92d7c968,unknown
0x5004ac082Bb9dD87E3D9641D482dd6831b89b55F,upbit
rUzWJkXyEtT8ekSSxkBYPqCvHpngcy6Fks,unknown
0xb40637e6604Ed47c2698dbCbedbAe3A2D39B6322,unknown
0xd0CB04fEe15dBAC9f1565fA025503abcacd137E5,upbit
rhuCPEoLFYbpbwyhXioSumPKrnfCi3AXJZ,unknown
0xe6C60368B5f50a4c27C69d39527bc36e4C8096F8,unknown
rUzWJkXyEtT8ekSSxkBYPqCvHpngcy6Fks,unknown
0xD9Cbb305A889B3Acbf758811b38e68A99868EEF6,upbit
0xa3f1b7D8BeC1E4cab852182FA7b2404eE0a24913,unknown
0xa3f1b7D8BeC1E4cab85218eFA7b2404eE0a24913,unknown
1AAKPMs9kJxN1Nvqsc1rrY8pSSvdpvstVi,unknown
37y1n3E5KbfAEu5u8ZbiQBp26DTN1su8nW,upbit
0xb40637e6604Ed47c2698dbCbedbAe3A2D39B6322,unknown
0xDb222A20e66b83A384E05A2EC24006E181130827,unknown
0x0f70cAe1286fcc6f2ec0f6f6Ba4B831e17463F2C,unknown
0xCE30B2858f447471a5313177857614BFe319e1EB,unknown
0xee658319d83b152bd212d4b0ce2ada850608df2a,unknown
0x6361391857e03C30C46B166583CcdeBD7f40998,unknown
0xD9Cbb305A889B3Acbf758811b38e68A99868EEF6,upbit
0xF02c5de09cCcf60BE05dDcddab506cD75F5Eb33B,upbit
bc1qfpp2npkqrw086a3r3lcltlua528z3w255su6ct,unknown
1Je3RohZT6mH1AofjcjMJXgbVgKrJNVohD,unknown
3ETQgc8vcC9Kr1xZs2PWZ9FC1H1EGWhaw8,unknown
3MFeV5s1DxCsgxc6pN71puEmHEZqNr8x7n,unknown
TBWdLmGbr3SeEbrvCQV6Y2xV2cH7mjyvrW,unknown
TBWdLmGbr3SeEbrvCQV6Y2xV2cH7mjyvrW,unknown
0x28582f718c38ccda3a91cc993e561fb79f295efe,unknown
0x28582F718c38ccdA3a91cC993E561fB79F295eFe,unknown
bc1qajgtszq9ket60euv6q0yn0fmlrzte7hjwndadm,unknown
bnb1lqfu2n6xg9n6ggqjjdjpp4r866vp99qxac87n8,unknown
0x1214Df4F62B5318293D516699DF8aCd1Fb6a794,unknown
0x1214Df4F62B5318293D516699EF8aCda1Fb6a794,unknown
0xFfFeDa37FD407C740f902bB930775725AB6AAD33,unknown
0x120051a72966950B8ce12eB5496B5D1eEEC1541B,unknown
0x120051a72966950B8ce12eB5496B5D1eEEC1541B,unknown
0x1214Df4F62B5318293D516699EF8aCda1Fb6a794,unknown
0x8A909E028d0c88F213D6a75fD802Df5c00197900,unknown
0x7790a6DAe3174A60E171A25a040f913b5d6054d4,unknown
0x6c59cb79Efe1eCB3CCfB7a60F546ba496f3E393A,unknown
0x8A909E028d0c88F213D6a75fD802Df5c00197900,unknown
0x1214Df4F62B5318293D516699EF8aCda1Fb6a794,unknown
0x6c59cb79Efe1eCB3CCfB7a60F546ba496f3E393A,unknown
16bNSkKCoCKax5HHcTiBPhfTdedeBgK7uK,bitsum
1NZRND4gxM1aWr8478r7qv5t6WBAUSaBdd,unknown
TGZWcregvTmsPyPYuJvi2dPjWqfaRiki8T,upbit
1AckaT1yYNZvyLzmVNQU9fz2YWCxNhf4yz,unknown
bc1q5pn0w0rsm94fy40ucgpsksyn4mjs2schukw07p,unknown
3NSQRaCfRsRSQbKJZQ5fg8pAXawJzPKpR2,upbit
0xa4b099afdc4c5e87a8f4470c3b12869c1b00055d,upbit
0xf033a0cbb2a750afc5d7c642b5ec188685a4a658,unknown
0xf033a0cbb2a750afc5d7c642b5ec188685a4a658,unknown
0xbcF71d719F249825CfDE9dA33EcFc388E2a663FA,unknown
1JodTRnwygpNnWz8LH9vt7H4P41ZEUQFGa,unknown
0x47f0a8abe042b4f7f58c0270e1df1b06b989760c,unknown
0xf05cbdf270831653022e4cce729441b63fab9df9,unknown
TEEghUg8dcSWTtQY1BzmRSYuedajf5Ztvj,unknown
TJZZxrFgQ6YRCPktoniW5jmxcmxcNJxR6,unknown
TJZZxrFgQ6YRCPktoniW5jmxcmxcNJixR6,unknown
bc1qfx5g9nzd944mc56a4f07ysgun37ln7fklqfszw,unknown
bc1q26lynx7pggp9y87y3s8qdacgkex26xs5qa8nhg,unknown
1G6qH36wNPp9sZ5PxmdBMGVDB3YNW45SwG,unknown
bjhnOWgzcHA5M09SZFlwWE9laUlFVlQ5dlVJam1SFk2dTj1bzBHdDJoST0,unknown
Z1F0ekRicjUvYXVEKONvYm8raHc4MGxZSmFlbE1XV1B1NEJlK2w1dTREbz0,unknown
0xaa5a05ec8c1337064115d0cc7a0560526c85249d,unknown
0xc92138760dd98591a2655173e8653d957274018a,unknown
0x1f528f6D481DdFd7FADD7a87661683a59117237B,unknown
0x963e94D45ce8C49dbe7DE828968F6df30712d877,unknown
0x1671a3e4A2519A653E66E827ef6eaE690ee86729,unknown
0x0A41f9890a97149a3332361cf03603b6F8bB0733,upbit
33gmLtaLm1yz81EEMDmdxXMtrELxNZbNaA,unknown
0xf8711f887fadc9327513e86d88e4d3977a57ce97,unknown
0x80833be935ee37076b2a4df53eaa83d009502ed5,unknown
0xe3cc3477912c4a0f4dce698521b9c145bfa2fffe,unknown
0x0397f9a27d37049fdb7c552130ae23fd49faab9c,unknown
0x0397f9a27d37049fdb7c552130ae23fd49faab9c,unknown
THhsPJVxUa5KfkYWY4o2dyTYNNAgc54gif,unknown
TV6MuMXfmLbBqPZvBHdwFsDnQeVfnmiuSi,unknown
0xb65d18b91d401224dcf2b072d30c29bc8398463c,unknown
0xa3d651411a0c3631ec5670be5b9d6a1066d8ce0f,unknown
0x5D7a573F3C5E6913cD90106c45C2D529f5F239FE,unknown
TTGFgRM8YVNnEoPvxo2MJTYWYAayC,unknown
TGZEd5ss1ciHT8gYyhym3F7NHFEcfKhkQg,unknown
0xa275e6b9a649e0c04d51599b67e6ca5b8630e0e9,upbit
TR2hoN5fGjuGEqGNwFLNjmXLvaB9Qa6wNf,unknown
TVgahDTkvCdGVr46bh7Kty7EjoUXTrYyPQ,unknown
YU2ci6tkFvNqvnuQk6WuH7cC4Jg7RcnQse,unknown
THW2BKqKjCsMbjfwkZxrFoH732mt383qib,unknown
TH5XhFDkhhvez2gvWQYkKRsYFNeLkUjaGQ,unknown
TV9jmx9YEy3Dcyoqeh9UEP9NpQUMkevYEs,unknown
TFQYZQmzj22s58Hk6cC8W4N7VFftKttv5f,unknown
bc1qk49jk2lw04x4xxlv2jcrvp9hayq42u6xlnalzn,unknown
0x836E47AfCf65dFa1817Ab946bCABB3c84711DF54,unknown
0x836E47AfCF65dFa1817A946bCABB3c84711DF54,unknown
0x836E47AfCF65dFa1817Ab946bCABB3c84711DF54,unknown
3aa359e31ee05a820f50e7a04e156cd726962f2f5694ad64620479c7fdb9bc82,unknown
bc1qk49jk2lw04x4xxlv2jcrvp9hayq42u6xlnalzn,unknown
TKcf2wdBcdrxQT68vPmcKFv7aD64sbZKQH,unknown
TLg1mrDs7g53ikRxQXMQgZJSX7XZevXwzk,unknown
1NfKZJUkuRxw15DEA4x89nbg2WXXrr50U,unknown
1HGDtTLdc1gfmmPthkNk3bprWbxkzYuXQn,unknown
1HGDtTLdc1gfmmPthkNk3bprWbxkzY uXQn,unknown
1HGDtTLdc1gfmmPthkNk3bprWbxkzYuXQn,unknown
137H2a554tJ46ExsH7aiKaKsr7aZsh2i39,unknown
1QKWpWgFYHDN5XdcrW7be1iPDfCKFqavvS,unknown
THHhvTUQC6CssberwqQGwqhz8zLrZzzbCe,unknown
0xf7858Da8a6617f7C6d0fF2bcAFDb6D2eeDF64840,unknown
0xf7858Da8a6617f7C6d0fF2bcAFDb6D2eeDF64840,unknown
0x498f4480ce82aac3fa0571690479dbc8e456b9da,coinone
0xe4eed2c91485299bd72852b02503614af669f423 (2022-006496),unknown
0xe4eed2c91485299bd72852b02503614af669f423,coinone
0xefe65b97a4ff85c70b53eed7ea190bbe4976251c,unknown
0x35e48e6Bd71C360357d8f9c24A98Ac1c12AAeb16,unknown
1DNC82Y4tqeTBx9V7piWWKSftVRspr5eDd,bitsum
19McFLQew1zhpsktdLwR4Gq59z7vbt2Zts,bitsum
1EVbxrTS1i6ZxXBon7rNEKNxiz1UkAGsqK,bitsum
19McFLQew1zhpsktdLwR4Gq59z7vbt2Zts,bitsum
168wbqm1T3qkR1f8ou6Y14xmkSfVUZXPsB,bitsum
1D9NGmpDLAD5cpAxEw796kk15wB3CW1FQB,bitsum
1HN1psmzXVrWmMag2yajQiXEDwpE3Gh9qw,bitsum
1CU7WuqUMTSQKmEZ5MAqTVnZvzQVWSx4bH,bitsum
1AA2v3G3MpDn3iiieBPed1g9afFiXprp8u,bitsum
oxfa836fd106e77e1785bf0955b739f3b8dc2be7c5,unknown
0x6361391857e03C0C46B166583CcCdeBD7f40998,unknown
0x4e7b110335511f662fdbb01bf958a7844118c0d4,unknown
TX9eRD bT1obU3mcLws7ExSW1GbigJpsMgk,unknown
TU2ci6tkFvNqvnuQk6WuH7cC4Jg7RcnQse,unknown
1LwfYW6dpYBRXVoBto3UYCCyG6E46Gv1UM,unknown
1LwfYW6dpYBRXVoBto3UYCCyG6E46Gv1UM,unknown
3BkdACMau9WVsuV32kFv3tpwYhKyAHPjfk,upbit
3LbDRSPnt3eEbjZJ6o5N5BF6AS87VDLptz,upbit
1GgBZi7SRZxaq22CrbFrCTv9r8YPq5Nq9w,bitsum
0x66988d961CB0f46610eF8635404cbe31F7ad0C9E,unknown
0x1f528f6D481DdFd7FADD7a87661683a59117237B,unknown
0x863940DB02f73BA10aB887E53b8Ff4Fd34957702,unknown
TSgx5MwgdSWNrFCvfzmaRD4svaJJ6ThtR,unknown
TSgx5MwgdSWNrFCvfzmaRDx4svaJJ6ThtR,unknown
TMV3rG97LuhCMoJTD3TA8fSTzx4RYkrp3D,unknown
0x22B84d5FFeA8b801C0422AFe752377A64Aa738c2,bitsum
0x532a689aa647b5e716ad2e513d2d5c6f0bcc4ff8,unknown
TPVzgPVyqaWp2fsqNPWJp9TJNJBFvWnawg,unknown
TGGWBzeKB8vNPhm53ZTrezcXbLcmQNwcok,unknown
TEorZTZ5MHx8SrvsYs1R3Ds5WvY1pVoMSA,unknown
TALoKh4kiRzupKkFbbbW85uEUfj9bDr7iK,unknown
GAA23STAFIH3D24GT3AKKL4TPK44WEUBH3JF4OPMLN777XQ4EHTHCHIS_1006219751,unknown
2d8d28216db3189489c58e78db60c66e49d96d1627ac49eaa2f631cc15e9713,unknown
bc1qny0e3kczqexl3fysqsszcet4zh0dfcuwtu3vp,unknown
TCxBPZcPXDJD5q9qd8DcjTEEtQDSgrFdW6,unknown
0xad675bfdc799a0dd64a04e6758665e8cb76cf5c6,unknown
0x54de99bfdd7b47b3f2c2be4776c335af0dc3c320,unknown
0x6957602bc88408304452c88408304452c807a578f264ba9fd54b2f08aa475d041deff661cc8f,unknown
0x1413df83431e57163b5919ebc1b740665c3d333e,unknown
0xb4f6c6f8243d3d3c57a8e9f1b08f1f21ecfb53bc,unknown
0x6ef27d60bf5f4173581365cad46941cf75892d39,unknown
0x54de99bfdd7b47b3f2c2be4776c335af0dc3c320,unknown
0x4E92C4eCb9FF4A0b24B56F13258816b133110650,upbit
0x48b527e1bf214d42794d224174f9e36de138cddd,unknown
0x48B527e1bf214d42794D224174F9E36De138cDDd,unknown
0x3879f79d34f8a95c5c48b906ccffc0b866868543,unknown
0x48B527e1bf214d42794D224174F9E36De138cDDd,unknown
0x64A38D8480dE73439F4b7E43950971FeCA60688C,unknown
0xrw6m8hdg6s1wdlwr62t87z5rpb601165h5mpn1u3,unknown
1JBAoJceGtsfdXRrsPHmDDH4T3B5FUn2LS,unknown
173WyUt3Yr4DvaEjaBd3BvaYs6wMp8GahT,unknown
336zRY817aSFNni4B4RJVAR8VWXdeYXByX,unknown
151ygG15JoUb2Y5vwfUnK3kwh1p4qgvnpf,unknown
197UA8yyBuSR5pyGNbPoEjuzK851Yk1HyG,unknown
1Lxm1W4M9VS1X6XQcChajHZWddpNxePZaP,unknown
1BAxLDdaUqqATi5wh1nJaNicHEUaUr2Vgt,unknown
15Vhpci1TLcn4syieL8b6ZqnLfZugcZnYv,unknown
1LjZbgAKjP2qvAYT8o4QjA6uc2We5dfpGo,unknown
bc1q9uxynmzm9zlla0n9rg6l873fne363xdkpqqm8s,unknown
17pbLe4LYUA6cBHypxKfhYXe6wVGHFVXP1,unknown
133YMZFDdkhsyEu18FNv6mqui18Daf5RU9,unknown
1MtenwZiVW7ai8yZFEW6ryJHsMxc1xA3kC,unknown
1NNGWSwGCqFRnX1qvpC84MiKFtY8icA8o5,unknown
18ZyU4FkbL4TztQiN9hvjiZpVQ9J4sBuHn,unknown
1Da3S1jSDeCWoQ5bKTD67eejDmtjAoitZA,unknown
1F4bSjqAsa3YEhoSnYvfVymYYmc7kcQXgf,unknown
1HiezEkSgWfnUsFpTWF2emZVLpuhUn3aQK,unknown
1GArZR2feMSiLiDiv4yXLcCbSwR6xR8rv7,unknown
16v8J15HtdfGeRXoFLKYaFXp5dEXkpHhb4,unknown
11sSBLZuNNDKL5d6wovWAcWz1vMjF6ktS,unknown
1NFGE8fgkohgZ9jMmLDTHYdM1r4MshXNun,unknown
151ygG15JoUb2Y5vwfUnK3kwh1p4qgvnpf,unknown
1Lxm1W4M9VS1X6XQcChajHZWddpNxePZaP,unknown
1MtenwZiVW7ai8yZFEW6ryJHsMxc1xA3kC,unknown
1JueLNaCuVZ3qF8AjpyWJvfzCVz3hCJosB,unknown
18ZyU4FkbL4TztQiN9hvjiZpVQ9J4sBuHn,unknown
1Pw4Bkn4DYoJun5oDZprGFfJSvQZJXnqP4,unknown
1EnATmEEwfxVsLJMTphypBeJ5qBXpsPyM9,unknown
1F4bSjqAsa3YEhoSnYvfVymYYmc7kcQXgf,unknown
1HiezEkSgWfnUsFpTWF2emZVLpuhUn3aQK,unknown
1CkH5SQBsNWVaDavcRbpTL8aXW6UnHJncE,unknown
bc1qw0ysnv2thdu8eq638wg2uqfv7g936zsl7hjwtq,unknown
bc1qfgk4cptrct8k2enz5nvl2s950cdfpkrvd82x29,unknown
bc1q6yejamd3qnrtj5h29dpz5669r3th4qzxstkw39,unknown
bc1qeecckj6jcty32kcgkmms2duq95k4l62t6zkram,unknown
bc1qeecckj6jcty32kcgkmms2duq95k4l62t6zkram,unknown
bc1qdgwj3unq07zl8kqvjhkd485hsxeex0l9apduru,unknown
3AgDwqCPHKxzyfFMMt8QmVZE8ryLMYQozD,unknown
bc1q8m9au29yewplxr5ty9ywkcar4nrxeqky23qd5e,unknown
3FxUA8godrRmxgUaPv71b3XCUxcoCLtUx2,unknown
bc1qm34lsc65zpw79lxes69zkqmk6ee3ewf0j77s3h,unknown
0xe356a0392813d64666ba90659e0f517ac51fd70c,unknown
3LKVA7rWhHTWJNv1ciHwNCfamTNRhcsoaA,upbit
bc1qm34lsc65zpw79lxes69zkqmk6ee3ewf0j77s3h,unknown
18ZyU4FkbL4TztQiN9hvjiZpVQ9J4sBuHn,unknown
197UA8yyBuSR5pyGNbPoEjuzK851Yk1HyG,unknown
1GArZR2feMSiLiDiv4yXLcCbSwR6xR8rv7,unknown
1F4bSjqAsa3YEhoSnYvfVymYYmc7kcQXgf,unknown
1NNGWSwGCqFRnX1qvpC84MiKFtY8icA8o5,unknown
1MtenwZiVW7ai8yZFEW6ryJHsMxc1xA3kC,unknown
bc1qm34lsc65zpw79lxes69zkqmk6ee3ewf0j77s3h,unknown
bc1qxx6vey3ps8qlgvzf8werl3nvypycywk5aslwx5,unknown
0x7D98AC56Fc183fB441a6C2CDa05a4fD6e782f875,unknown
TCWwo7JPKsd6EV635zfhUWDu4hmKnVXJ3K,unknown
TCWwo7JPKsd6EV635zfhUWDu4hmKnVXJ3K,unknown
TCWwo7JPKsd6EV635zfhUWDu4hmKnVXJ3K,unknown
0xEBA7200C8b2433c54dFe4C65475e7369B452261e,unknown
0x4727697581d9c68d59ddfc829794f02cd07a4671,unknown
0x1111111254fbbc44bac0bed2854e76f90643097d,unknown
0x1111111254fb6c44bac0bed2854e76f90643097d,unknown
0x54de99bfdd7b47b3f2c2be4776c335af0dc3c320,unknown
0x5abE31C3569F0686Af50bD96Cv2E25ad3384E407,unknown
0x5abE31C3569F0686Af50bD96Cb2E25ad3384E407,unknown
0xE81863eD70Cc59c326d8b6A3290E2A71e4b6C82C,unknown
TKdfFQQkVjqeJP6EUf9xAd6ewXe9TgLfRP,unknown
TKdfFQQkVjqeJP6EUf9xAd6ewXe9TgLfRP,unknown
TNCmcTdyrYKMtmE1KU2itzeCX76jGm5Not,unknown
TM1zzNDZD2DPASbKcgdVoTYhfmYgtfwx9R,unknown
0x5ca17823e8aC1961654735dD0ce491aB27CAA600,unknown
0x126accde9fa7cdc6cc8dcaae1f5071baae8a732a,upbit
0xf02c5de09cccf60be05ddcddab506cd75f5eb33b,upbit
3BHJfvJzC1agkDLJ2fGxMADKWphWN7Zn9h,upbit
0x2f666498Af5096f3680487686e2F08C10876f648,coinone
0x7c066D119805B806C3854d002466dC42E9d91CA5,unknown
0x7c066D199805B805B806C3854d002466dC42E9d91CA5,unknown
0x6b8fac654d072d8a799f03626db7e4f4679b0e1d,upbit
0x7c066D119805B806C3854d002466dC42E9d91CA5,unknown
0x867dc2777017dfa1cAa685B5C6e76Dad8b1D717B,unknown
0xC21117C76aCE2621611A4b5D52d9082D2F3dDDf2,upbit
TCYoYqWStLzjWfj5Fuv2SdwgrXqCsBMNxN,unknown
TAFbiaYGcajzcYaDrUiWSTqX9KQk4Z18k4,unknown
TQn9Y2khEsLJW1ChVWFMSMeRDow5KcbLSE,unknown
TA8Lefz83NQzk5UkdChR6Kkx3TjKeK533W,unknown
TYDkcLQDtgr7wfEYo5jzqVcjCirErTNBjL,coinone
TNG6hwUu5AQDpL85Y6GcbXBDEAjS6nk1wu,unknown
TLTntPCn9nxhxtm7mFz89myvQsBDW1n7we,upbit
TSvbTNBkomvMvgUcgf4wUoPbm1bPsMTjh6,unknown
TQeNLW64GK5C1uM8AUxVaDTekZiEaw6Gzs,bitsum
TWvmwEmVFvCFbJrMaocvr24VZGvhX7d2FA,unknown
TAAtSXJNtigZ1BHVYBuSCwTVqy1ToHwusF,unknown
TPW5C2JPVg2UVRjxkKJCdqRcaBYkrmPwSb,unknown
0xcfd6348d8473613e571189b793d59e8b9e05c1a7,unknown
0x72984a35867689fdf9901699ff2800da42e179ad,unknown
0xcfd6348d8473613E571189B793D59E8B9e05C1a7,unknown
34xRnKAz3HdXR8KSqt6oFiaV6awLSvDjS5,upbit
3FRW1sKBSFyTRMseR1L6FgXutMKiRhGJ41,upbit
3BHJfvJzC1agkDLJ2fGxMADKWphWN7Zn9h,upbit
0xf02c5de09cccf60be05ddcddab506cd75f5eb33b,upbit
0x126accde9fa7cdc6cc8dcaae1f5071baae8a732a,upbit
0x6b8fac654d072d8a799f03626db7e4f4679b0e1d,upbit
0x7470D3613791e624d9b7c22E7094d3b632974d94,unknown
0x7470D3613791e624d9b7c22E7094d3b632974d94,unknown
0x9a27cE4FB414ad11290d913829fEc38EF9f04491,unknown
3F73FVENGiyjGH3cKyDVGjCpcg3yXXGtEQ,unknown
0x62baea532ac1982ffc88b2c99b1d17e79672ebf1,unknown
0xcf41b472575cabbc09c23a29e4a043332d7dd1d0,unknown
3Lwf46eEihwnCX9jcSn3ZCQgCBtX4dcZ1s,unknown
0x7470D3613791e624d9b7c22E7094d3b632974d94,unknown
0x9a27cE4FB414ad11290d913829fEc38EF9f04491,unknown
0xEf1c6E67703c7BD7107eed8303Fbe6EC2554BF6B,unknown
0x3B110EeB4309E11600FD26ef30FA00a0cABCFEdc,unknown
0x5F041c48F2Cf492cb676d3B7EF4cb248F462849e,unknown
3DZFJv7VpBcURiXyt7JhmQwtHuwBQTSHUG,unknown
rNxp4h8apvR,unknown
rNxp4h8apvRis6mJf9Sh8C6iRxfrDWN7AV,unknown
35x8CNiCUX5SuRwAHW1zAABSjoc3xB45,unknown
35x8CNBVCiUX5SuRwAHW1xA,unknown
0x849C8093E68a375A31a2d5AdF80499E5660f6d0f,unknown
0x849C8093E68a375A31a2d5AdF80499E5660f6d0f,unknown
0x849C8093E68a375A31a2d5AdF80499E5660f6d0f,unknown
0xCEd773073c6873FED795510E24e1b1BcFb7813cc,unknown
TGGWBzeKBzeKB8vNPhm53ZTrezcXbLcmQNwcok,unknown
1Mth18gNecFoZvyt6WGdomWRMTFaUfW4pF,unknown
34nQhGDbUPHiD9xaEHUpzgZcRK65b4zaPL,upbit
TSByMJBrd8bxdlkBMcm6F7NYs9HCpSemrW,unknown
TSByMJBrd8bxdlkGMcm6F7NYs9HCpSemrW,unknown
TSByMJBrd8bxdikGMcm6F7NYs9HCpSemrW,unknown
TSByMJBrd8bxdlkGMcm6F7NYs9HCpSemrW,unknown
TSByMJBrd8bxdikGMcm6F7NYs9HCpSemrW,unknown
TSByMJBrd8bxdikGMcm6F7NYs9HCpSemrW,unknown
0x75c3a30438697094a385faa89e7b2ccc91411bb6,unknown
0x815c120a651a11b4e2350b46ba51581c62d27b05,unknown
0x69ff228362f421a1d432ccfcf443a3e4ea9b3da951518136e28e7778f1fda6b7,unknown
3M92sq9ssFaNbEwF47uteVKJsbw125juS7,unknown
32cbjSubwa3UNeQ59zCvVoXSGKRAsyp1Db,bitsum
TH13L27HQduVVy7VQyKPr1mMi7HfFNqwL2,unknown
1. 15daYmMdMbv3FaQiDdE55d55eKcocnHarp,unknown
0x3cb6c18fa5b77bc1c48ae2c97c9af07cc63a1217,unknown
GAHK7EEG2WWHVKDNT4CEQFZGKF2LGDSW2IVM4S5DP42RBW3K6BTODB4A,unknown
rEb8TK3gBgk5auZkwc6sHnwrGVJH8DuaLh,unknown
t1fktSQA4b9k8BrBo5W5ZbKVKM7hCsJDAEe,unknown
TVwm6BDs4h5BEchHZgpUnoVf2xZuHyU6FK,unknown
TNAQqVLQDHBfLHXKc3xTrepKxRQVsYMa1G,unknown
0x4b4e14a3773Ee558b6597070797fd51EB48606e5,unknown
0x3e37201cd3c5829fa697df851ea2608b502100ae,unknown
0xa99818b979f2da4170e02db0adbb2d21c00c3c1d,unknown
0x2f12646a33135330c4804c9c169a18f6341f13e9,unknown
0xe58ae0661bdde00989e47eb11c0b7db47b8f996b,unknown
0xb67C234632260f46Bf91a058C4424b44c787D075,unknown
0x51a3C4Ea8d9f0B1941aCEA9808C6665FDC28A33F,unknown
0x51a3C4Ea8d9f0B1941aCEA9808C6665FDC28A33F,unknown
15daYmMdMbv3FaQiDdE55d55eKcocnHarp,unknown
0x3cb6c18fa5b77bc1c48ae2c97c9af07cc63a1217,unknown
GAHK7EEG2WWHVKDNT4CEQFZGKF2LGDSW2IVM4S5DP42RBW3K6BTODB4A,unknown
rEb8TK3gBgk5auZkwc6sHnwrGVJH8DuaLh,unknown
bc1ql59s0nedjtuthg9wmfzjdcyjh4zyn7cz4jptgd,unknown
bc1qpm33nrxydfeppq0zj9eessn0nyn9wtvnjh5lwg,unknown
0x109123111df3700c26e877191b2797a01aec8146,unknown
bc1qm34lsc65zpw79lxes69zkqmk6ee3ewf0j77s3h,unknown
1KYqz8YxYksTH9nHm42UELUg8DfqDvsxNH,unknown
0xa7a67e4a056dd854a9b467f8eb76bf437038a2d2,unknown
0x3fde65af27207ed262e3183023d204e69daed061,unknown
0x29a7946371992250f02a3ead44cc9cc830622fbf,unknown
0x8da4b921ab8e26546823465c510b494e25b63ea4,unknown
e4663b578cab5ad9681051,unknown
3FRW1sKBSFyTRMseR1L6FgXutMKiRhGJ41,upbit
0x15b638c793D9A78B077842b1AcaB25be90F862A1,unknown
0xdAC17F958D2ee523a2206206994597C13D831ec7,unknown
0x68b3465833fb72A70ecDF485E0e4C7bD8665Fc45,unknown
ox4cb27ade7970d5a7be70e4876d2a2b8d415ddcf9,unknown
6175c13c1eff119dce360d3,unknown
0xE9C4A735CFD3241887be3E2858e5b6bB7c17258,unknown
0xfaf8bb984f46b697e473cd8b5b16d8fb7ed93ce395f37182e5048946c4f1c57b,unknown
TNJVP61oyjtUFBpxq7cVpc2s3hA5DgHbrK,unknown
TMTcQSUoJVh1WK5ksd2AC4JXrpzGjtMuiW,unknown
0xb29380ffc20693729b7ab8d093fa1e2ec14dfe2b,unknown
0xdbde7cacd32c88cb95c5039498991bc221620d22,unknown
0xc9a13cdeb91fabd70eb976776226d863065da064,bitsum
0x353466885ca1f00412050716ceb2b42482c7ae b93e213868debf87707bac6c90,unknown
0x353466885ca1f00412d50716ceb2b42482c7ae b93e213868debf87707bac6c90,unknown
0x3534b6885ca1f00412d50716ceb2b42d82c7ae b93e213868debf87707bac6c90,unknown
Oxc6b7437ce8f31c7470da88a67eb8c0aecf72f79 880cc8a833772a098a8ee2275,unknown
가상자산 투자사기 거래소 확인,unknown
bc1qjnrfwtdn985sg05v5ur8hvwkutj5thah9cqfvz380df8ac7958a751a13a338b812b34725e6eb7cb93a6afa2d20c297f84ffa2e0380df8ac7958a751a13a338b81,unknown
2b34725e6eb7cb93a6afa2d20c297f84ffa2e0 380df8ac7958a751a13a338b81,unknown
rMGkmYDNCAZESxkT3Kwytu99WcFx8oW4xD,unknown
AA3538EFCE8CDF9F87893F48D6608148ED AE4022A8140CD882AEEF80EB1E2D38,unknown
bc1qjnrfwtdn985sg05v5ur8hvwkutj5thah9cqfvz,unknown
bc1qjnrfwtdn985sg05v5ur8hvwkutj5thah9cqfvz,unknown
0x5c683011855fe14a505917a2263f3eea2de73b64,upbit
0xf545d58af36a045fa82432ecc7decb1855ea9fdf,unknown
0x5c7d8aDAD62961ca90C038637ba500709FB3d493,unknown
45Vgog1uTd6cLWveFk7VRJ1exQEgFFmUs1j71hEiaW98LvqkTFJp8gBJJkj8HjY1kP1W4JTR6BUh63HPJ6xhVfKgE3vBBNs,unknown
rpcQ1nCYvDmYwbRnEz2MWMXf9gp1tZ15qj,unknown
bc1qemq3hs397hsvr9lq0uqv6ecrqgtq552z9l4crl,unknown
bc1qmh5hy878er73yzqkyhrk7xf3pmdaseqpjy3slv,unknown
3A1x8aEWcxouswxc8ANB6Y8sTkLuwaF7QG,unknown
bc1qh763e5umuq09alfm4dde9w6n8ta8vw0pp4fnna,unknown
3A1x8aEWcxouswxc8ANB6Y8sTkLuwaF7QG,unknown
bc1qmh5ny878er73yzqkyhrk7xf3pmdaseqpjy3slv,unknown
bc1qxmrf8scnnc0sd63lp3lc0nrd97mh2k6ry3why2,unknown
bc1qxwf7jx9aslsgz3k9wam7pz63ltmsd759p0xvpg,unknown
bc1qxef7jx9aslsgz3k9wam7pz63ltmsd759p0xvpg,unknown
0xf545d58af36a045fa82432ecc7decb1855ea9fdf,unknown
0xFb116135E29770CBb6Ec28053A693D694fA675d3,unknown
0x364e705aedaddb570d017974a554e060a21039fd,unknown
0x07a16062bb88e75625f407fb2b38a553906fa99a,unknown
0xfF60665205A8b6514dB4C8a60056698a4fE3754D,unknown
1Mth18gNecFoZvyt6WGdomWRMTFaUfW4pF,unknown
0x06F530901a2bD9e9853B1F0CF4F56d53AfD09754,unknown
0x3f855a1ed3b003ff68E66ed9dD03D593e08584e6,unknown
0x3f855a1ed3B003ff68E66ed9dD03D593e08584e6,unknown
0x5c00e2201bc08036073c19AE20Fb7afba498b45C,unknown
0x1Ce50887BBE597132AA98D572e9599aD78283EdA,unknown
0x072a9cd5839d9893ee41939d0ec1cec0279058da,unknown
0x072a9cd5839d9893ee41939D0EC1Cec0279058Da,unknown
0xd903f179ee0adc30ae2ba23ae78b51df1e94f502,unknown
0x30f03d90d192ecc903b5069af99d2461557765283,unknown
0x30f03d90d192ecc903b5069af99d246155765283,bitsum
0xe7250AD7fdca4F2d7dd3D47d5DAb4bC4AF6034,unknown
53d7407cd408e47395cb380e2ce9a7bab3af1d9cd23532dd8d21d2500b237d55,unknown
0x7d25fcf6a14c87d24f429539465ba4c2764bfc850b6aea6f67c77d8061b34dc1,unknown
35x8CNBVCiUX5SuRwAHW1zAABSjoc3xB45,unknown
0x6a1b02822f92a71c7278eff46c5dd4f125392bb8d0465e62b57b3e11c9d73e40,unknown
0xc334dbab1fad5f5f12305f2f68382e25ced384f01e3a930540da064a2c91abdb,unknown
0x7c7470af822e8b2fa8af69eba1812148299fec67793d884c3582ab3feec2a0d1,unknown
0x36627d3df4ba63c3dbadd4e9e7075ef46313a00f,unknown
0x639ce65DDE17B25eBA3001942dE7A7deE6BBC660,unknown
14QweZoDANd3ZDYotZhjZSdaxEhkbituVAnv2WE18U3BnHWR,unknown
0x639ce65D0E17B25eBA3001942dE7A7deE6BBC660,unknown
0xf6e96e8f2c330bda5ffd6eb87cbe9beb69df21,unknown
0x1413df83431e57163b5919ebc1b740665c3d333e,unknown
0xca41e1b54ae8141371d118a7cf48b48b4219eea7823,unknown
0xf8915acc665a62e5cfb3188c8fc1f86ff3984eb5,unknown
0x6ea579ca7a93dfe9e9d76324408d412f3bc95bd1,unknown
0xee291d1c0c5d5ec74d094f19b4265dcacbd85ff3,unknown
0x6b149df811368981fae97f0aee8806e62ea94e60,unknown
bc1qd4msseep0rpsdt3dtxeqdffp5q9ef509at9342,unknown
bc1qrpq2xvwrwf0jtq0fa8qnu206dp435t68u0gxsm,unknown
0xF64abb8089A7Ca3D128433Ab0d43C0A5BCaaD73b,unknown
0x6cc5f688a315f3dc28a7781717a9a798a59fda7b,unknown
1JWm1RDeBHdJCw9DDCZAzwHeHCM6GmxSTc,unknown
0xfea2930c450ec394E569B8e0a9bCf7bb064b547,unknown
TW57J2vPHYQxQUK6NmDTPnvHdiwmuHwwNx,unknown
0x183115F050c81B33Ba08DBA1d79E1DF5677F1cF41,unknown
0x18315F050c81B33Ba08DBA1d79E1DF5677F1cF41,unknown
0x5ca17823e8aC1961654735dD0ce491aB27CAA600,unknown
0x53E4e2cdc5d2537753a5Ef17B09a4D6cdCF1D533,unknown
0x15b638c793D9A78B077842b1AcaB25bE90F862A1,unknown
0x9076Dab4e46B46BA6b83c80AD77E327956D81259,upbit
0x5cd6c6c099afea0adde19a6f2a67bb7fc4d3a07,unknown
0x5cd6c6c099afea0adde1f9a6f2a67bb7fc4d3a07,upbit
TLQHtt85ZhU5CciMesTWe1nYnFWXehbXAY,unknown
0x6C955e1B7281E470d6CAdEC7160817CFc88d15C1,unknown
0xA67234150458e09d25C192BEc502545d040b4e68,unknown
0x74de5d4FCbf63E00296fd95d33236B9794016631,unknown
0x64e97A8185d263979c050eaDdb1b594Ccaa77E9A,unknown
TGBjPmvPz3JRSqT7Qxd334Z6ZsptsYgVgq,unknown
TGBjPmvPZ3JRSqT7Qxd334Z6ZsptsYgVgq,unknown
0x73C28C390F6474B340A4941cA55990CC27184014,unknown
0XEEB2790A59482cf62840143F973d09d850eC17D9,unknown
0xEEB2790A59482cf62840143F973D09d850eC17D9,unknown
0x881d40237659c251811cec9c364ef91dc08d300c,unknown
0x2A8c94c2c7b4e2b35364C8d77D955C78C77e08D2,unknown
Ox2A8c94c2c7b4e2b35364C8d77D955C78C77e08D2,unknown
Ox2A8c94c2c7b4e2b35364C8d77D955C78C77eO8D2,unknown
0x2A8c94c2c7b4e2b35364C8d77D955C78C77e08D2,unknown
0x0D1926F7A66F2f43415716ea605FB173265Df48c,upbit
0x2A8c94c2c7b4e2b35364C8d77D955C78C77eO8D2,unknown
0x25168427f49C9a6fd728DA0278E285758E4E37bf,unknown
0x25168427f49C9a6fd728DA0278E285758E4E37bf,unknown
0x25168427f49C9a6fd728DAO278E285758E4E37bf,unknown
0x2A8c94c2c7b4e2b35364C8d77D955C78C77e08D2,unknown
0x2A8c94c2c7b4e2b35364C8d77D955C78C77e08D2,unknown
0x03f34bE1BF910116595dB1b11E9d1B2cA5D59659,unknown
0x9B86638d6470c9A907cCcfA6a20082f51b50DcEe,unknown
0xda3Ff9a6154B5f94aE5D72C662D7571A58E71684,unknown
0x03f34bE1BF910116595dB1b11E9d1B2cA5D59659,unknown
0xE9E23997D3030e2277504E9f5ca202f24b3A79C7,unknown
0x5cd6c6c099afea0adde1f9a6f2a67bb7fc4d3a07,upbit
0x9ce0c7b66bb7a60649a409b1a8c6ab8b211a89ea700864f8b14901f4d4883c3b,unknown
0xcfF64864F4f0EE3733a8beB39FD67cD36a188357,unknown
0x18315F050c81B33Ba08DBA1d79E1DF5677F1cF41,unknown
0x18315F050c81B33Ba08DBA1d79E1DF5677F1cF41,unknown
TQp5WWwAGU8CgwwFDW5Zw2czcDtKtWQLKe,unknown
0x438d603a40d7ab7369b260c571ff0076b719c648,unknown
0x33E4B2FB2eC39461531dc78E1Cd6008935e84937,unknown
0xe1a612fc97ccaa4c65ea2f86eec1974776343578,unknown
0xe1a612fc97ccaa4c65ea2f86eec1974776343578,unknown
0xf49d64b19b07db213301ba702f24ae9848fd5a72,unknown
0x5236D1041D78cCef16bC64e3554d6dc2B915226d,upbit
0xa836470c273b5139b33d9306570aFF85F600d141,upbit
0x7E08C9EbBca7217568E1f845eF72d4398D3B2D1c,unknown
0x92e929d8B2c8430BcAF4cD87654789578BB2b786,unknown
rEb8TK3gBgk5auZkwc6sHnwrGVJH8Dualh,unknown
rBaK85Ecm5a7dRAtjbLNnqwfxn5ouCCBpE,upbit
TThRYF38ZJgxbWacQevgK8XuMNm76mRPHR,unknown
0xC03b8d0F2848441682b5aCEFB5ace4eF17a314e3,unknown
0x6C9D017af46424Cccce595d5638aa0FeBABA74eA,unknown
0x8EB871bbB6F754a04bCa23881A7D25A30aAD3f23,unknown
0xd1711dfeD1bEDA0c6471e93E3Aabb06F1a014E56,unknown
rEb8TK3gBgk5auZkwc6sHnwrGVJH8DuaLh,unknown
TFobFC1kNYjJB6dwQHBP3mzZMe1xe85jVQ,unknown
1AkX7fPwYjf4ZWbZgy2M6h7L4iq9yeNceA,bitsum
0xDa352cDFa32D4C88C4e4ffdddb75B9Adbf8Beb8,unknown
0xE943e358779Ea0FAb97BDb2157224Dc344CfDE1,unknown
0xe812eAEd53821c4223C692Da4A17f619D3e12528,unknown
0x0fB68308cf6369b0732bA09660BE6fe798a09A71,unknown
0x0a603a2376B55AbD81816D42fAcB07035060a7E8,unknown
TSjJXusDssGsjxMzT9CCuHVNQwr4MzcLhU,unknown
0xE9C4A735CFDC3241887be3E2858e5b6bB7c17258,unknown
rnJMorJeWnGQn8jhm21daAcm8hk6FJudAf,unknown
1Mth18gNecFoZvyt6WGdomWRMTFaUfW4pF,unknown
1Mth18gNecFoZvyt6WGdomWRMTFaUfW4pf,unknown
0xfF60665205A8b6514dB4C8a60056698a4fE3754D,unknown
0xdCD742B8D8108fC70c854ed5A664f932FD75a0e9,unknown
0x8Ce23e121c5bcfBe81Ae4B81CDC6Aac5B3E1e59F,unknown
0x491E9Be2f5C36CEAe91f2Fc33a0806AfDFe00599,unknown
0x7470D3613791e624d9b7c22E7094d3b632974d94,unknown
0xb852AA318Abf76885601caF7BFfF77d2E697fE35,unknown
0x8C099CAAcdF270788e2eC09f80076C94ADA2aD16,unknown
TS7zWw41imusgzZrtvnqgy19uiAXmX1111,unknown
TXjVbDMvxYGgAYJ9JcUskkJi7zJYdvqBpj,unknown
TJ3nQonyqwEkSbrCcCqLhfAo56kdQgufB5,unknown
bc1q7mth33fm3yn95cnqssq9mjc22e06u2penjhs6t,unknown
234234,unknown
bc1q7xha4k0qzuewepegc46srpm67j48mf8znflcmt,unknown
37hX4gfF4CrfMnS6MqHD52962APh4dQKB9,unknown
TPZx6ov5GFNBDxYrNKjSzGCjxBCMXNA4gr,unknown
TYQCU9SuaH311FFtKCe3t6n8UNpch1AiXg,unknown
3BkdACMau9WVsuV32kFv3tpwYhKyAHPjfk,upbit
33atf234PNkcNQqvZePrTxjX3A35RZjZm8,coinone
bc1q7cyrfmck2ffu2ud3rn5I5a8yv6f0zpemf,unknown
bc1q7cyrfmck2ffu2ud3rn5I5a8yv6fOzpemf,unknown
1LwfYW6dpYBRXVoBto3UYCCyG6E46gv1UM,unknown
0xb5b9efc4b16013c27e28aa29dc5d64180973fd38,unknown
0x855404e21fe782e216698cba10e92cb59a4685c6,unknown
0x9b2bc892920bbcc05318683c74405128e8ba6c7c,unknown
0x085ec91db2eeed1d26c07faa24dd478909e817d0,upbit
0xf17812cc4a559bd50389de39c22e0f2c55d2aa3a,unknown
0xB6a4F8b661b2f5216667f8Fbffe2C4d1017b0BEC,unknown
0xd42b2a4c6c629813d15cf07e6f88e8d0fb758fa90cfb1e84e983ecbd1ecefe7c,unknown
0x31D7f4D532f774EAdE0A868EA13E19ba57E0676E,unknown
0x0A41f9890a97149a3332361cf03603b6F8bB0733,upbit
0xcd339d08fcd3228659f065fd7644b43f254e68b8,unknown
0xb4Ce5822da6b9d2F76504357F0576dc57235Ede7,unknown
0xC097A32400e476041FD7Ecd831fC811D418a4E28,unknown
0xB6a4F8b661b2f5216667f8Fbffe2C4d1017b0BE,unknown
0x5dda790c28666a621f03e2114e3763905c94f329,unknown
bc1q7xha4k0qzuewepegc46srpm67j48mf8znflcmt,unknown
TNDmKHZ5H5Ur2VUdMDMSrUQ71yYLCHcX5r9,unknown
0x97e10bf89083e0918bb3a29dd9b027239b8c856f,unknown
0xe95186aa4e638bafc9efc980b453aa33ad1f3ab5,unknown
3PJmUWuAGzyowtNSBCfRNRAJfWjUzn68f1,unknown
0x44061c8b3c5e98ddbd65b6d821376e71e819df0c,unknown
0x9b558d651a5F0ab0Da9574778B8fb34aee839088,unknown
0x4C3E7167906921569E65D48Dd63ab774499EB85E,unknown
0x62e683F6489Db9CCa07efe90FeDcb315E9873e30,unknown
TMG9WnyBXrnSpMfhqqh9PPN5Zok3pU7emH,unknown
0x42472cF4Db596550A69a08a4C4febEf96dE993D,unknown
0x442472cF4Db596550A69a08a4C4febEf96dE993D,unknown
bc1q7mth33fm3yn95cnqssq9mjc22e06u2penjhs6t,unknown
0xdee865d89502e42730552654a49a063c55b7c9d3,unknown
0x1ed78ccd71824d2eef63bcb03550da36a795ab11,unknown
0x54e420f4b5eadf4ef489a62b8ded51adea071344,unknown
0x9EC1bbE76378bBb67C91b4580f75966da1404CC3,unknown
0x54e420f4b5eadf4ef489a62b8ded51adea071344,unknown
bc1q4p6g28w84hge4wd85dfj4v03590vjc7zmgzwq5,unknown
bc1qep9qxh0nwx89wx2vnptx7sgujfr8fzqeg5m4ac,unknown
bc1qep9qxh0nwx89wx2vnptx7sgujfr8fzqeg5m4ac,unknown
rnJMorJeWnGQn8jhm21daAcm8hk6FJudAF,unknown
TMVN9f9ShftLyQkRpkPtLJAx3VNbzZyVyg,unknown
0x53E4e2cdc5d2537753a5Ef17B09a4D6cdCF1D533,unknown
0xCE30B2858f447471a5313177857614BFe319e1EB,unknown
0x6361391857e03C30C46B166583CcCdeBD7f40998,unknown
0x881d40237659c251811cec9c364ef91dc08d300c,unknown
0x0BEd5baB7dc813Bc9Bd94ef1E2348B8e97689C20,unknown
0x0BEd5baB7dc813Bc9Bd94ef1E2348B8e9768C20,unknown
0x2e88972bfff7566925dd11fd0555d4d66439f708,unknown
0x86a1610846005Ac16A9FB01741CC98437980cb57,unknown
0x86a1610846005Ac16A9FB01741CC98437980cb57,unknown
0xA4d7923619378E9ec9f4B0669CE1Ef79A891491,unknown
0xA4d7923619378E9ec9f4B0669CE1Ef79A891491,unknown
0x15EE1A293BE0d1205255AC1ea7B7356e5ae52f3c,unknown
0xA4d7923619378E9ec9f4fB0669CE1Ef79A891491,unknown
0xA4d7923619378E9ec9f4fB0669CE1Ef79A891491,unknown
0xa4d7923619378e9ec9f4fb0669ce1ef79a891491,unknown
0x28c6c06298d514db089934071355e5743bf21d60,unknown
0x215e8Aa9CaE5f213f1De7ad9e937dD2b347414f1,upbit
0x3052cD6BF951449A984fe4B5a38B46AEF9455c8E,bitsum
0x741555Fdf5D5188828E27f1fa14f89a85Ba0D821,unknown
rn7NLWQHQvUEN97a9RXiRozJVCdooPTwsn,unknown
0x3FcFFd646FBda94CFf026b19aD3bE63D084De974,unknown
bc1qqvulvktq6hylxp8wzshd4w26v6asa32c2gjx73,unknown
0x72E5263FF33D2494692D7F94A758aA9F82062F73,unknown
0x97122dDca38c29b7653D52b07998d06a7128fa0B,bitsum
0x97122dDca38c29b7653D52b07998d06a7128fa0B,bitsum
0x03B34d476D5D837531Ef3038798d9DA93bbe7722,upbit
0x72E5263FF33D2494692D7F94A758aA9F82062F73,unknown
0x22B84d5FFeA8b801C0422AFe752377A64Aa738c2,bitsum
bc1qlp60xnsc3qvfcn5yuzmza0q7c6gnu0wx626f8s,unknown
oxBD89982f722FB96d7b09458d0173B50E5565E103,unknown
bc1q7mth33fm3yn95cnqssq9mjc22e06u2penjhs6t,unknown
3HqgGLRRJqv1QFwCB3XaAotdCHnXq1pDBq,upbit
1FZgMsa9pS1Ec2hTte9uF1gK8CjxDeeYd4,unknown
bc1qm34lsc65zpw79lxes69zkqmk6ee3ewrf0j77s3h,unknown
bc1qlkre506hxg7fpv00exe77kd2yghazcgn7wax6j,unknown
0x6a74bca43f354Dc4085Fd283E51a1f422b4CAF09,unknown
0x6a74bca43f354Dc4085Fd283E51A1f422b4CAF09,unknown
0xb4Ce5822da6b9d2F76504357F0576dc57235Ede7,unknown
0xb45A2DDA996C32E93B8c47098E90Ed0E7ab18E39,unknown
0xb45A2DDA996C32E93B8c47098E90Ed0E7ab18E39,unknown
0x236F9F97e0E62388479bf9E5BA4889e46B0273C3,unknown
0xAb53580B106BF51b10E1AafAf13f69b3Efc13D7f,unknown
0x86a1610846005Ac16A9FB01741CC98437980cb57,unknown
0xAb53580B106BF51b10E1AafAf13f69b3Efc13D7f,unknown
0x236F9F97e0E62388479bf9E5BA4889e46B0273C3,unknown
0xA4d7923619378E9ec9f4fB0669CE1Ef79A891491,unknown
0x15EE1A293BE0d1205255AC1ea7B7356e5ae52f3c,unknown
bc1q984a76dhaasurqxcxnyk5vjrcjrut4ct5t011h,unknown
TYa6ZtsACPVft94xXhhwFVNCk,unknown
TFMhMueyP3sK5A9RBAeTLtmpAtDjV1vB1G,unknown
TFMhMueyP3sK5A9RBAeTLtmpAtDjV1vB1G,unknown
bc1q984a76dhaasurqxcxnyk5vjrcjrut4ct5t0llh,unknown
0x7B711cc6e88c2AAE07943c02603F5E176C09f240,unknown
0x33Cf46cf99D16c0D32362c03810c34345c04d40,unknown
TJ6xHW2vJ8CMsFfJUtxViAc5mak9gdn2kx,unknown
TJ6xHW2vJ8CMsFfJYtxViAc5mak9gdn2kx,unknown
TBHCp1VoeGXUtsTCazdvu654jeRRFRvyJr,unknown
1zYwFCh99q7WLBAQGIRjbsFa9PRmaqW9BCnMF6c42da7vhnoep,unknown
TKcf2wdBcdrxQT68vPmcKFv7aD64sbZKQH,unknown
TNAQxQheNP8qCotWoGzDykV9mb3J2SDn7p,unknown
TTpFZmT7ZK67mzbrRGXnxmzfLTTUMT5dGH,unknown
1128Ev6iMRQ25SuGAnrekSqbW8aQpX5PZQ,unknown
3BMEXfPCeShE5B5Rpiz5wBnzYxfiaXNgxL,unknown
1CUGD7R691JjPoh9RLDGqJAcsPvnNm3ve7,unknown
3LkZZ6RSBVV5h7qhvs9sNag5URKrW3oSRf,unknown
bc1qy4zwmga4g7dfl6ffhzum8axgfzljqu6sz7hcuk,unknown
1AcSFQ5dv92WYoDdN1y9AsanDdVWvMVm1t,unknown
35GwQ1iXACfhrWmUn9hSmet9ghnkQa9dGg,unknown
1GMnVmjWHRkL13PaU1PofvpmzSmgkq2wR3,unknown
1GMnVmjWHRkL13PaU1PofvpmzSmgkq2wR3,unknown
16XBWXwELxBmK93YVfeHEuVvyq7zk5G9Ze,unknown
0x5aA4a0EB890E2B4266527BC5e9eD4565c4eC3997,unknown
0xcf56aAe90CF580aC8F40D490f95728dcCB4B3467,unknown
0xcf56aAe90CF580aC8f40d490F95728dcCB4B3467,unknown
0x947255a81d900Dcd902D0ed11196F6731c99217D,unknown
TKcf2wdBcdrxQT68vPmcKFv7aD64sbZKQH,unknown
TV6MuMXfmLbBqPZvBHdwFsDnQeVfnmiuSi,unknown
TNu1AnadcZ2zQbm5NVqswre2GJ4FCRdwmp,unknown
TWKm6v5ztQyyguL7nZMJenKCNTj7izA5fu,unknown
0xe44ccefd86b975fd674744004f7af3144dcd4e3202907c29ab3eabe91c60acc5,unknown
0x11d49811331C44eEcf7Fe269972f162B52C42BD1,unknown
bc1q4x90thg2lgudwycu7wpzknjwhg2khcd78qwzyc,unknown
bc1qweqvz799x45rhqm6xnpxgfa8lt8r3knflsuu72,unknown
bc1qweqvz799x45rhqm6xnpxgfa8lt8r3knflsuu72,unknown
bc1qn2ej57uc0cg8mt30eg727zq8f5m0wse2df3a53,unknown
3HqgGLRRJqv1QFwCB3XaAotdCHnXq1pDBq,upbit
0xdAC17F958D2ee523a2206206994597C13D831ec7,unknown
0x881D40237659C251811CEC9c364ef91dC08D300C,unknown
0x2271692ebc7748738947fafd43c2191f7fa9199,unknown
0x4245f8bA773E939ebA32e569605675F7abD276C4,unknown
16fuZbJ3zoeogthAi57Z5ugRCJvf2nEnppg,unknown
QYnGMqovL4UcRJRSyCdcSt9ZnkpfzIXm5c,unknown
275047271808c79ba09bdc0b255b309fa33cc7e4480912b1f77799fbeeed7659,unknown
QYnGMqovL4UcRJRSyCdcSt9zNKPFZixM5c,unknown
QacGTeviFTHxQxwuqAUxPsunnRBCVv6F6X,unknown
33Lmzc91xPZBwZ9wcNTfiAPJYzYXADNwT9,unknown
QZwLzBd1ZZBJp4qSzmDueCYbe5jbLXGjv1,unknown
QacGTeviFTHxQxwuqAUxPsunnRBCVv6F6X,unknown
QYnGMqovL4UcRJRSyCdcSt9zNKPFZixM5c,unknown
0xf43b9876db536db09d3704286173c822dc266741890bfa90336ca07c5d96f47b,unknown
TB6dvdo4zD9CL2sMstPGp3zT6VDEf3aQdb,unknown
1AXDxtbEgTgaDY4o3bCHwH5QSSGpdeAeQf,bitsum
0xed2C38BdDaEB494c218B5A40C184ebaC,unknown
QYnGMqovL4UcRJRSyCdcSt9zNKPFZixM5c,unknown
0xd1711dfeD1bEDA0c6471e93E3Aabb06F1a014E56,unknown
0x0F1830892a6cf859C26dCB6DE91005e1004cC421,unknown
TJbHkXLZot9DBeXDonpPV17qdxhE8EEhcb,unknown
0xfF60665205A8b6514dB4C8a60056698a4fE3754D,unknown
0x6b747e78fc104d669db5babf650250b999,unknown
0x563f602b26e8805689949f1d00225dc64d238f0b,upbit
0xAc896FF88aA953c77adEE7EbB032E720603547A2,coinone
0x8365ee9390da4519de86820267b1574cb792c930d1c00fdb1c987c9826994df7,unknown
0x8365ee9390da4519de86820267b1574cb792c930d1c00fdb1c987c9826994df7,unknown
0x4cf5742985bced1a08b5b062957e083aa27e82fd,bitsum
TrwNXFCpBLyhKrGozkpAii2SBspRZHbuf,unknown
1345cSG3zGrVJxHbc3zcHchfdVnbdxEtmm,unknown
1345cSG3zGrVJxHbc3zcHcHfdVnbdxEtmm,unknown
DSP3H2VZ8hKAGhhAhQnasu4YMFpEwzeXy2,unknown
0xE03Bc8F4126FA4d5EFFd1f14e4fC6ADEED6b3a84,unknown
0xD813dbfb353ec70d8E435B794158329c0D179A49,unknown
Ox7a92F60EdFd2fcC953ae,unknown
0x06d3a30cbb00660b85a30988d197b1c282c6dcb6,unknown
bc1qm34lsc65zpw79lxes69zkqmk6ee3ewf0j77s3h,unknown
bc1qazy2vmdgwkwanrvx04v9s3yxzhrr5mnx0nwegp,unknown
bc1q6ma4f2elmwfg9sp2rlhz5harry6hkssxhd7v6u,unknown
ES3AJHYI6MGY6VBH7R3,unknown
https:short.coin-eth.cc/t/ES3AJHYI6MGY6VBH7R3,unknown
defi.pos-coin.top,unknown
bc1qmyy54p3tdusgfcynjsm9hl4n843t292c26dps2,unknown
bc1qmyy54p3tdusgfcynjsm9hl4n843t292c26dps2,unknown
0x019ac4f6c2a184a85877f0cd4111f004067c9127,unknown
0x019ac4f6c2a184a85877f0cd4111f004067c9127,unknown
44mykWdq21qVtTXmFS5swHVJQkiE6tRf38dtyNzdjsgNPNfk7DaFKYCYSJif9FhVPhHXjetmcLV2pNRAXXxaiZtx2YgBTRb,unknown
oxa6ad8d7a0b4ed9b54133e46e036b6839489e1c75,unknown
oxa6ad8d7aob4ed9b54133e46eo36b6839489e1c75,unknown
0xa6ad8d7a0b4ed9b54133e46e036b6839489e1c75,unknown
TBmXhQkCHTCswTy77K76r6TarYdpZmWPp5,unknown
423083B15262EAD3C8F88763D4735FC60D9148346848AD1B56E0AEC6A0705DCCA,unknown
423083B15262EAD3C8F8763D4735FC60D9148346848AD1B56E0AEC6A0705DCCA,unknown
0xA6AD8D7A0b4ED9b54133E46e036B6839489E1C75,unknown
0xf0E8F080C0AB4cEB82f6BFAe00d65E063d95B945,unknown
0x1111111254fb6c44bAC0beD2854e76F90643097d,unknown
78fe5a79f59e6d56e8943c240e3bceb66e68f869469654acfcc54de084a576df,unknown
bc1qwex4v2m9sc9j0jz0n2xtejs0zsvcwthafgxct7,unknown
37LNhLxkjmG5eZHKMVLK9mmaHxQouhXg8V,unknown
1KhrY5ndsqXKYD5tyEy1wuurGbZ6V8tdDJ,bitsum
3Q3uWLMZyXGgWpgvWajqCfEQU9t9bDpPbQ,upbit
raQwCVAJVqjrVm1Nj5SFRcX8i22BhdC9WA,upbit
0xd49ad3E983E1d96F2fCB8DEC39f31FF68271009C,unknown
0x5ab4142b13d2C455647Bf47656F7CCa4B8E8C875,unknown
TM13DeUMZJ2J8XatjYWMrvayKyNLGWxXPW,unknown
0x12f66e9F3355CD982f164Fe4bC0462a0Bf4478CF,unknown
e8c50d69e6b46f17616048ff1416de8344c3c0985eb169906fdc3b754994086d,unknown
QYnGMqovL4UcRJRSyCdcSt9zNKPFZixM5c,unknown
0x098abe803d0c3454938de9f2b337515e2a98ee0e,unknown
0x10efd0aee178ba56790b06201970e7aa1bd9dc7e,unknown
0x57c630afc6f9fe54cb215c819a6620ee085e0664,unknown
0x11817afB29279703c5679959417015328cA6A0D1,unknown
0xf7858Da8a6617f7C6d0fF2bcAFDb6D2eeDF64840,unknown
16StiCUfSpUTveZu1B5ZiCh1KMivuWeXm4,unknown
1CtYzmqq8GE2krQp87stTtju36GFXxnbBj,unknown
0xC03b8d0F2848441682b5aCEFB5ace4eF17a314e3,unknown
bc1q5h6cju6slr4t5lsu4dmf3t6qt5tcuy2r79skcd,unknown
0x334767350ecdca48e8674f3fc6b70dd08ddcdf14,unknown
0x334767350ecdca48e8675f3fc6b70dd08ddcdf14,unknown
0x334767350ecdca48e8674f3fc6b70dd08ddcdf14,unknown
0x33f709188e009bc5ce6d2ea5c0eace7a06cb803f,unknown
0x06d3a30cbb00660b85a30988d197b1c282c6dcb6,unknown
0xDc033C9aC3b1Df99465CF495faBe22B863d5EcA4,unknown
1N5Cf3V7qSU5hZE1EJHHt3Tnm8bLZ3cwpJ,unknown
17crTxB9ZhJvUfLgZpo96dyVYg11gqTTzs,unknown
3Q3uWLMZyXGgWpgvWajqCfEQU9t9bDpPbQ,upbit
37LNhLxkjmG5eZHKMVLK9mmaHxQouhXg8V,unknown
1KhrY5ndsqXKYD5tyEy1wuurGbZ6V8tdDJ,bitsum
0x1jodTRnwygpNnWz8LH9vt7H4P41ZEUQFGa,unknown
0xb852AA318Abf76885601caF7BFfF77d2E697fE35,unknown
0x4A3fFF5440844e7D4D796A7b7113C688a15d5B3a,unknown
0x180a5858ef408DCe4d52672A1CE86d7aB62a602a,unknown
bc1qjapvu83j0tucm6yc9gf4jgsc96sma8la4jqlac,unknown
0x180a5858ef408DCe4d52672A1CE86d7aB62a602a,unknown
bc1qd4msseep0rpsdt3dtxeqdffp5q9ef509at9342,unknown
0x8C099CAAcdF270788e2eC09f80076C94ADA2aD16,unknown
0xfF60665205A8b6514dB4C8a60056698a4fE3754D,unknown
qrx2mpev8yzck9c937766dh57fqykvysvqtaglxmam,unknown
qrentpaygmneth4g6wydunmgsask7rr2ssxvdf50hd,unknown
qrentpaygmneth4g6wydunmgsask7rr2ssxvdf50hd,unknown
1F1sfcDMYDphhW9Btzrbvrd1GqhyzRneAP,unknown
0xed9DA5D24d3E29a394bA50E4BDfa9342fC8170B7,unknown
0x12f66e9F3355CD982f164Fe4bC0462a0Bf4478CF,unknown
TDRT43uMdGFcvZhasPxxRmV3zZXEgXiuG2,unknown
cd70253bace545f724f699870f2c0c682d1c8cbf,unknown
0x8C099CAAcdF270788eC09f80076C94ADA2aD16,unknown
0x8C099CAAcdF270788e2eC09f80076C94ADA2aD16,unknown
0x82DB5647831927316d1afcc9eeb7d495A46ae6fA,unknown
0xDc033C9aC3b1Df99465CF495faBe22B863dEcA4,unknown
33wLvEm7D8DE6zHumXMXqwVCMuAzsF6Hog,unknown
bc1qvlcsk8dhm5ap5lyr33kw8y6n7yczp3gvvlcxwg,unknown
bc1qe35952pskpvxh8rkae8xnpxnuyeh5krw9gxz47,unknown
0x21F8eA308993Eb99d403212dcE929cD732ce31ea,unknown
0x3D93cc779bEE36638B4A3b8D28657C69fdaef306,unknown
bc1q86wrsmn80mwema88jyfun26ncteap46g2fqvcu,unknown
bc1qch5p8rg9t88ky5kwect57u0ejws39a4hpz5rkm,unknown
88AW7SHaATAft6nnbrGpFNf7Rq9pWf6umDbUpF9VA9y4abMxyhguroubRcZWyqM6EPGuSamuzWh25GtHY14YGxMBEjRXgzH,unknown
0x334767350ecdca48e8674f3fc6b70dd08ddcdf14,unknown
0x33f709188e009bc5ce6d2ea5c0eace7a06cb803f,unknown
0xac3ac9b928ab08705abeae4075d99ac159f0f69f,unknown
0x25B1a5f0747272ca49b21b85E1eea4Bce09B9756,unknown
0x189ccc9467d2c439b78985d6e44c1336caf1b6b5,unknown
0xfdca8661de5657d81d507ca225d07f47deeaeadd,unknown
0x04fa353afd8a135db4b5ba9634a5463298a52f93,unknown
0xf17812cc4A559BD50389de39c22E0F2C55d2Aa3a,unknown
0xa3e2878d1bd3717B8a6DB00218A8d83ed068F9c1,unknown
0xF041b27E16250685646db1f253855223561655CD,upbit
0xcb9fef4414416ead4ebc07257a7b7a22f4a21cdc,unknown
0xcB9fef4414416eAd4Ebc07257a7B7A22f4a21cDC,unknown
0x3f0d3fe91bec403632674e88ece2bf32f76e6e26,unknown
0x3ff047f4f0DB265a3B237650D2C85A1219E14B8,unknown
TAvRbANnfzzE9y9HU7nj2jF7Sz42rD2o8x,unknown
TQomiTG2pCRbjs3VrKLeKSDUXGNHq8v2pM,unknown
TVPMbWKUfXb8z5Hq1FdUirpH4smfyZ776e,unknown
TCJsR8jGWiwYYmvGeVaUBaAGLxu2enK7JX,unknown
TXWNZiBWnSxk643Qo4GDeo2N362WoBXUWo,unknown
0xbe233c4e1a9cd0d94ed9562475c63262fc2d321a,unknown
0x390274e16023aea2e7a807997e2c469ee66438be,unknown
0xcc3966b010957516c494ee21fc4fa74fdd9094b3,unknown
TERUwyWwajNepPeZrbA6ooE1u8nQUEi4eX,unknown
TErUwyWwajNepPeZrbA6ooE1u8nQUEi4eX,unknown
0x84fab3dc30333c232c2f43ffa85ed4cedca2eadb6e0966973d8f535d32d5679b,unknown
3Fqgp11NXok6KiQpybwmyuHbpYhKKFTuHx,unknown
3ExtPuSf5e9kA9aB5XZtXRbyFUxmEQphSF,unknown
0x69F6E6C724f762510a1A5898508D10c7F0E5e065,upbit
0x270BE14768650EcFBFad7215eD6A6B04AA5A06af,unknown
0x52C6196E3529634af3E3eE0Ba48Cfe7F49E660Ca,unknown
TMTcQSUoJVh1WK5ksd2AC4JXrpzGjtMuiW,unknown
bc1q4fzle08dxmr6mpm0t09hgngad2sgnmjaptwhcy,unknown
tbodwx4mhgvkgua8p58w7wcm1lqgo5hztj,unknown
694a679d4bd9e327b6b90b9684f2e95390580bb99ddf432f7fa830109619b25f:0,unknown
TBvzqasnUvgmbFsDioT2h7k5A2vy3TPHve,unknown
0x8d94cc246dc72aa51e7c78fd3aca9b4cea533757,bitsum
0x6db5583b1a894d3ab1a301854561916b8ebc40d5,unknown
0x393a873b2af8e3fcc8cf4d2777ea6f0b61cb973f,unknown
0x76bc6c276f5762602ff5bb85fe2094bd0cb9dd4c,unknown
0x6fc48de8f167456b7aa27dd4ecfabba329ea623d,bitsum
0x8d94cc246dc72aa51e7c78fd3aca9b4cea533757,bitsum
0x3c979fb790c86e361738ed17588c1e8b4c4cc49a,unknown
0x73f8fc2e74302eb2efda125a326655acf0dc2d1b,unknown
0x03599a2429871e6be1b154fb9c24691f9d301865,bitsum
0x3c979fb790c86e361738ed17588c1e8b4c4cc49a,unknown
0x28ffe35688ffffd0659aee2e34778b0ae4e193ad,unknown
0xc6eb0e11d0f79829a6bb91eef7c4e815259c683f,bitsum
0x28ffe35688ffffd0659aee2e34778b0ae4e193ad,unknown
0x97122ddca38c29b7653d52b07998d06a7128fa0b,bitsum
0xefb2e870b14d7e555a31b392541acf002dae6ae9,bitsum
0x97122ddca38c29b7653d52b07998d06a7128fa0b,bitsum
0xb852AA318Abf76885601caF7BFfF77d2E697fE35,unknown
0xc892417628C79053CA4A1E3c2663E769C6eBBaF5,unknown
0x81fa2d966f6478682bbaf88db18213e1d1a4f0859e1bd07e9890ab794830a700,unknown
0xd492c81193b1c02582283e6d49b22f1c1ff6f668daeb83e7aa1b5f993ae3de4b,unknown
bc1qxrfkck3h25ryqhnkg4g0erk8knmkhg91ak133z,unknown
bc1q5wm5ms8nsd5euxkrjprfpytlnua9sl44ljl9h4,unknown
bc1qt2zkzjkpy7q9ckpfhu3548pq73hwfqj6c2w2c3,unknown
0x75C3a30438697094A385Faa89e7B2CCc91411BB6,unknown
0x75C3a30438697094A385Faa89e7B2CCc91411BB6,unknown
1JXWkCw9EY85iSEVFickMxK88jJ5ASGMRu,unknown
0xeBD7892573892D03f4a2feee2d32457770Dbe32b,unknown
3CvMYGFGCdjsQeG94Vidk6BcDYs5zi2A4q,unknown
0x8d3D8Dd77A7d729697873c50e495eB5FaCFD80F8,unknown
0x8d3C8Dd77A7d729697873c50e495eB5FaCFD80F8,unknown
0x8d3C8Dd77A7d729697873c50e495eB5FaCFD80F8,unknown
0x8d3C8Dd77A7d729697873c50e495eB5FaCFD80F8,unknown
0xf6e9d5415073c4aa4dbc7cf11dae6f61d614095cfe142ba20ca62ff819ac452f,unknown
0x8a9f4c3d3f8d0243bee20a801cf4761fc140b5d0,unknown
0x64a82cefA0AC63307528f79fB303DbC7f26672a8,unknown
0x0B4d703a6c88F7df3DA96c9aE326E6B22989eDE1,unknown
rMLdD3vGHuWjzQ3NKpXHLkpjqUM9R1G332,upbit
rpXckuYnFsd1fmA9bcHSodEMJh8EByD7Es,unknown
r992UEBdkt16bhWWsYiADQPm69LiVNzGa4,unknown
1F1sfcDMYDphhW9Btzrbvrd1GqhyzRneAP,unknown
rBMFRCrwW9avX5LXMMT9ZQ3pCd3RB1Ld9Q,upbit
rNwYj5iAwFKCjBPR14xaLXmtKk69HypF8J,unknown
rUzWJkXyEtT8ekSSxkBYPqCvHpngcy6Fks,unknown
rNwYj5iAwFKCjBPR14xaLXmtKk69HypF8J,unknown
0xf9c5b8B8081cfcBCF7A1D2Ad0A7123B42b02c83b,unknown
0x2F80aE00D12946Aa9D55468b6D68bDB0Be87d56B,unknown
0x08a409AD1F822256240f53DcB15e31ea2D594faF,unknown
rhZAe3TsNCrurc11W1BQm41BmiHneJXnXb,unknown
0x11d49811331C44eEcf7Fe269972f162B52C42BD1,unknown
0xdac17f958d2ee523a2206206994597c13d831ec7,unknown
0x881d40237659c251811cec9c364ef91dc08d300c,unknown
0xb4ce5822da6b9d2f76504357f0576dc57235ede7,unknown
0x6a74bca43f354dc4085fd283e51a1f422b4caf09,unknown
0x111111125Afb6c446AC0beD2854e76F90643097d,unknown
0xa49f96699196cdceba2f36d197765b1560f31143,unknown
0x56a1a325c4a94522b4cd01c57e3663ce11792399,unknown
0x1111111254fb6c44bac0bed2854e76f90643097d,unknown
0xdC1B9a2C257D65916149F011C422CCa018daEA89,unknown
0xa49f96699196cdceba2f36d197765b1560f31143,unknown
0x225ADDcf0210047031863CF9435895d13Be5A552,unknown
0x7e33b5cDc1400156619d3e02F28eB05c3d589788,bitsum
259537e805114ddc6242aaff53561d0b4fbe66631d25c4c137468b325deca21e,unknown
Tjy9bnPvDwMegSR6MMtbd4gqtY4vuwM68E,unknown
TMRqr4vFkjyzFkjyzFpKMH8LDQMnKy3a8ZPPq9z,unknown
TJy9bnPvDwMegSR6MMtbd4gqtY4vuwM68E,unknown
0x56A1a325C4a94522B4cd01c57E3663CE11792399,unknown
0xA49F96699196Cdceba2F36d197765B1560f31143,unknown
0x945BCF562085De2D5875b9E2012ed5Fd5cfaB927,unknown
0xe66B31678d6C16E9ebf358268a790B763C133750,unknown
bc1qkr69d9jq3usg8xdjyt7le3nwaldsxhm9uavzad,coinone
0xf89d7b9c864f589bbF53a82105107622B35EaA40,unknown
0x6fC48dE8f167456b7aa27dD4ecfaBBA329EA623D,bitsum
0xe219877fF0055516C665810A06c41A1138183338,unknown
0x0e71DEdAdBC2A2a3fe7bfa2aE733Dae1540bD1B4,unknown
0xfBFcAC54E373Aa23e43ADF472E120AB67eFD1459,unknown
0xD8DB73F025adF9F1f6A754A4B0b7A9349B7Ff128,unknown
0x7a302f3740B26053f250f869EA1bF9823b005C09,unknown
0x236F9F97e0E62388479bf9E5BA4889e46B0273C3,unknown
0x56A1a325C4a94522B4cd01c57E3663CE11792399,unknown
0x0e71DEdAdBC2A2a3fe7bfa2aE733Dae1540bD1B4,unknown
0x12f66e9F3355CD982f164Fe4bC0462a0Bf4478CF,unknown
0xE1E2b76AB1212cEe8d9C00DBCE2870735d24197B,unknown
0xfF60665205A8b6514dB4C8a60056698a4fE3754D,unknown
0xfBFcAC54E373Aa23e43ADF472E120AB67eFD1459,unknown
0x91c8D7e4080bed28e26FCE1b87cACcFaF7bbF794,unknown
0xb4Ce5822da6b9d2F76504357F0576dc57235Ede7,unknown
bc1qlp60xnsc3qvfcn5yuzmza0q7c6gnu0wx626f8s,unknown
TQb9opzg3STVG51pthugT8j5mRZ3rC8UYk,unknown
TQB9opzg3STVG51pthugT8j5mRZ3rC8UYk,unknown
TFEMEigPzbbpTvN6reFpREcjNZ7hV8node,unknown
0xbEDf50394d214150dAE785eDf1Bf93eDc973d,unknown
0xf52db460359bc323240e6c55f3bdbb1e7a36de9d,unknown
3DupJmi1LTUL6Roow2m9YNq7kg7J4qdSjA,unknown
TTZi8XX6nQaeTdfa3vySWgiFuiRJrtT1ea,unknown
0x70c1062e95dd0bf423dee40960aa196e0b4e00c1,unknown
1ke2CZRYfvyw3kiLYDbazt2X3djyuw4yC7,unknown
1Ke2CZRYfvyw3kiLYDbazt2X3djyuw4yC7,unknown
TYbCn81SFVfNNE2XuDsUuZowNk9Lih36g,unknown
bc1qwurdr0jpzvfc2rcuqgcdv2jypjuqqdc6ptqhsr,unknown
rEb8TK3gBgk5auZkwsc6sHnwrGVJH8DuaLh,unknown
rDxfhNRgCDNDckm45zT5ayhKDC4Ljm7UoP,bitsum
TBTU3paU3PCoWHGZ4hLaFLtq9TTxo9q4qw,unknown
TLS9MupibhCiYKHDppKwp81DgAjTSxaiLX,unknown
TBoDWx4MHGvKGUA8p58W7wCm1LQGo5hztj,unknown
TKPsVRtUaf42MehcGJexisqnwSU4pdPsdo,unknown
TEdDnXiRBe95BHU9PnZ5KieFytXNGZJ29x,unknown
07a75abfe3867ec67ed1ad5bb97a33fe0ff580e0ba0bcd5dae8088bbec4fd70a,unknown
TKPsVRtUaf42MehcGJexisqnwSU4pdPsdo,unknown
TAUN6FwrnwwmaEqYcckffC7wYmbaS6cBiX,unknown
0x9a163B2601d931C6E07B91473D6B8ea1A5CAC5c9,unknown
0xfBFcAC54E373Aa23e43ADF472E120AB67eFD1459,unknown
4ad53b1df214231bc6abda9795ba2c266a2cc800e687acb028a9608fa9562d1e,unknown
0x92e929d8B2c8430BcAF4cD87654789578BB2b786,unknown
bc1q59dplk2kw9ek5cdl70pnkwj79ck23axn56rtfl,unknown
1K6Tinuz6Y2D8dRVN6t7RwUkZtAUyoCY7F,unknown
bc1qywduju07uajsxjyrpu9m3eq94kvn98p4q88xus,unknown
bc1qchya2shsfexl3a74aerf2j5ax27crth8vmp30w,unknown
18VKtbKJYJFJdDXQbzUvq3Xyh9RuR8mnkr,unknown
17xZhMY91Lz6mRFjY6eiWzJ1TCKYmW9puJ,unknown
37iYxUoGEi8BjiPN7oR7SrZtxLaQU8C3p6,unknown
35HNJJJUUtsaSzxYopUEGqTuEiAAt1EgCz,unknown
97ace72bcc47ead8c9fd44102e62edf7b6caeb6fc2861d59f9b760b0a16e540e,unknown
TAZwLwRtxGsngMVBAaygw7sY8MrS8sXaRe,unknown
0x626b64AdaB12683ddf67C8D4926149A38b4F0c68,unknown
rUzWJkXyEtT8ekSSxkBYPqCvHpngcy6Fks,unknown
rUzWJkXyEtT8ekSSxkBYPqCvHpngcy6FksOKX,unknown
0x6fc48de8f167456b7aa27dd4ecfabba329ea623d,bitsum
0xD12b60B386482Be1C2B672A202d8D01b977a3ac4,upbit
bc1qxrfkck3h25ryqhnkg4g0erk8knmkhg9lakl33z,unknown
0xDFf7c9C026e2D139CD5bF37cFc6bC96aaa9DbF49,unknown
0x03d86AFe3bCdF010234Cf8A2D479B703ad96b884,unknown
0x677dC277EBA6e6a2fa60bB34F10B4BEd383b3b3b,unknown
0x5e35d6aa9e5af064240cECBBFa2004B3Dd63DD3e,unknown
0x042FCA5D9855280BAB855ac2D04D684d5895102b,upbit
rEb8TK3gBgk5auZkwc6sHnwrGVJH8DuaLh,unknown
TUc8kbVSNMKcTWdxAeMxnUEVW2cZ8XVTdj,unknown
TUc8kbVSNMKcTWdxAeMxnUEVW2cZ8XVTdj,unknown
TNWhLCncTcbLvbPfQFu2KiXZgqg695fB2u,unknown
TS5ZfJT5WBLRjva67rH4A9NriKZFhYXft3,unknown
0x167a9333bf582556f35bd4d16a7e80e191aa6476,coinone
0x21ad5b73a5b491896ded8a792311d2870282b517,unknown
0x5f5fa6caa172d76684d46ed4945ebef89091d472,unknown
0xdac17f958d2ee523a2206206994597c13d831ec7,unknown
TVYnHCcnrZwXZSKs9H1jzq9YgenTbpTbyw,unknown
13B58015529B1C432F729EEB03785C9D32F86AF6985EF1A626C28F950BA705E8:0,unknown
rnULsTUZexhhP6sXB3GMA5bp4juhvZUDxa,unknown
rnULsTUZexhhP6sXB3GMA5bp4juhvZUDxa,unknown
0xe22923259ab28b05b3157b3493fb55abfe48b8c4,unknown
0x03B34d476D5D837531Ef3038798d9DA93bbe7722,upbit
0x3473222a75ca3d646853b932fdbbcdb983ed448c,unknown
0xd4e7935df0e52240bc81c35e14a5cef557c7b434,unknown
TVV8CYWZvBz8CXosj5JzSy2qijhB2Sn4P2,unknown
0xAc896FF88aA953c77adEE7EbB032E720603547A2,coinone
1BfdpLtYZ87nvPVLKVimAjfBKGBisujM34,unknown
19C3ix5xebMP5rfihfvrL2j8Kza4evAeMo,unknown
bc1q5qequ9jl392aw3fls48sr6qltypqahjtzxfyt,unknown
bc1q5qe2qu9jl392aw3fls48sr6qltypqahjtzxfyt,unknown
0x0016C0d0343e8f2c3A7b6A51606B84B1545Ec606,bitsum
0x039A56850a00FAe73e6154be72300FbEA50E51A3,bitsum
0x3f0d3fe91bec403632674e88ece2bf32f76e6e26,unknown
0x3ff047f4f0DB265a3B237650D2C85A1219E14B8,unknown
TF8iBW9y1KL9pXQwbNmZ6FjBs2TP2pMszf,unknown
TXGVd3woq3ENEdQsGuDpTz3HVgW14FCRGX,unknown
TBaSSA9J3kppb6j1Psyz5H64LGyJrbLunN,unknown
TGoDi6mjraRhsyUaj5bRVuw8qzgSUa4YGh,unknown
TRVQdyBceKcEGJx2qHFfvxyMafZ7myFb26,unknown
TWAneXXDFKFuDunZZNVuri2AXj46Rmp2TX,unknown
TG1j6ZHCAjse6XL5v9RfeKHAzzKyNGGA9g,unknown
TGNvQvxLtyme95VxFDKZnBie7964mMeTu8,unknown
TRqkB6ggWwRncpuNxdzCaVrTyYQMzGEsh6,unknown
TVW1AQqS6wnBaXUkjc1E6n3sD8BWnzeJX7,unknown
TVzEsym87qWSFb1SKKGdWCHZfUT9kQuq2o,unknown
TTU7qYBVHP8eDyBHKzLx17A4SmNcW5RN2x,unknown
TEGGJZ7DJgmvUUHLDY3KHxcMPVgZ1caXUN,unknown
TSCSBwHtcgbUwYBnxxdczf47q5ufxP8fxy,unknown
TJPZ3EWsqDicDezCdDZEjhYay41Y3RvNYv,unknown
TXqeCPxAV6a7SviD4y88b7CAwbGJKXL4CK,unknown
TV56T9VVhARDN1ikYyMZdrXjNXe2PqaC3s,unknown
TGaVWjxpxJMAo7E8gnEVnn31zkzFyKykn3,unknown
raZu6cQEKSQu88xdYfCzfLYGzHWjun8WqT,unknown
0x393e8c839637830F69da2ce75bdF2DC3a0C6333C,unknown
0x830b22e077b8fa566d18ac0d8c3608cf4953a03c,unknown
3LhRQRVyHbTsx3YJtXT8kBRQPmBnJhjzaC,unknown
oxd5efe1c5fb74,unknown
oxd5efe1c5fb742b2fc27d,unknown
0xd5efe1c5fb479821fe9e562b6113a92e2b2fc27d,unknown
0x0e3c9b4BDD8B1DCA1b86bC3301132cb8092e0096,unknown
0x712181Ce5C4b1bDa34E0c366BEFEe4E611db5cdE,unknown
TDKxMzHHAxSZEekySofD6VQPtSKYM99k7F,unknown
0xf033a0cbb2a750afc5d7c642b5ec188685a4a658,unknown
0xf033a0cbb2a750afc5d7c642b5ec188685a4a658,unknown
0xa4b099afdc4c5e87a8f4470c3b12869c1b00055d,upbit
rPNcZF73vdwTEwFAhczheT3MaxFcBaLkVp,unknown
rUzWJkXyEtT8ekSSxkBYPqCvHpngcy6Fks,unknown
0x3419242DCc300B681FDd07706678857064172ef1,unknown
bc1qk2n8pyg6e9ndxzrl7py5p2ewujkjntwq9deeeq458gr4nflvhn2qtwgpzz,unknown
rKKbNYZRqwPgZYkFWvqNUFBuscEyiFyCE,unknown
r9Be4diPqgUcdPNPvzY1rFTTATLFhFeKSF,unknown
rnULsTUZexhhP6sXB3GMA5bp4juhvZUDxa,unknown
raQwCVAJVqjrVm1Nj5SFRcX8i22BhdC9WA,upbit
TYXc6F46c4Z99Xebk2RczxWTG94tXHNKH,unknown
TYXc6J46c4Z99Xebk2RczxWTGS94tXHNKH,unknown
0x881D40237659C251811CEC9c364ef91dC08D300C,unknown
TGLwW4DACJfJak1dUBHaufcdKWLpYKxx32,unknown
TEcXVqUMKnGf9K3DaKkYq699nbLciG7GcA,unknown
TDyczRoP4ehci7ZK9ayt392RSzFkw3pFiE,unknown
TB7R3Bomsoq9oVyEL6WhFwqFAm826oM7z6,unknown
TQxSS7HKgSKM33XGZU7jHjfJd4bfx9UXDL,unknown
TLTntPCn9nxhxtm7mFz89myvQsBDW1n7we,upbit
TQxSS7HKgSKM33XGZU7jHjfJd4bfx9UXDL,unknown
TQxSS7HKgSKM33XGZU7jHjfJd4bfx9UXDL,unknown
TDh5bsyb6ovnWg862pZ6gHmAikn2mmmJQJ,unknown
TGLwW4DACJfJak1dUBHaufcdKWLpYKxx32,unknown
TKtTRToQ8s8KvYk8ZMKf3x72fD48HI5WCm,unknown
TNSaVyNmXnr9WKeLPRLH7XYCiqVLyRypn2fh,unknown
bc1qwurdr0jpzvfc2rcuqgcdv2jypjuqqdc6ptqhsr,unknown
0x0016C0d0343e8f2c3A7b6A51606B84B1545Ec606,bitsum
TKtTRToQ8s8KvYk8ZMKf3x72fD48Hi5WCm,unknown
TUQtRR9EUJNDtSh8Y6MGUgh4aEk9FiJSxK,unknown
TYu9HvERRQEKj2e8Z75Tir95zLqxTxK2deKJ,unknown
TYu9HvRQEKj2e8Z75Tir95zLqxTxK2deKJ,unknown
TEVvkfzPNG73oKTv6WoUFuuSMcWdjvDXaC,unknown
THrmUz2K8FdvjwJJFNTvrqQtu7LSRn4PFt,unknown
TB2j2uqopJvm9uDfir4jqECS2As3x67dpS,unknown
TE9PZgFL3uNy7QDjZNMSbVRWbXFVCEAXXj,unknown
TDoccGVJjJjDLCk6BS9qozL5dcyo2PSawW,unknown
TQomiTG2pCRbjs3VrKLeKSDUXGNHq8v2pM,unknown
TRfb9GWAwAdBHojbeafP4zHtL4DSntzPgc,unknown
TB2j2uqopJvm9uDfir4jqECS2As3x67dpS,unknown
TKkFnfRZd9CaU7KwK2WVGwwqqqLUjZPrgU,unknown
TQomiTG2pCRbjs3VrKLeKSDUXGNHq8v2pM,unknown
사이버 투자 사기 사건 수사 중 피해금을 수취한 지갑주소 거래소 확인을 위함,unknown
TRfb9GWAwAdBHojbeafP4zHtL4DSntzPgc,unknown
TQomiTG2pCRbjs3VrKLeKSDUXGNHq8v2pM,unknown
0xC59f84c4c14BE113C47EE151c787cBa2511e6C9d,unknown
TB2j2uqopJvm9uDfir4jqECS2As3x67dpS,unknown
0x7562C308fA0D8c886394ECb0abaDB1f35b1Bb2E9,unknown
0x75 62c3 08fa 0d8c 8863 94ec b0ab adb1 f35b 1bb2 e9,unknown
0x236F9F97e0E62388479bf9E5BA4889e46B0273C3,unknown
0x812EC3158020F676A66Abb9B940BFAFbBF2520E3,unknown
0x38c903fF4BFd6E28C64af260f3F69f6e43027A59,unknown
0xeF7B9d2F681b40B23219453598AaD7b93C7eC8fb,unknown
0x158aa3349F54ebbED15D15Cd7D0d0687c662BED8,unknown
0xD8DB73F025adF9F1f6A754A4B0b7A9349B7Ff128,unknown
13HZReHJf2ihdutnBHa8qeGxea3bdWHWL3,unknown
0xD8DB73F025adF9F1f6A754A4B0b7A9349B7Ff128,unknown
0xb9fA4cdd819D4F887D3bc0f449376da001c8af42,unknown
0x70C1062e95dD0bF423DEe40960aA196e0B4E00c1,unknown
0xf8EBEE6701c7Ee7eC5FA800765594eB73e4646F4,unknown
0x94225f76Fb0fE34B5C92Dc40A171357de0344f0C,unknown
0x49a5105E7dC7FD5be6deBdd0023bF022C2bf5755,unknown
TwfaCnguvQY2fh9ALQTjoS3pjU,unknown
TQLFSGsboiki1MPpNpou1o77kx324tcS6g,unknown
TYhyxUDutWUHiGgKVorxdsx5CqRQqRhPcq,unknown
TVgCcyjtikkHvm921kSyb9XWrwunKxWFJQ,unknown
rEb8TL3gBgk5auZkwc6sHnwrGBJH8DuaLh,unknown
rEb8TK3gBgk5auZkwc6sHnwrGBJH8DuaLh,unknown
TNEZ6TXyQWVFneiDA88EQRQJiZz4q68EWiW,unknown
TWfaCNguvQY2fh9ALQTjoS3pjUbRm33i6f,unknown
TFMHhwfwhZRqSgsc918bKJxPWhg152PSyp,unknown
TQLFSGsboiki1MPpNpou1o77kx324tcS6g,unknown
1c98skcnka929cnmka27c,unknown
0x6c98723ae37a93e15234e47d0dca52eaff4f9022,unknown
0x7470D3613791e624d9b7c22E7094d3b632974d94,unknown
0x74D66E819fF022B6D7f38427594886D55CE2ddD8,unknown
0xc1cd6702480632349d6e9da4c3d4a13e1a65b972,unknown
ZkrTp4hx5hqfZmY7Fe6esm,unknown
DE44eEFC98dbd6bF212c3a3Af24A4B4e01E21,unknown
TWfaCNguvQY2fh9ALQTjoS3pjUbRm33i6f,unknown
TVgCcyjtikkHvm921kSyb9XWrwunKxWFJQ,unknown
0x55f12f83a1Ec70C374121CBe2893C18399a1700D,unknown
bc1q9lgsgqxxvhagxq0pz9j30fxjjfzk3yecvfhszh,unknown
bc1q7n0933hyc0hys4jzcre6a9s6e0xpx3ugyra0qy,unknown
TCzC2Xu9617M7BoJqvugJMEpF5rUZ8Pv5v,unknown
ZkrTp4hx5hqfZmY7Fe6esm,unknown
raQwCVAJVqjrVm1Nj5SFRcX8i22BhdC9WA?dt=3230968492,unknown
raQwCVAJVqjrVm1Nj5SFRcX8i22BhdC9WA?dt=,unknown
raQwCVAJVqjrVm1Nj5SFRcX8i22BhdC9WA?dt=,unknown
raQwCVAJVqjrVm1Nj5SFRcX8i22BhdC9WA?dt,unknown
THKCgeajZuPr7NcnbDPuVPiBntUvJj,unknown
TMqXoaUeopRUT6By2XpY5EmZa56yJKZDfK,unknown
TMaS2KNuBK81VaU6K4nhBa4HYwKFE4gVdW,unknown
THkHCggeajZuPr7NcnnbDPuVPiBntUUvJj,unknown
0xd7486e594c10fa2e38136fcb410d53e2d289af69,upbit
1CuswYZNPkws39u29xCt1jhTHDAxEmPXY1,unknown
0xfa836fd106e77e1785bf0955b739f3b8dc2be7c5,unknown
0x5d6d32a8d6e1513368d0a62ae1757b766860950,unknown
0x5c7edeF086d65ECd12Eb29868d60a06abaC298c8,unknown
TUNm5BuPaFcAkiwCxvAQMREtbX265JXhW3,unknown
TNUm5BuPaFcAkiwCxvAQMREtbX265JXhW3,unknown
TNUm5BuPa,unknown
34HELNSRB5HSuPXGwfKysSppFr5VtZVd4A,upbit
3NmrMnd6tmPThNsi5Dbr7p9d9opYXvZmqM,unknown
0x81F7fF99aa8c4D1377ED9f8C2c160C5064829Db2,unknown
f1ixb23x6zfsw2olrji5xolaldal7vu6bl57kvqty,coinone
flc34vwjr76eclpgngeei7dy7chnddgvv7csvwgwi,unknown
f1jfyrgmefimktrfpy42gv3ubiksgxb7pl76se3tq,unknown
bc1qc3udqefx0knrim328a8n69rngk59rj6uf8llln,unknown
f1ixb23x6zfsw2olrji5xolaldal7vu6bl57kvqty,coinone
0xBaf5E25Bf89D9A3FDe71dd4f8968cBbFeAe17401,unknown
0x938A0E52967f58C2960F25fB16874bFD14ab7065,upbit
0x3041Bdf2573D10fe4c778528d509897552f03756,upbit
0x8b3Cdfe21d0e8238406d8a8f4bb0979cAc459aCC,unknown
1Ay8vMc7R1UbyCCZRVULMV7iQPHSAbguJP,upbit
1FhaBatJSFNXtHNdEvu76JrnucyL9fqx68,unknown
1FhaBatJSFNXtHNdEvu76JrnUcyL9fqx68,unknown
TNWhLCncTcbLvbpfQFu2KiXZgqg695fB2u,unknown
bc1qzhgl0n0m0kqhdndla38csjkp86lklgm9a4dwdt,unknown
bc1qzhgl0n0m0kqhdndla38csjkp86lklgm9a4dwdt,unknown
bc1qvf55aj6xvlt38zpg7efek45gfv926qkk3kz7cg,unknown
0x2b6ca2c7db5992ad360573593377632ca7adf002,unknown
0xDeF300B17bfCa5d49cBaF9164d20c8A74d423,unknown
0x031a67490948cdd3bf46617a0f8edb0f105037e9,unknown
0x27fb8944d3b51881ae176a0250355b07f5c986ce,unknown
0xf7a64ead81b54d357ba6d13a0f0a5482b466e2cb,upbit
0x6da4ff675cbc8608cabcc97526e4c21dc84b9d05,unknown
0x561cafbb9ff904baca4ecbf564e3466bfeb0ec92,upbit
0x680ae30d8d316e7be2181d22e4893,unknown
0x680ae30d8d316e7be2181d22e4893c11cec42af1,unknown
TVUfSK7FeEDsLWwbJxMk2tAAyzCyp6tVm6,unknown
1Aj7dAiNWrnMvmCETQcLysH9XVCzoz5Yo1,unknown
0xf498D5E67d83Bb12B1BED66F0BAFf4e3eeE13202,unknown
1CGtn6F1P8PwpqKb55jx4ndvW8SbrmqqqE,bitsum
TWsxhaarQgVY51YRXvRQJjaGozfeHWbGb8,unknown
bc1qcsfc7amfhzf9uky2mx7p4hvw3wj9rmpff6nf3e,unknown
0xdfv3y4nofihwsz1lkezbz73j3gu7lquxdcsz2ywt,unknown
38FsXcyc96s9wFJipvaZaGt9dbYbGjPj2x,upbit
3PdKaWwshFBWg6vAauToecqEAFtsuzyxGV,bitsum
0xed9DA5D24d3E29a394bA50E4BDfa9342fC8170B7,unknown
0x2E9C19c57729c884B87778Fd376C06DA42Df2ecb,unknown
38FsXcyc96s9wFJipvaZaGt9dbYbGjPj2X,upbit
1CGtn6F1P8PwpqKb55jx4ndvW8SbrmqqqE,bitsum
37gQkUmvZUunicohh1ZCFTptUG7pMNhcMAd,unknown
37gQkUmvZUuicohh1ZCFTptUG7pMNhcMAd,unknown
3DR2iGGQCUhShGhjTqShLAYEqxzAfY8pvZ,bitsum
3PdKaWwshFBWg6vAauToecqEAFtsuzyxGV,bitsum
37gQkUmvZUuicohh1ZCFTptUG7pMNhcMAd,unknown
0xF386a3AD12882c567C1c0914B55ab7424091244E,unknown
0xF386a3AD13882c549C1c0914B55ab7424091244E,unknown
Xihq28p6rAan6DiGDH3LT3FbyrrWnpRR25,unknown
82ppziihEXdSmY1VSPkD8KKgvmfPnNY4T6Tdcbg9unY3G4Jt3To9aiQ5RGw1MK2P5LWxd54SugZBuTirVNMzD8A1USnEkDB,unknown
bc1qszptaee3kr7cfcd34jyeqrf2h22slltelfcr4z,unknown
bc1q5235wkqzfk9ddtyu2p3djv76jgffjt5cas8zta,unknown
bc1q3vq3za7g96waq79a45lexxvawdmgv768cr9zg7,unknown
0x248a8e15716f8aeba9d1ce518ad2754e2292ab15,upbit
TB6dvdo4zD9CL2sMstPGp3zT6VDEf3aQdb,unknown
TBcUJq55x7Q83ZSr2AqWj59TRj2LvxVr8a,unknown
0xC3Ff3fb4739cfBEEB7BE8d1C2E73536304c80163,unknown
326ytMeUuLp9NmzrzmxMeiy5QArkPofyk7,upbit
raQwCVAJVqjrVm1Nj5SFRcX8i22BhdC9WA,upbit
0xfF50eFd2cad872519AC64B2cc5c08106c3d1f37E,unknown
3Fg43CHpf6mhbX9hWQEUvHE3WvhTMmny57,upbit
0x248a8e15716f8aeba9d1ce518ad2754e2292ab15,upbit
0x039a56850a00fae73e6154be72300fbea50e51a3,bitsum
12T1UpQTcaEU6RoYW11CpJqyH6qvZGj55z,bitsum
TCeAchPW6umXE9BASsM1HJ,unknown
0xf2d0cb1c0563d6a229a13202d6c297b11fc4e,unknown
0xc56460fd34454f443b68d655d5729333c2283aef,unknown
0x85c3f99D4BfF461a3257d07C9D9a0Cf7C95A5004,unknown
1NZRND4gxM1aWr8478r7qv5t6WBAUSaBdd,unknown
0x5c985e89dde482efe97ea9f1950ad149eb73829b,unknown
0xd726ebf28f514e25594e4bae45bb126e5bc46ef0536890ae6d4ebf3842391bb1,unknown
0xe38Dd02e31f6B5c9A3549F5f13CC35720ce7fA46,unknown
0x09e4fc443cb26749281C961b99F71A2c763D1bC2,unknown
0x010263b529b98d09EfF4D1Dbf1e8282F15EBFC07,unknown
0x010263b529b98d09EfF4D1Dbf1e8282F15EBFC07,unknown
1AvLFVpCu28PTCWm9927yT15KP6LYgCJGM,unknown
17P58KCDwyGyCpdASymMSD49VkdxVVeP9k,unknown
1GhVWc3X7JQkmKvE6eiF3NCURuEY4sfymz,unknown
0xeee97921e76d16e3c542497d69fc6a7da8a3fb3b,unknown
TWwQ31vLyM31XJEJy8uxd7mJj8YBqGQLwn,unknown
0xeee97921e76d16e3c542497d69fc6a7da8a3fb3b,unknown
TCKVCbJ6ohUDL2UKjM4cwEwtg9xmhigAQY,unknown
bc1qtplv99fj24g6gdw0caxsgp4warju3yfhunjlfn,unknown
0x7a92F60EdFd2fcC953ae0811375B6d73A3Ea7B4,unknown
0x7a92F60EdFd2fcC953ae0811375B6d736A3Ea7B4,unknown
0x5d6d32a8D6E1513368D0a62daE1757b766860950,unknown
0xe686e3d9ace0a762955a9525b42c02279271b2b9,unknown
0x881d40237659c251811cec9c364ef91dc08d300c,unknown
0xdac17f958d2ee523a2206206994597c13d831ec7,unknown
3NPywpyptkouq2wBYgEiV4k2wonegAB2Ft,unknown
17crTxB9ZhJvUflgZpo96dyVYg11GQTTzs,unknown
17crTxB9ZhJvUfLgZpo96dyVYg11gqTTzs,unknown
33GG3PwTX8WEw331Yd1178SDfRv8ZDJ33w,unknown
1DagAXinFRhXWDE9v8hYvbTpwE9AfvZ5r1,unknown
bc1qr7mfvhmwz6waaac7ws8ukgk34wvtxk7fprkkin,unknown
0xdAC17F958D2ee523a2206206994597C13D83,unknown
0xb45A2DDA996C32E93B8c47098E90Ed0E7ab18E39,unknown
0x8755773dc777B9F9B2E2c86402A03F099F823691,unknown
1PZfrJFQNSEvwDnx1txm22hkqC7m88g5Bk,bitsum
1BR7sEUPkTgnetJ3vQQstyJzeTipgzNb2Z,bitsum
1N5Cf3V7qSU5hZE1EJHHt3Tnm8bLZ3cwpJ,unknown
0x5BDCF5DC998255e6EFcc1559a3F40D2eEF8dAe46,unknown
TCAj8N3Lbx4AgRuBnWFnujG6pkuhr3yPAw,unknown
TCAj8N3Lbx4AgRuBnWFnujG6pkuhr3yPAw,unknown
0x2c2646b7b64029103d0f02300bc8d0e4ab46f8dc,unknown
TTGwx6UEekCx8LkdDC3DMcMbdbQmigc7dm,unknown
0x73C28C390F6474B340A4941cA55990CC27184014,unknown
bc1ql736jxty60xa9vwtl326ef8ac3tlahlguk9vgn,unknown
0xb45A2DDA996C32E93B8c47098E90Ed0E7ab18E39,unknown
3CVRwFonJWxV1KQFAvtapahEuX1UpYv.3je,unknown
3CVRwFonJWxV1KQFAvtpahEuX1UpYv36je,upbit
15AMfrXKP8Md4Xb8unb2LkQmBc7KoCf9Yv,unknown
0xc651087eae0b63e6e12e476ddc3f8bc28a09bfd3,upbit
0x9775eaec6507bb3fef426dc1255b3366f54241b9,unknown
0x24e4a1f41eb401bc49bebfd05d1082dea404b3a5,unknown
0x9775eaec6507bb3fef426dc1255b3366f54241b9,unknown
0x9775eaec6507bb3fef426dc1255b3366f5424ab9,unknown
http://strike.land,unknown
http://strike.land/,unknown
TS6GHbHKeTnVXayy79pTbKJ79vy9cSW87n,unknown
THcTUvtjsLUkZ77quBAuiwU41p89Fbhit6,unknown
TC32Rz4FSzfTNsNYYFanhzc5izc5Vc8w6Y,unknown
TL3GaE2CFRAfDu4cwAzLd8hssGMuBgaamZ,unknown
TF8eUgWkaDg19ARD1b1cP97e2fxjAewVdq,unknown
LYkfh7s33P7UfeKgLTU6pyyAweqWn3vwXY,unknown
TUXKi5ghQcyh96frYx1QiB37TxQnwNmS47,unknown
TQdhH4T4RnbKGWFC8tgPDRmLoGRBodVF6h,unknown
0x9ba605926cb080c7b47d39edb0aa379d7e953af3,unknown
0x747fd9df6eef0de26fd7f3efb8f7393fd6a3230a4547ab0613edf51c49f2b822,unknown
0x058139723A9Faae5A97e278478c91c291f1D466E,unknown
0xcad621da75a66c7a8f4ff86d30a2bf981bfc8fdd,unknown
0x747fd9df6eef0de26fd7f3efb8f7393fd6a3230a4547ab0613edf51c49f2b822,unknown
0x9ba605926Cb080C7Bf7D39eDb0Aa379d7e953aF3,unknown
TS3N2675aYk4CKNtzJd3h76Dg4w1dovNvB,unknown
TPJdbzf7A7LKWhpsr8vmi9CexRfo5zo8Fg,unknown
TPJdbzf7A7LkWhpsr8vmi9CexRFo5zo8Fg,unknown
TCNNHraAmKCnsvtX75UePkpk46iuUvrnNS,unknown
f332e05f6628a33c47468022be698ee567329ee8022bade9671a4bed928ff0c8,unknown
TPJdbzf7A7LkWhpsr8vmi9CexRFo5zo8Fg,unknown
TUeJYqLrTE2MDUFTvUE5sgrUgenUhvpFZS,unknown
TPmzMRt9bBicC7hKA19SLfxdiF9DuRKB5U,unknown
0xbBBBBc1f545aA962Cb2aF63aBFD0104b8797aA0E,unknown
0x6300BBCe3090fD737277365BD9D38aa650d2AaC6,unknown
0xbBBBBc1f545aA962Cb2aF63aBFD0104b8797aA0E,unknown
TVUfSK7FeEDsLWwbJxMk2tAAyzCyp6tVm6,unknown
TVUfSK7FeEDsLWwbJxMk2tAAyzCyp6tVm6,unknown
0x8e352856503825951db50c09ccE54c45A60C51dC,unknown
38YrULtS3z2Pf5g5UCJxHhkXbwSdTwUDjG,unknown
TZ2T Djzu chMU GDir bkuY MLPd 1Ywc sSV4 P3,unknown
TD3b vHYf bS5R GG5J ZSnN pXJe U8db M4avHV,unknown
0x8adb020e1a1de402ee2e91805e771b70e79c4bcb,unknown
0x9a98c9e990df3aace2ba313db52febd1381d1263,unknown
0x32f9ad939ef15305eb8006ee1671550814acaa22,unknown
3N1Fz16c3Jk9F9EkmcfdkFoy794ye8Yvx8,upbit
0x9999d28994fe57ec94ee209377dadbffbbbe1103,unknown
0x6037821d98a6080ac5bfe837964ed0c62c92aeee,unknown
bc1qcld9wcx4vf6k3mzfz6lfrf7ftwmfxsaqqeyvc0,unknown
0x0005f82d812aa31da5185565a8d691ab15142678,upbit
0x46ad05bb4f1b08767d59170ca63db3a66f20e53e,unknown
0x285d5c6db18edfee82e2691fff00ba6c6b116aa6,unknown
bc1q2g9ya78y6n955rdqsxx0juayeaesvhejpyelj5,unknown
bc1q8chsgfj0g853gesm2usyqe8556jgd60s6fxldp,unknown
bc1q2g9ya78y6n955rdqsxx0juayeaesvhejpyelj5,unknown
TUHN3EsqWPCUR2vzqDjdciDCT1uDAX43Cv,unknown
0x364e705AEDAddb570D017974A554E060A21039fD,unknown
TEXv8fBsYTYYhP5FTkhabF3rHzjpfE6o5V,unknown
0xFb116135E29770CBb6Ec28053A693D694fA675d3,unknown
0xC5568e3C048E77E871CDC916b32e02F1778988e0,upbit
16e25854740041996f9af4acb39f4a0017b2bc7d1a59994b17d1d0f61a46f134,unknown
0x3c11F6265Ddec22f4d049Dde480615735f451646,unknown
0x1111111254fb6c44bAC0beD2854e76F90643097d,unknown
0xaf54946106c9d66dF8c308cF3c21931ec77cC65e,unknown
0x11eDedebF63bef0ea2d2D071bdF88F71543ec6fB,unknown
0xd915989079aa4a85d4e2g6e05173076b0d68e0bc311f45418bcd176f73c94475,unknown
0xd5775214a62f1a9b3380b27810cb465c15becd1a36e541854609e06c767a8c81,unknown
3lerfpciwpx7vptp7k7euwenat8haahzig,unknown
Ox840052144c0903b8de74e5b6a66b891142b57228,unknown
0xe6a421f24d330967a3af2f4cdb5c34067e7e4d75,unknown
3NtLgF9Un5RTeMyeniicoBc5Gg7tBTsjat,unknown
32mtamM3fV4y8P142pgzrqzTxpvr2TifWF,unknown
0x9fE68079A070F853b9167c52C0Caa4117941495B,unknown
x57eb02a4d74cF8196E23f1167A05eA707462439b,unknown
rLpumSZQNJ6Cve7hfQcdkG9rJbJhkSV8AD,unknown
71679044815B6E7D6106FA50F6F63BD341B1B42CE89AA94E822B46C830C0B33F,unknown
0x9fE68079A070F853b9167c52C0Caa4117941495B,unknown
r9WGxuEbUSh3ziYt34mBRViPbqVxZmwsu3,korbit
rfTRh6uBxBXxj3QE5kRAp29yv6NJxRYcMq,upbit
rLpumSZQNJ6Cve7hfQcdkG9rJbJhkSV8AD,unknown
r9ULEMtDkNpCtjhWSi5Qv82SPkSQTnVe2p,upbit
rwStgBpaQ1Hoi1DptoMtiToMtWZRioBRqM,unknown
rhuCPEOLFYbpbwyhXioSumPKrnfCi3AXJZ,unknown
rwStgBpaQ1Hoi1DptoMtiToMtWZRioBRqM,unknown
rhuCPEoLFYbpbwyhXioSumPKrnfCi3AXJZ,unknown
0xf659d251a1867d55a66523df6e88080672c85a5cae6d082e82cdd03b516b2886,unknown
0x9fE68079A070F853b9167c52C0Caa4117941495B,unknown
0x75f1bcd7c6514208cd51b96416c5ab7d62060a4dfc509967d699c9f6e9a41fb7,unknown
0x06b9e6fd5b99a0c9a79ed30c447ace8308e47d4d510a049e7612b3585f0743f0,unknown
0x57cb02a4d74cF8196E23f1167A05eA707462439b,unknown
0xEc5d892cAA38c5c25ce6cB3bc71d6E06Bbe61ABc,unknown
0xbf94f0ac752c739f623c463b5210a7fb2cbb420b,unknown
0x6fc48de8f167456b7aa27dd4ecfabba329ea623d,bitsum
0xb67C234632260f46Bf91a058C4424b44c787D075,unknown
0xF75623Fb96C6Ed5ef528d11D91ca7fFf7a95922C,unknown
0x29f2335605a7de13c1272067d1ef382c1c8e7c9d,unknown
0xa645c4a26d35b50ef57c9643987896b13f42b642,unknown
0x3390535fddd42d0f54819f6a39d31a1522c5bf85,unknown
0x8Fd90ED3cA1D3BA29EDF9Bf660ccffeF414D3dB3,unknown
rhuCPEoLFYbpbwyhXioSumPKrnfCi3AXJZ,unknown
495ec3620878f53386bfde19a45cb1c1995e5cb38e31e29df84bd0c7ebcfd40f,unknown
rfTRh6uBxBXxj3QE5kRAp29yv6NJxRYcMq,upbit
rLpumSZQNJ6Cve7hfQcdkG9rJbJhkSV8AD,unknown
r9ULEMtDkNpCtjhWSi5Qv82SPkSQTnVe2p,upbit
rwStgBpaQ1Hoi1DptoMtiToMtWZRioBRqM,unknown
rhuCPEOLFYbpbwyhXioSumPKrnfCi3AXJZ,unknown
bc1q6wq9yj3u0dcsjg909tdllkp2tenl2qleveumn6,unknown
0x6da4ff675cbc8608cabcc97526e4c21dc84b9d05,unknown
0xf7a64ead81b54d357ba6d13a0f0a5482b466e2cb,upbit
0x561cafbb9ff904baca4ecbf564e3466bfeb0ec92,upbit
0xf1f955016ecbcd7321c7266bccfb96c68ea5e49b,unknown
TB8sTTeDKD3bzYUSzLZ3xUNGhcy819eSMA,unknown
TAgKbLXD4PpSSZEyaWez4EBiWuCh38CLc9,unknown
TFQUqWCwgRT1L6avS5Ji5eRBw1oKFdUmsB,unknown
TAgKbLXD4PpSSZEyaWez4EBiWuCh38CLc9,unknown
bc1q0ch2w4zqjy2x6h90,unknown
TJmbQhyKyxVz2pZa94GYBBkmU4XvPBBSnL,unknown
32eb0b85452a6205ac275e5986137da7b82ef22367f3bf9de60de6d51699ed,unknown
32eb0b85452a6205ac275e5986137da7b82ef22367f3bf9d9de60de6d51699ed,unknown
9c443f3c0fbc3547a7324917dff535682ac0d923601d2ea9d3e3e3ed3ca94657,unknown
442ak1M5JAKVi5vTbm2a5PHHih6xy,unknown
0xdF94fAEC3BFbB2AC57037aD76ff2Ec37A14d3a8e,unknown
0xCb299b7e6dbA3181279cA87b2f5baF77C1c3329D,unknown
3BC5Audd4NHBeAp2tJXZdXAvRAtswniXNZ,upbit
3MaFE1A27R8pGeaKPoGTiXkEWKKCoFF8s6,unknown
0x7c04A698855d1ECF9610636a1d7AFf8E03331fa5,unknown
0x094DdDCb7f793742f24Ac11079cCFB6CeEB87339,unknown
3Avwm83br1npRyRCoAtCVYdNxFjmkzWpfH,unknown
0xd1E06A7785E7e5Fa3069DC48Eb46F1efABA56Cf7,unknown
0x68EEf2DF1B2FEc1f11705E992e7A99f96D683870,unknown
1HLnZdBwYn6WpdgfvVfBsj1iznrYqiKsGK,unknown
bc1qau7xhmm7k6xkx564xqfpqvmjrus7m6vavpqe49,unknown
0x930fBd066fCBEa2daCAd8234496a87b5302301F7,unknown
0x982e9E43aeb4E57b153F280A578be00f6978f73b,unknown
TFGuJWqigYv2nZ43gGp58bWwyBacXVzUB,unknown
TWfaCNguvQY2fh9ALQTjoS3pjUbRm33i6f,unknown
0xb65862f66EDf39c39ffC2453662d9f4161829Bf2,upbit
0x28421aD9Ac5Bcb1cA404ceEEF9010198ba82acf6,upbit
0xdCfB1850b8E54FEb18672c81b2b950327fB97C31,upbit
0x72AFB7AB260F45Df0492dA485D916a6737EcB8B9,unknown
TFGuJWqigYv2nZ43gGp58bWwyBacXVzUB,unknown
0xD9Cbb305A889B3Acbf758811b38e68A99868EEF6,upbit
0x8B8B289F1076a1770d2e6cDE44DD5593c0248b23,upbit
0xc49Ce4B975397BF5F6975332C34ee95b02b91287,upbit
TR9j9goCsXgMqdrATVsYdQJLYYa9QjhkmM,unknown
TC8XZtfkDaTmB6AQJbE7YufLhnsek95uCD,unknown
TFGuJWqigYv2nZ43gGpP58bWwyBacXVzUB,unknown
0xb65862f66EDf39c39ffC2453662d9f4161829Bf2,upbit
0x5b990C664aE7E759763ACfEC76E11c289c53Be77,unknown
0x4455646b7aee4bCb1efE384c72CcD1a28765E1A5,unknown
TNG6hwUu5AQDpL85y6GcbXBDEAjS6nk1wu,unknown
TQY3skdRrB37twhMZbq8u9rEdt5jDoTqKt,coinone
TVe3FJGabAruPeDFUhwetnRbTjuEoaCKBw,unknown
TMTcQSUoJVh1WK5ksd2AC4JXrpzGjtMuiW,unknown
1A49EAF6238763AA1BFDDD09D029761EDD289538BFDA5AA21EBA17140B877E9C,unknown
0xe66b31678d6c16e9ebf358268a790b763c133750,unknown
0xAe81fE02cD61e130d697A14736e06c9E103E6383,unknown
TXcZEECEXcV82yAKGNqtDs4sSMgVEx,unknown
0xAe81fE02cD61e130d697A14736e06c9E103E6383,unknown
0x02b94c3960E99A53d4A927Bf6add33A0C0D9ca06,unknown
0x1D64A02DF4baeBEe07b240a4d4d1848D714470Db,unknown
0xdAC17F958D2ee523a2206206994597C13D831ec7,unknown
82cBpejY74PGXYtwDcs1yNPVwT45z72ozGpzouWHt9bJHrTnK8tVcQr99CqdBQGhEU793VUx7yGRN5KzjchjsVicA6StiKq,unknown
0ex472e136f13d13e7ef8661028da1e329fd0b106f,unknown
bc1q7ek38wsnomx3pw4q4us2fq9yyp307e6v5f4jsy,unknown
bc1q7ek38wsn0mx3pw4q4us2fq9yyp307e6v5f4jsy,unknown
0x063a40621a0d13a7400d70f4620d5e5799c2d6f4,unknown
bc1qlms7aj2eaqzlsqe6tz6vqgzwu8kmuphl22teas,unknown
bc1q0r34j6txyeswc0g76dqyfgnf9dj65vumhlkylg,unknown
bc1q7ajventcgut09qd8wme37ggpsvecxj3shfv8ff,unknown
bc1qle9aqsgvrg646t8vgteuphyklv2vttfw08ta96,unknown
QYnGMqovL4UcRJRSyCdcSt9zNKPFZixM5c,unknown
bc1qgsgrkaks3ggsq54e7n76mskd9syx3z0dd3lgzv,unknown
TF8Bdb7E5KWpwsE9Wh9ExnB6gK5f9DLeYA,unknown
QMptgwPdiyVVVfJsy67hyyWXBoDPWNJ71v,unknown
0x08a3e94eddfc3a25b6d75c88e6e2e1acb6430ce5,unknown
QMzeaqFcuoMaGVR2M9gYevvbnQEKNuhT6r,unknown
rJn2zAPdFA193sixJwuFixRkYDUtx3apQh,unknown
QXDYQQyNe9iozSGhpxM8p29vNF1vfrv9mJ,unknown
rffGCKC7Mk4cQ5aUGg8pfRe3MPC7Cy8gfe,unknown
QXDYQQyNe9iozSGhpxM8p29vNF1vfrv9mJ,unknown
TK9UTzEUAG5EFYcjiqr6udyMP8VvzH4rV5,unknown
TU6tJzp1oNm4t3JA9q11q7X25WpcRXgkqa,unknown
0xF02c5de09cCcf60BE05dDcddab506cD75F5Eb33B,upbit
0x5b990C664aE7E759763ACfEC76E11c289c53Be77,unknown
3K9q7AjuX8F8hqVA59ySBDRRPRqzlyqgSn,unknown
3K9q7AjuX8F8hqVA59ySBDRRPRqziyqgSn,unknown
3GDgbaYyoKyY1qc369FhoiqxRCBi9aaHNM,unknown
0x3B3547dBe90f039DA4A2347777fb9474a7e73EF6,unknown
0x0B028691480A466F4b18B87bc312CfB15B5CFee7,unknown
0xb478dc79eca1f73dfe773eb11501e9affdc6890c,unknown
0x3B3547dBe90f039DA4A2347777fb9474a7e73EF6,unknown
0x0B028691480A466F4b18B87bc312CfB15B5CFee7,unknown
bc1q00qv6zj3xd8w7c7x6ktvxmpd4s7mrsqza56w4j,unknown
TNdFosydyxRvJcVNXmuUT7bCKXgwE7rtrU,unknown
TCLLxDGSdVbhVaKJ43aBqjyqDmQhHCC1tR,unknown
THGikGGfF5LDHnEKFNqX6sQu2ESbuw1PFf,unknown
TBDGPGGLMv8MQ9n2fjCFf9n2fjCFf9XIfjLFrfh97,unknown
TSzRr854u99ouXdzGPYVcjyN8ZSSqq,unknown
TCLLxDGSdVbhVaKJ43aBqJYQdMQhHCC1tR,unknown
0xd98a9c0745f71706ae12645ad86aa1ea2c69f5ec,unknown
TTGR6urnsoAjLMxry82oS76QsPCEFME8uZ,upbit
0xe6C60368B5f50a4c27C69d39527bc36e4C8096F8,unknown
0x832470A739a52364eAde9e34722D82d7f326a5cF,upbit
0xb40637e6604Ed47c2698dbCbedbAe3A2D39B6322,unknown
0x7B711cc6e88c2AAE07943c02603F5E176C09f240,unknown
0x8845eda8C09dD041167d62a5b6bD40d629bf349A,unknown
TXBoFXxSLyqiGv7euAtDa1yNCwmVr7WVL9,unknown
442ak1M5JAKVi7vTbm2a5PHHih6xyXVhha8Raisj2NAPBUZGWAWtCxRCjB9PAEQdyW2bnY9WsNJamY2KtuAk9kZCEWmUQGG,unknown
oxbA82d3cF06152D717604905Cca1Deee93df660,unknown
0xbA82d3cF06152D717604905Cca1Deee93df660,unknown
TBxJxpNa6yMz3YgDqaJ6To7n2z6wW4Sap3,unknown
TPJuWjYvULFvbmEtq5bcWVtxhkmju75HK6,unknown
TBDGPGGLMv8MQ9n2fjCFf9XiGjLF9rfh97,upbit
bc1q00qv6zj3xd8w7c7x6ktvxmpd4s7mrsqza56w4j,unknown
0x72AFB7AB260F45Df0492dA485D916a6737EcB8B9,unknown
0x1544Be0CC87bf99ceA85055080Ea556539aa5bF7,upbit
0x639ce65D0E17B25eBA3001942dE7A7deE6BBC660,unknown
0xCda49d778380Bd6c26Dd474FE9aF5170Dd8D6080,unknown
0xe6C60368B5f50a4c27C69d39527bc36e4C8096F8,unknown
0x832470A739a52364eAde9e34722D82d7f326a5cF,upbit
0xb40637e6604Ed47c2698dbCbedbAe3A2D39B6322,unknown
0x8137FB44574e4C5498c36EaA3a1dD2621801A04E,unknown
0x72AFB7AB260F45Df0492dA485D916a6737EcB8B9,unknown
0x639ce65D0E17B25eBA3001942dE7A7deE6BBC660,unknown
0xCda49d778380Bd6c26Dd474FE9aF5170Dd8D6080,unknown
0x639ce65D0E17B25eBA3001942dE7A7deE6BBC660,unknown
0x8f8c42Bc25a63161bA17e6Bda4E009741A0E530E,unknown
0x92c63d0e701CAAe670C9415d91C474F686298f00,unknown
0x92cB4A0F089eb852E44f794c929E0EB084D98f00,unknown
0xA2bb245F3b9D9F6fBBB7e61f07d2315287A63033,upbit
0x29452db8bFD6595949D87Af9964748c7723F3371,unknown
0x639ce65D0E17B25eBA3001942dE7A7deE6BBC660,unknown
0x78eA7D034F59Db037D1104813AE46E3bF0c38ee5,unknown
0xfE140AbF5EFE919b531C3721Fb642CA80D24a71e,unknown
0x72AFB7AB260F45Df0492dA485D916a6737EcB8B9,unknown
0x4af6c0bd62183980aa16f8f66373d87348b112df,unknown
0x476354a7679f7195c280c762225f62d5dbddc776,unknown
0x1fb421310ceacd0afb2a429bbb4682e522b38ecb,unknown
0xb7634a285d23b854d082a5687d969bfaa69d8e64,unknown
0x28c6c06298d514db089934071355e5743bf21d60,unknown
0xdEc5616D432C68e78EaC96Fb51D104f1CfAF5C87,coinone
bc1qtra58nw0g5xyx0fxw5x4005tntxsxpzhhsqs5j,unknown
0x8acbbbc0b0639133e7f1cf6a4ccc03d301953deb,unknown
bc1qtra58nw0g5xyx0fxw5x4005tntxsxpzhhsqs5j,unknown
0x15681321e360562fca7d0bc8fd01001d1fd4ba54,unknown
0x8acbbbc0b0639133e7f1cf6a4ccc03d301953deb,unknown
0x15681321e360562fca7d0bc8fd01001d1fd4ba54,unknown
0x1544Be0CC87bf99ceA85055080Ea556539aa5bF7,upbit
0xfaf5137f19f0f30aece41e08f77ea274490f0386,unknown
0x59eaa54d1c8c33b0b008ca005979485163664415,unknown
0x7a63cc9190c73e9190cc83d792a290ce4e94e757,unknown
0x65f264f3221c80285461e327ca90a66a97f690bb,unknown
0x8acbbbc0b0639133e7f1cf6a4ccc03d301953deb,unknown
0x7f1400ec966be8d906afcbf04b0789c6f2b475e2,unknown
0xc2ebd1446ca251123573dc2c2cc6ce27d07c0007,unknown
0x15681321e360562fca7d0bc8fd01001d1fd4ba54,unknown
0xbb26df665c594c723b746f68010d4dedbd441c8c,unknown
0x35e3564c86bc0b5548a3be3a9a1e71eb1455fad2,unknown
0xA8D51005b903919397de4F20b92FBAD117E62004,unknown
0x832470A739a52364eAde9e34722D82d7f326a5cF,upbit
rJn2zAPdfA193sixJwuFixRkYDUtx3apQh,unknown
bc1qtra58nw0g5xyx0fxw5x4005tntxsxpzhhsqs5j,unknown
0x84032F2D59d5B5F9F3b41Fb9474a3cB26fFa1Bc5,unknown
0x5A040D200a75ea8940d02D31410ba862b832CB78,unknown
0x5A040D200a75ea8940f02D31410ba862b832CB78,unknown
0x0968effE3363b95edbAa4af60cB7De90bFC79C83,unknown
0x4860f805fd21e2866026303dcd8ec391e6b6fc9215625e4c014f42880cefffba,unknown
0x0968effE3363b95edbAa4af60cB7De90bFC79C83,unknown
0x051532D7BE9FF367c6d711Ab8497a083509C074E,unknown
0x17416F738232A3019AeEBCbB58C26E065aD239f2,unknown
0xa675689548393A05cE985ADE4696a8fDd1770Aed,unknown
0x22448bc8600af9139357c44b0278a1ff08bca8a3,unknown
0xc00934f9841f1d3de3165928763e5c9442e94d53a571d5c075dfd15ee87a4da9,unknown
0x50e22fA9500b47362CD4b96B7bb149e4437095C0,unknown
TGBPZFJaJ1ME1o1Kdd94SeCh2RZFoEeN3F,unknown
0x881d40237659c251811cec9c364ef91dc08d300c,unknown
TV6MuMXfmLbBqPZvBHdwFsDnQevfnmiusi,unknown
TN5gLdndQyU1jnCQ6a859XBHfKnNdKVfBa,unknown
TVMuMXfmLbBqPZvBHdwFsDnQevfnmiuSi,unknown
TV6MuMXfmLbBqPZvBHdwFsDnQevfnmiuSi,unknown
TNpqTbuHwJrK47meDpU42grp8yqBHapd1o,unknown
TV6MuMXfmLbBqPZvBHdwFsDnQeVfnmiuSi,unknown
TN5gLdndQyU1jnCQ6a859XBHfKnNdKVfBa,unknown
rEb8TK3gBgk5auZkwc6sHnwrGVJH8DuaLh,unknown
0xB402A788bFd313e47Ff328AaC07E91ae8c43fC6,unknown
0xe9b2977deb476b2b21193d6275560beaa2ef2276c76761a16ccedc2309b8f639,unknown
0xe9b2977deb476b2b21193d6275560beaa2ef2276c76761a16ccedc2309b8f639,unknown
0xe9b2977deb476b2b21193d6275560beaa2ef2276c76761a16ccedc2309b8f639,unknown
TM13DeUMZJ2J8XatjYWMrvayKyNLGWxXPW,unknown
rNFugeoj3ZN8Wv6xhuLegUBBPXKCyWLRkB?dt=1890920822,unknown
rNFugeoj3ZN8Wv6xhuLegUBBPXKCyWLRkB,unknown
0x31Ef6CDe56A8aeF079BA3DDA935C881Dd02db3282,unknown
3FWf2MjDA7HvZFmtP5vEoJYmc21m4hk1yR,unknown
bc1qmyy54p3tdusgfcynjsm9hl4n843t292c26dps2,unknown
bc1qmyy54p3tdusgfcynjsm9hl4n84t292c26dps2,unknown
0x6a74bca43f354Dc4085Fd283E51A1f422b4CAF09,unknown
0xb4Ce5822da6b9d2F76504357F0576dc57235Ede7,unknown
ca03b10d2fdc114df01331a02028687af6611471dd15ab59f13e07c36889407b,unknown
79caa9ec3c7105df49073c05cd50613cb01eabb6e375642e04449d13cb8295f6,unknown
31494edcc3d8e58dab9ef13142a4a6e9ed6e109d0b12ce54d9a9db88d184c0d4,unknown
0x194cdcc871c0dc444a97a5d6f1659e7ff876dd719c6c55b4f4137dfb0a2219a4,unknown
0x104121d1d3e1e3be0e82599aa34d684d6bebedd328b48396a41920919e0bd42b,unknown
TSaRZDiBPD8Rd5vrvX8a4zgunHczM9mj8S,unknown
TFeB7FQsAFzmFivUa3859Af3EobeHrcq1w,unknown
1B6rJ6ZKfZmkqMyBGe5KR27oWkEbQdNM7P,unknown
rUzWJkXyEtT8ekSSxkBYPqCvH,unknown
3KdY7eH45C1joa9UV9X9hNFCqy73qDfrSG,upbit
bc1qycx4wl0pp086ls8lh8fjygy8yec2cz9d2zgzxz,unknown
OxbA82d3cF06152D717604905Cca1Deee93df660d6,unknown
TRoUYVfvdB7etAjEv6Nj13ag9XY7zX5Te3,unknown
TMndK1s7NV94r1cU3WRvvbGzMqcvi5LvPv,unknown
TVvS7Xii75d8nNxVB1iSVGutEPmR55SJto,unknown
TJKEZk5JpWNdd79hy85XXXtcNYgN988j6r,unknown
TRk2sZc7UZRkmMAjWFqwZ7RsgX8xz14U2a,unknown
572057983c2c06b2ca79ddcdba28a0ed5355034bde2346fd0d576405d17126e8,unknown
bc1qmyy54p3tdusgfcynjsm9hl4n843t292c26dps2,unknown
0xeeb587afe3650e5df7ffb091af8fdaa2ade886b6,unknown
1BUTFzNSV2ttk1kMvw95n4C9XiKhbVELmr,unknown
0xd2e1A185565Aa58e1172EC355bc7bD950Df88FC0,unknown
0xeA76fF7cD2387D938a8a29aE3095eDE1a9115BC3,unknown
0xdAC17F958D2ee523a2206206994597C13D831ec7,unknown
0xDc033C9aC3b1Df99465CF495faBe22B863d5EcA4,unknown
TWzMV62eycoJWFRfpmJoUdc4oUhtK6TvGV,upbit
0x1cfed23426c77a8081a34417bd9c54bff084a9d2,unknown
TLy5kV5zFQ5cETbQenURiqP7GEqvnAwwU3,unknown
TNWhLCnCTcblvbPfQFu2KiXZgqg695fB2u,unknown
0x58B7A4C5004A0821d0D30c5312EC9efC464f0534,unknown
0x87db87221960dd9680c0c10cd51377de6da0ff9022cf028050acf870c70a654e,unknown
0x58B7A4C5004A0821d0D30c5312EC9efC464f0534,unknown
1EpdRrNNEJXv87uyoVbCHjEdSxaToQ3RHv,unknown
TRkadrntvsZM8HULFvqfDAteJD55w24U2a,unknown
TWLZWEeKNUeCLKac9Ztg9xUe8XV5BfPNsH,unknown
0x189ccc9467d2c439b78985d6e44c1336caf1b6b5,unknown
TWhevGpBwT7mcktZhxmeBzRHk5ynZpBc27,unknown
0x9CF8Df03FB0aD9b3C0DFd9230bcdAECb47EFB8f,unknown
0x0CF8Df03FB0a0D9b3C0DFd9230bcdAECb47EFB8f,unknown
0x0CF8Df03FB0a0D9b3C0DFd9230bcdAECb47EFB8f,unknown
0x881D40237659C251811CEC9c364ef91dC08D300C,unknown
raQwCVAJVqjrVm1Nj5SFRcX8i22BhdC9WA,upbit
BA607CE5D56CF82396151261,unknown
0x4e08c9d5579b91A85ECcE333F788495f7E2b8993,unknown
TWhevGpBwT7mcktZhxmeBzRHk5ynZpBc27,unknown
0xC8Be0a476276EF0e53104764b87B429777D010a4,unknown
3GDgbaYyoKyY1qc369FhoiqxRCBi9aaHNM,unknown
1128Ev6iMRQ25SuGAnrekSqbW8aQpX5PZQ,unknown
0xb95dbdaba49c8ff63fb41f4581c884048a190d1c,unknown
0x4632645b8d65a0bd081a3330d1d789be6c56ac79,unknown
0x51e3d44172868acc60d68ca99591ce4230bc75e0,unknown
TXQvwpScQCLjXccnUiHLNaV5FtnPcb5mco,unknown
0xA059D8cb4D0F8DF68E0E58f161Afb0e6AA71e88a,unknown
0x9B86638d6470c9A907cCcfA6a20082f51b50DcEe,unknown
0xda3Ff9a6154B5f94aE5D72C662D7571A58E71684,unknown
0x27ccB71791BcD4Cc3752151ebf0332D42eee411B,unknown
0x15b638c793D9A78B077842b1AcaB25bE90F862A1,unknown
0x589E046490DDEac34513BCd9EbF3A4BF2b437bA4,unknown
0x27ccB71791BcD4Cc3752151ebf0332D42eee411B,unknown
0x48ae69c0ac53c06f5adf88f2301492f6c44d5a09,unknown
0xBf37CF4e0Ba180fb9EF6a3cb6f943D47D5a7a2c1,unknown
bc1q8u94jd3klegp4fsrs9qf0ch48htzy69q3jacnq,unknown
5d5c170464911856cc03a934cd498150e99faac2523828ccab52e2a778499d25,unknown
3F6rUAYwS3uYjDfZtwdhRH8dEVsQtoA7H7,unknown
TWzMV62eycoJWFRfpmJoUdc4oUhtK6TvGV,upbit
bc1q39jq8t74jptartq8upfxw04028t86xg5vqvvsy,unknown
0x9EBDB1c515f8F64338A5b0fc86D75e578eAa37ED,unknown
0x4BD039DCb8440A36394cE541D63C2836bb8Da169,unknown
0xD4045c72C767A9207306EAA634bB821DF169Dea7,unknown
0xe08e2823887f4AE580Dff4393e001bc976574934,unknown
0xD23805BF4535a5E820304BE3814A2cd2166Fd63a,unknown
0x757123B9580fcA1346fdF0FA8C81D37AE5f096f,unknown
0x313D3768CffE505b5f0215d9D5750CCdFAf0F89D,unknown
0xff49Ff90C90f583D3d83e07dd8Fc081cb37351E0,unknown
0x46b4da65A7352f7C9E1644EB7b2Cc97baB7afc8,unknown
0x1dCd1E54229eeC3A21024DF5649c8992905D7DEb,unknown
0xdAC17F958D2ee523a2206206994597C13D831ec7,unknown
0xDc033C9aC3b1Df99465CF495faBe22B863d5EcA4,unknown
rDsnugf5Hs95Vxjo53AzGkxqaBzV52F5Zi,unknown
rDsNugf5Hs95Vxjo53AzGkxQaBzV52F5Zi,unknown
bc1qal44pu9p5j5rsc74d4tx4hxez8q60hyfhwrz6d,unknown
TSusAcccGhh1jmysAqtYSKFSj4iDy6w7RV,unknown
TXLjJwYwf9jzMroL2ptgbMJgtEcTZcsKxQ,unknown
TXrx8W6A3SKU17YsgG31E8PaazFxdrHbZa,unknown
0x05b6033dc7ed9bfca0eabb22945b16010d1189d,unknown
0x05b6033dc7ed9bfca0eabb229445b16010d1189d,upbit
bc1qwssdf9ynl2v017j9zraf7epwz7e0xh2u4ghk7v,unknown
1FWQiwK27EnGXb6BiBMRLJvunJ QZZPMcGd,unknown
16w5iCLRGyg2N6kXe6ygzUcre2rgNrp5ud,unknown
TNWTXk8guFFRuBLiG93uAWqf2MiMaH9U79,unknown
TAvRbANnfzzE9y9HU7nj2jF7Sz42rD2o8x,unknown
TNWTXk8guFFRuBLiG93uAWqf2MiMaH9U79,unknown
0x7c04A698855d1ECF9610636a1d7AFf8E03331fa5,unknown
TRUBTSFNxcQAHUgXtiSaVJ56b7qUhPhKVm,unknown
TRUBTSFNxcQAHUgXtiSaVJ56b7qUhPhkVm,unknown
0xf8529Cf88cd565d322c0ac0f0151697D7B06e32C,unknown
0xf53b9E72E1432Ae01710B11b285867Dc44fD0f78,unknown
0x34aE9C360C1b5c393926ed9424868a5c1edc3020,unknown
raQwCVAJVqjrVm1Nj5SFRcX8i22BhdC9WA,upbit
TQnMvZQm4nh7GHAfttFfkasfGxWcv7TWG,unknown
TQnMvZQM4Anh7GHAfttFfkasfGxWcv7TWG,unknown
TQnMvZQm4Anh7GHAfttFfkasfGxWcv7TWG,unknown
TCwpXeNha7qKFh6CQmtRuU6ki4gCNRtZ8U,coinone
bc1q5xurpnphnmj7ga4amf2m75ply46ehpsd9k5xfy,unknown
TV8MxBEVNPXaqW944FNW4mEfTryQySBTsV,unknown
TV8MxBeVNPXaqW944FNW4mEfTryQySBTsV,unknown
0x81E47D06C7d52465B9edE1A5e09884CD3451732D,unknown
0x7f3E14c81f9F7eB0f8b616ae06696F6bf3d8a885,unknown
0x7f3E14c81f9F7eB0f8b616ae06696F6bf3d8a885,unknown
0x63dda3cb3fc8720548d721fde503560f50ac7c23,unknown
0x7f3E14c81f9F7eB0f8b616ae06696F6bf3d8a885,unknown
0xafc727531feb540d320de8f32e4059a3ac25f5ae,unknown
16x2FhbZFWtYANvbu6rSQfwkYH2dsFvpsD,unknown
TXAu5tk6Dp6RrnACHMVYLdogPem23eRYHLUtrc20,unknown
TGbsu7mXsMf1aLb4mSASx3Lhgin7KqHysm,unknown
bc1qd9j73qy5je69c84uc90uaqpxyzmaru57c9f76d,unknown
TGb15wqmaXnNYZV7vdWajK9PK6x89ubeuM,unknown
TAgWB81do8zSNwje3rUoZrfCHN7bKMWFcD,unknown
TAgWB81do8zSNwje3rUoZrfCHN7bKMWFcD,unknown
1cba7c9656544729ac4856d35d7fdb5849ecb3a70b48ac1971d47ef43676a2be,unknown
TN1fitGqgF8qtqjSdPYH6ssorSP2vLrtdg,unknown
TGb15wqmaXnNYZV7vdWajK9PK6x89ubeum,unknown
TJV2NuiEuiCxh5b2siroPANGnUkUPGW,unknown
TJV2NuiExJEuiCxh5b2siroPAGNnUKUPGW,unknown
TFgEwFEexHLPxFwfc7NAyq4MaorEuXMbUa,unknown
TS5njt6Xb3hfzvAYDQGK3fQR14YDobfn4o,unknown
TGSwyH6aVci2bxv82Lth19oVfAPtg9mSRQ,unknown
0x74de5d4fcbf63e00296fd95d33236b9794016631,unknown
0xdc92220d97757a60275b264a7b526482aeef61a5,unknown
0xe635a969b1d4a5b4f237c9399fcf9e44c614032f,unknown
0xD1E204c270952934408F9183745a9C9FBf59FEb,unknown
0x5C9CF449E7A51bd50aEB73179E11DC99aB6FF4E9,upbit
TV93aqTZo64cAqsBbEi66Js4j7AEkRTZLn,unknown
b8e93de1b41096a413bc3b710c97acf11c38047e3e7b7520ca0809a997f8af5e,unknown
TVDnVSMAwmLCMXPE9Ji6r6pvP41n9eeaUN,unknown
rEb8TK3gBgk5auZkwc6sHnwrGVJH8DuaLh,unknown
bc1q8u94jd3klegp4fsrs9df0ch48htzy69q3jacnq,unknown
0xdEc5616D432C68e78EaC96Fb51D104f1CfAF5C87,coinone
bc1qlkre506hxg7fpv00exe77kd2yghazcgn7wax6j,unknown
rNxp4h8apvRis6mJf9Sh8C6iRxfrDWN7AV,unknown
rNxp4h8apvRis6mJf9Sh8C6iRxfrDWN7AV,unknown
rUzWJkXyEtT8ekSSxkBYPqCvHpngcy6Fks,unknown
0x28C6c06298d514Db089934071355E5743bf21d60,unknown
0x03599A2429871E6be1B154Fb9c24691F9D301865,bitsum
0xe9Db37e924d50f4AE969181A60E6fe2724A856fe,unknown
TMaS2KNuBK81VaU6K4nhBa4HYwKFE4gVdW,unknown
0x28c6c06298d514db089934071355e5743bf21d60,unknown
0x74de5d4fcbf63e00296fd95d33236b9794016631,unknown
0xdc92220d97757a60275b264a7b526482aeef61a5,unknown
0xee1e9e04d533e6068bd4f258713719200b6682db,unknown
0xe635a969b1d4a5b4f237c9399fcf9e44c614032f,unknown
0x826e548601c708f9a6de09aa3a8d45b5d74536d1,unknown
0x4907be9bdb17ecf1f634cf51947d3276a335fdaf,unknown
bc1q6x0xxjn0ngn3nyyrxddpnrhmwltltamzcwqpyv,unknown
0x70d0a4888c793f8ec3e26be970ee42840e3a358317de35c7fd0d16aad28d200,unknown
rNWWbLxbZRKd51NNZCEjoSNovrrx7yiPyt,korbit
0x5C9CF449E7A51bd50aEB73179E11DC99aB6FF4E9,upbit
raQwCVAJVqjrVm1Nj5SFRcX8i22BhdC9WA,upbit
0x9e93D7cE044f096467DFe670782b3307ec4DFDcB,unknown
0x03f34bE1BF910116595dB1b11E9d1B2cA5D59659,unknown
3Pj1rRbFaNLCnYfZkjg44WuDg9oC28Jfr5,upbit
TLWa4mvvsteyxtfVYHZtNc5gGv38UAg8sn,unknown
0x22022Ad9422fee52142EB682fc896378eF6Dd3a6,unknown
0x8799828F76f209290DaF182d0Fc14170bE74423f,unknown
0x22022Ad9422fee5214EB682fc896378eF6Dd3a6,unknown
0xa2FD14EFd7F92BcCf232F16D48eb2fe14b,unknown
1AQPZXa8KesX7mLwVKjL85qZPnUd8VSzBv,unknown
TNnyY1vC5wHgt8FApXaa5zFWVRN6xb7Fzm,unknown
TNnyY1vC5wHgt8FApXaa5zFWVRN6xb7Fzm,unknown
TXjQgTWZf8Qv5dj3AECbjHfPdzTaPWQNJy,unknown
0xCac0F1A06D3f02397Cf02397Cfb6D7077321d73b504916e,unknown
34ss19EqW72V1bqo7VjPpRsJ8dxEtZda9V,unknown
bc1qj2844y74gfrq9uetvvqf27ajwjjxd280qdtwe8,unknown
bc1qd94ly0ndka6qmhll3wejgupdvdk6flwv2v57xq,unknown
bc1qd94ly0ndka6qmhll3wejgupdvdk6flwv2v57xq,unknown
bc1qd94ly0ndka6qmhll3wejgupdvdk6flwv2v57xq,unknown
0x2A8E7D03af3CAcc2e219C02DF76Ba5b5ecA1fCd8,unknown
19bmWcf22dh7gbZYBWmBnJZwFZbn8x6Xci,unknown
bc1q7npr30c5p4qrzttrhtf7xq8r33g8 g3htvh3jvw,unknown
bc1qq4f7ruqwgfe5vc6c85h7u0hc3w7mpr0g408w4r,unknown
bc1q5dchfglvdur0u0rpk57wzn54ertxsp9mmwpdp0,unknown
bc1q8crqj50g3ux5gcarp8tzljptwht3nsjrt9aakj,unknown
121GN993DyTFS6Zv61LgvS9P9CYcibZX98,unknown
bc1qszutngxuvqcaansj46e9tqy904swtga9jl2xfl,unknown
TR3f62jPJZSDezTWkTy2KYMPzXUuMkxhcc,unknown
TCbwJdXHXDdN5f38uneGxANx3SBn4vYSq5,unknown
321FFaSwLSmg5CgQRbSKEht1LFJZm7scEm,upbit
0x99a7a845e5f64fa70a35ec3f3f9c1aa853db124d,unknown
0xdda42dbfc2f51d6f8bbcdc2f1de1f36d9dce13cafc4a625b85437bd595ad398a,unknown
TKsF4y5Vbj,unknown
TKsF4y5VbjKvXZrq417wWDoxi93VbZm9aU,unknown
TGUFBtEajL7pURnhsYZzGVNNo3tebPe499,unknown
bc1qd9ax8n0m0wknzynmlawhrw2nu4302wuysv0srd,unknown
bc1qxx7eq34tuxp6qdrgffnjcu8dgxagnc45tx4w9x,unknown
bc1q5hnc69e2m3zeaa5hahlurpvhj5e2jlcjkjm4yd,unknown
bc1qpukwmfwjc06rr5t3yxaxa5svksdllxm60u3fvx,unknown
bc1qjp344htmsxg58uaylsw4vkxscdh7gp8vsdzz3t,unknown
bc1qqqr9e7sx665nyct3k0a54xsy6q559hla4vggq6,unknown
bc1q0qxl8g9hxafahwjq8r463970d54c45v98ujp4y,unknown
bc1qhx404pzpg8rgg4ma7wxgfzyc2fuy3gawn88lht,unknown
bc1qfz7eye8czvh7ccvyh78ywm2h4p8vywlussyz47,unknown
bc1qgp473wppsfslv6mlf0yfw8f5wdl6g8vy9a6hzr,unknown
bc1qfaln6x0f0zt5suttwqd6lh29x7qghggjsdsv68,unknown
TWZfvFnLKC5xcXCKxAULhQvXifNfEPN1m3,unknown
0x52E5BC29df7BEc52D18220a4f5d273B8159Da014,unknown
0x81F7fF99aa8c4D1377ED9f8C2c160C5064829Db2,unknown
0XB83fe99ac20da1dE7ac641b0f1138a1134227c1f,unknown
bc1q4saraz5amhj5x79hzqz3udcv55z2hc8rrzcg6m,unknown
raQwCVAJVqjrVm1Nj5SFRcX8i22BhdC9WA,upbit
0X4A3fFF5440844e7D4D796A7b7113C688a15d5B3a,unknown
0Xe07886d27f4feD7dEAe7b7F127D878d8b3861445,unknown
0X3c387B9271836290cA5f204B5e4265d760D87814,unknown
0XfbF59e6d1c91Cac2eF35cb3BA037bC8D03C240AA,unknown
0x098DE1ffeb4d24E42cb7036a344A995974f36654,unknown
0xe95f6604A591F6ba33aCCB43a8a885C9c272108c,unknown
0x70081759DBC730fD417378B8D079c464006ae1DC,unknown
TY1qmW9kxFUG1FgyB8QW5m9i7XGydCXg,unknown
TY1qmW9kxFUG1C1FgyB8QW5m9i7XGydCXg,unknown
bc1qqnq4vyjjwy9hae3l92le8n66lmzc594nd9fj7e,coinone
TTKAhQk8ptLprucGtua7KgMN7EHKw1qnKB,unknown
0x713e791869da7ead860466250dc3921e15c6df11,unknown
0xa8187F9ab45622aEA5045678bb7C479C165bEca6,unknown
0xa8187F9ab45622aEA5045678bb7C479C165bEca6,unknown
0x4976a02f38326660d17bf34b431dc6e2eb2327,unknown
0x4976a4a02f38326660d17bf34b431dc6e2eb2327,unknown
0x2b0e53ee99c52a355828b421333a87ffc1010d42,unknown
rNU4eAowPuixS5ZCWaRL72UUeKgxcKExpK,unknown
bc1q6wsqg80rmm97pg8nudvkrhs45gr37rmh33ajva,unknown
1EnEDavLMujvFrRzQS2rczD5udPoYEqac8,unknown
0x7D1AfA7B718fb893dB30A3aBc0Cfc608AaCfeBB0,unknown
0x6982508145454Ce325dDbE47a25d4ec3d2311933,unknown
bc1qg2stzsd579m1aqf9fvytryagpap8e3jw3cpe6k,unknown
bc1qg2stzsd579m1aqf9fvytryagpap88e3jwcpe6k,unknown
bc1qg2stzsd579mlaqf9fvytryagpap8e3jw3cpe6k,unknown
bc1q2q8fvkfp3pmp9gxf0tfvkrhnxeqwrs4d8dcq9r,unknown
bc1qfgmuh90zjmketpw0u6gqxtc3hdt420wf1fzs50,unknown
bc1q9hq3du9jr7ga319vwm1vcca233crnzp76cq7uj,unknown
bc1qk8jtzj5q2epx20ycrnf9jyccre58vklt3jaga5,unknown
1Agc51iviMnrz9fUQUcm7cb4Sz9uc8pf2Z,unknown
1NVMABCfbhPb6sBNwqgzh7xZWNGcebLf3o,unknown
bc1qa7lvxluxeavrq6ux3kqu6wufeuwpkcrz673675,unknown
1Agc51iviMnrz9fUQUcm7cb4Sz9uc8pf2Z,unknown
bc1qezsuknxzzfkphqn4lueypxe338xr6w9hr99kne,unknown
bc1qa7lvxluxeavrq6ux3kqu6wufeuwpkcrz673675,unknown
bc1q7f92xtjheualdvrj8afqg03ym2c5h93szykku0,unknown
12pK4d4ZYjWiqqcEvQJqcnEjXzW2629t9T,unknown
1LivN5GFFzgWgRi1GRodB3n31xFxwbg1gN,unknown
bc1qsmm8j8a38ecrnmfnhdz7h3n4rkfd9s9pyqvhpk,unknown
bc1qm34lsc65zpw79lxes69zkqmk6ee3ewf0j77s3h,unknown
3Q4ZTWWcqbdGefMUuSRSyDjUdboN1hXSu7,unknown
bc1qm34lsc65zpw79lxes69zkqmk6ee3ewf0j77s3h,unknown
1N3XRsmfJq4iucMs88vjkyzPswKDEpW8eQ,unknown
bc1q67cfulq65gzqvmhfk3mgrs9q55wc2ry5hqm84x,unknown
bc1q67cfulq65gzqvmhfk3mgrs9q55wc2ry5hqm84x,unknown
bc1qwfc3qg393g95dftmn5wajp0xurwlpjhw8c2wpt,unknown
bc1qz6qfpmxu63d7thlk2zdp5lls5zkhv39288uwmf,unknown
bc1qz6qfpmxu63d7thlk2zdp5lls5zkhv39288uwmf,unknown
bc1q803nfrql6e8amc4aqeynezlynq7wfuelh8sgzm,unknown
3FvCweCorYnRairoWXoYf2PorLmZ95tNNy,unknown
3GAJkqmK6D4t49dDUK5vH9AHy9FSzZvhWN,unknown
bc1qtmadn0vsxjunz3p35tjur0c4a0965lhay58dpk,unknown
389PkXVda3uAyTDoRLXdcaoX8oia3uvu8k,upbit
3Lw21aMUDBPd5gmKuyEJME3sPTN3owtDRx,unknown
bc1qtlfn5n4hvfw0wvqyy9a449sdq5nxk3n5ulxa0y,unknown
bc1q502y46wrpg0zl4t2t4g407e2zdtaqsywgkrp78,unknown
bc1qa7pypp67xgn5dmgxrst88ku4v7qccwh0lsagc5,unknown
bc1qsnzrkea3y698v4zkn8pkvd0wu6wvw0drk4qj2s,unknown
bc1qyyh2zu56euz6hdfps53kcytc4pddcalpm4fngp,unknown
1DJCejpPQr5s4YsnPeQikXp6d9dzPxPuTS,unknown
1E9HMSxoe8VMiKxtwWWMn9pyVYzANE7GUN,unknown
1734a59jDhkuUff9e9v8T1f1ToAz7kghDQ,unknown
14887dxUD1xdxVbsEj7qLWAKWaXjL1ZUpF,unknown
bc1qdqgqsqjwaux4eh5r5lrd6xw0t3x2066cdfnxpy,unknown
bc1qpc4tt0lqv7rpud4au0nxxp8wnlzg9vc7dxn2sx,unknown
bc1q0pydw7k0m2ejtjqcv9ae6pg462ypvghgz98rlr,unknown
bc1qxlxhu43n6a9ls8wzf8x8nxw3skphzwurk9w54p,unknown
1NP9VG1NMJVawFUT5yxnfFQsjcdvVrbj2d,unknown
36UaCWunM1C9iZsZMxp5yaFgJm6fBVwEqc,unknown
bc1q94engn4aqlq59q8mzpre6z8258umymz0a095d4,unknown
bc1p9ur5r2l890js4samjupxu9rp3pwcmnrw36jz8yunnmh0m67evxasvtcszn,unknown
3PL2aQUYesQ8W4ZiJR26SLwZBA3stWrY1Z,unknown
39aLEeN16556ct4i9LpoEoSoSpkq4L8EUm,unknown
3BJup4PB3dmyNaoHVznpLeGvS6iBAKtaSm,unknown
bc1q68m5x6vzfg388ph2mfx0agrgm8qzxg9h5jflqr,unknown
bc1qahzpaxq3stdy3auduyxwvyj8p0uk0zs3ys6k8f,unknown
bc1q0sscqgw7e8zz97uw2stvejrcmx0up67apvrg78,unknown
bc1qz6qfpmxu63d7thlk2zdp5lls5zkhv39288uwmf,unknown
bc1qtps7c8xzk06j8r6a8amwq0dw5ll2eq8y9exn64,unknown
bc1qf02glpdlnp2cx75jkcm30edx3cwxjx4s9qtjwz,unknown
37Wy2fz767eR7RXRrfk6cGVWuNam383hXy,unknown
bc1qvk6d36sctsv0j0fh2k8h5z39lg8wg42v7rv8ul,unknown
3JTY9Ds4HKom5nBWF3UZHSGSFax9JUWBaJ,unknown
19sMp94hPn7FQankR5HpkbwvKnDgabrwjv,unknown
bc1qzxgeu7mpm95tuadfd7leqjfjru54yh7unl23es,unknown
bc1q26u8klchzv8j32nl6x0h2tmxqe9dx9mkjsjv44,unknown
bc1qs2he24xvc96m7632pphgacvg6djhvj237q236r,unknown
bc1qce6jx4tnjgj6xaen25m8h53yut9474fl3ca2l2,unknown
39eHoA2jSMAJzfzBgryee5eaj7sGtcRiNB,unknown
bc1qnmyg5hfgmwrut9fcde2jup3hm7vwle233c73rn,unknown
bc1qt9j0e4l0y8850uutuj3g9xpyufzzajrlzpakza,unknown
3HQAHVNxHmo8JG1McjgrA5TkhzuoXfYtwu,unknown
TF3nZwUBMI8eJUWKCUYemMmFQX1CTiMo6h,unknown
TQ9LqmgS1ED32RsvN1ZoomJiKjq41WC6ak,unknown
13MxPvojqotEmFXtAXrEcprDT9K4NiwHrr,unknown
bc1qsj32zchn324jl3zanw6xx4pk672pxv6nqsfugn,unknown
bc1qh9gh4gtmjqm72skykhhm0xmauk9ay5380vhmpu,unknown
TAiSGjDht64cSteK1dzWyqtw9ANAGTuqdN,unknown
1E4wTKtmjJN2EMEfYQfTmudyzfDMNnoYCM,unknown
bc1qs37ggzw5m43fcazsp93c6jvhccu2ymalj9kjyn,unknown
1E4wTKtmjJN2EMEfYQfTmudyzfDMNnoYCM,unknown
3QjJLcnYjKF3xZU28J2LFHFcrYBqhcpUyp,unknown
1LZ3M7WUB5v4eFEK93VjBpyf4JM79AYQbv,bitsum
375wmBc4rwoHHfkxr94XwZ6EQmTeUSDw7d,upbit
bc1qwjqpl6ju92c9mswv7wftw9el7eshe6tf5yzmcp,unknown
bc1qs37ggzw5m43fcazsp93c6jvhccu2ymalj9kjyn,unknown
3DGxAYYUA61WrrdbBac8Ra9eA9peAQwTJF,unknown
0x68fA259305F56Cd14C0B9401B5F23cb9EaCB31D9,unknown
0x7d08b29C983A81Ee256fFFEc026Da3252a1A0691,unknown
1NNhXBeQkaHHTz22BhWt8WWSc4NB8fFS5q,unknown
1CNyq7XpRNmd1sFEwFhAm3GRXrf7gLvXpD,unknown
0x11ffe6dcaf2d943f1b7c95d0570fc5d9626f3b97,unknown
0xb40637e6604Ed47c2698dbCbedbAe3A2D39B6322,unknown
0x0D1926F7A66F2f43415716ea605FB173265Df48c,upbit
0x8B30D0F1b5b3F1fd7d9184FcEB3814d6e5538747,upbit
0xdCfB1850b8E54FEb18672c81b2b950327fB97C31,upbit
0x6190ed7BCdeFD9aC9F3357510c5d6bfC4b218B75,upbit
0xD4c68828ba392BecA6D3f33fDBA37a23674d7788,unknown
Dvv4ZtrImJvDCmSbQB2jcQy7cSqlDQBNiyC3b5nRtpRs2VH4kjNU9MHCUDMn7R3x,unknown
sDXpaz3Roy2A6mTaSIyyHh8tbkMs62zI91yOrwxH2qS5YPz1Ab0pWqqyzawd1OyM,unknown
0xe3250B370521ebf21dEC8D071d8b68fA20A78865,unknown
0x0968effE3363b95edbAa4af60cB7De90bFC79C83,unknown
0xa675689548393A05cE985ADE4696a8fDd1770AEd,unknown
0x17416F738232A3019AeEBCbB58C26E065aD239f2,unknown
0x051532D7BE9FF367c6d711Ab8497a083509C074E,unknown
0x371880d7B927922c8098cC8433b4DDe46c8492f1,unknown
0x0F0E365ef3f4D5B4E03928B49d1B472895b83d11,unknown
bc1qlns3saqrpank96hyhjqyvu8lecp4z03sugygyw,unknown
1BQqzttC4LoNRgKssNe4Qn1q6JDC11J6n8,unknown
bc1qhcspn24dnul35eyngqg9wz2ap8lcpmwx79339d,unknown
1128Ev6iMRQ25SuGAnrekSqbW8aQpX5PZQ,unknown
1E4wTKtmjJN2EMEfYQfTmudyzfDMNnoYCM,unknown
bc1q04yq3r68m0xj0fxf02ehm23rrjwrat0vwjl7dz,unknown
3NB6hHd5B7bNMQNV6nUoayESPzEtTXS2xZ,unknown
3GDgbaYyoKyY1qc369FhoiqxRCBi9aaHNM,unknown
bc1qa2ug5cfh32s6z90z95hyhtgl737hs44nrzvgml,unknown
1HSSLSc9tvSaZCM3ZxEa2vLPLx7Dy28oSe,unknown
0x97122ddca38c29b7653d52b07998d06a7128fa0b,bitsum
0xc0c50c8a7ebdfdb0f81e076b1b19a9e6bb019fb6,unknown
bc1q5df7gdrct84xys5a7n82cz3tfmfzvnkgv0d3p0,unknown
3QrAyDVzX9DgabG7N9kJAPKsQAd9Xofph2,unknown
bc1qv7zdr4wu47alffww72dwkf72rjhm2q73jyd3m2,unknown
1AaXrdJXaqtcsqWft9njRFkU9XVfamEguo,unknown
0xa890db6d3a46f63a3583af975222a27f6575668a,unknown
0xa890db6d3a46f63a3583af975222a27f6575668a,unknown
0x152982dB3472D69ae17c63A9c7858aEF60A3E225,unknown
0x4Fb2ba757f7260Ffc0f702D0058BC0A2c0Ad9db8,unknown
TVbVFiqeJeew4xXVAtr7txdYPzyuGB5W2M,unknown
THsqaob8ck9XPcHagEsiqhEtCHVsnQfeUF,unknown
bc1qut3ghmqcvv50rnaz305t88y7r9susez37ngy2l,unknown
bc1qw56es8vtn7j67tn393ug3rs6eqaqm9hzsmg6pq,unknown
bc1qcm3pnmyk5sz0p9knneu7egy2g0dk8t7mrl5c2s,unknown
bc1q6j0yn8k7hyvc206dunnwrhvm92245cqn4wrh2l,unknown
bc1q3aze3nutca4s63fveavy0ada7l2pqypt3xaj5g,unknown
bc1q4ws6h0uhr47grfxvgcyd9pgd86pzhmjexqzhc9,unknown
bc1qatqm5zsu60vk6vk0l9n7jyzs5s55zz0e9tpdg2,unknown
bc1qp06msqyntf6f29ygwk58hmtv0u0xtaujmjy6tg,unknown
bc1qwjqpl6ju92c9mswv7wftw9el7eshe6tf5yzmcp,unknown
1NZRND4gxM1aWr8478r7qv5t6WBAUSaBdd,unknown
bc1qhcspn24dnul35eyngqg9wz2ap8lcpmwx79339d,unknown
0xa890db6d3a46f63a3583af975222a27f6575668a,unknown
3DGxAYYUA61WrrdbBac8Ra9eA9peAQwTJF,unknown
TCpeKxGY8qgBayvdNtksL52xUm67ubS7BJ,unknown
0x63C86b4999D87Ca43cCE8b44f3D65fb8544b2166,unknown
0xa890db6d3a46f63a3583af975222a27f6575668a,unknown
0x040502e727163Cc86478B23DE5842A0aC5f96659,unknown
0xbe29ad14078230857e7318732eb31b355a91be339446d6cb054e3d4d85dcbfaf,unknown
bc1qjj9wj6kvkq3ctdrzx7u28pfujdn774fz6hrzd6,unknown
bc1q5nw2z5zufk37g3hk3mdan4tt97jghfz8frm0yf,unknown
Ox412f156d5741e8dd521738ee2aefe9482043de089ad26279a78370880efcd652,unknown
Oxcbe5e5ec55d4cf9e5714fa2cd82f7d2844209192038b6aa757d48b7eebbaa61e,unknown
OxCA9054db73C10b2e3d596805ce2433f66ec4125C,unknown
0xCA9054db73C10b2e3d596805ce2433f66ec4125C,unknown
TPQroW3JDbyMuWBPqPtiCyv7u29uv1ez,unknown
TPQerW3JDBMbyMuWBPqPtiCyv7u29uv1ez,unknown
TPQroW3JDMbyMuWBPqtiCyv7u29uv1ez,unknown
TPQroW3JDMbyMuWBPqPtiCyv7u29uv1ez,unknown
TPQroW3JDMbyMuWBPqPtiCyv7u29uv1ez,unknown
rEb8TK3gBgk5auZkwc6sHnwrGVJH8DuaLh,unknown
rEb8TK3gBgk5auZkwc6sHnwrGVJH8DuaLh,unknown
rNxp4h8apvRis6mJf9Sh8C6iRxfrDWN7AV,unknown
0x40f5b8eeec5762ca11dc9a48b6e114e04d2d884e,unknown
bc1qze8k2sn6zgyf678kuaw7ksfqkwg90nr9lm0lf9,unknown
13mjdRDzKmD8ApzyNDq9T8p2xaEp1eWoJZ,unknown
12NVQp6zJzPs626YVY89nsZzT62nvEW5gP,unknown
bc1q2xjdyunnuuzgu95vpf9cmeqzkcqjl0q578kj60,unknown
1BQqzttC4LoNRgKssNe4Qn1q6JDC11J6n8,unknown
bc1qcmpm30ufsam3kc8q4wz39tc5qeltv9f2rjenyc,unknown
bc1qa3uvu064s9mzszqry3z6ze63x0gd25g4xpvst3,unknown
1m9LJisXNGroADMtHRXhqP6634Litcbo4,unknown
TH5h8sHfiQxJo7Ff5d2tFUwymfzAmoXBWz,unknown
TPkWyPBu1ZeVHKrGCmpggbF5eU4LBHGS9u,unknown
TGdsUUF7rYvNa5rYPa9wznVhm7AmNfszvy,unknown
TUpHuDkiCCmwaTZBHZvQdwWzGNm5t8J2b9,unknown
0x0f70cAe1286fcc6f2ec0f6f6Ba4B831e17463F2C,unknown
0x7790a6DAe3174A60E171A25a040f913b5d6054d4,unknown
0x8f6E8cDFA6Cee7080864dcBB6b973d17d8D80a8f,unknown
0x94B83B4b1A278036EAD446A3776e3e470d3F2d7a,unknown
0x32a487F38A861c54d596E25260F5C51839f090f8,unknown
0x438e088d8b28802e1ce234dcafbf7c85e2944379,unknown
TKG94Lx3WaBaUVHWHU8V4AzAUtwNH9ikD,unknown
TKG94Lx3WaBaUVHWHU8V4AzAUtwNH9ikD4,unknown
TKG94Lx3WaBaUVHWHU8V4AzAUtwNH9ikD4,unknown
TV6MuMXfmLbBqPZvBHdwFsDnQeVfnmiuSi,unknown
TV6MuMXfmLbBqPZvBHdwFsDnQeVfnmiuSi,unknown
TJtEySoVuAkk3xwXghLgrUFVKSMq9JkE18,unknown
0xAC17F958D2ee523a2206206994597C13D831ec7,unknown
0xD08dCe7cF6971BA2F33daC4632CfE0fc46743128,unknown
0xdAC17F958D2ee523a2206206994597C13D831ec7,unknown
0x61E6950358b1d2dd97E923dDb68d5749fF5152d1,unknown
0xa8c7E000aB8812B126a142d6b1d889EE23d89CAf,unknown
0x1Db00A695272f6e5fb015af78b12A6351963cce7,unknown
0xe9Db37e924d50f4AE969181A60E6fe2724A856fe,unknown
0x28C6c06298d514Db089934071355E5743bf21d60,unknown
0x03599A2429871E6be1B154Fb9c24691F9D301865,bitsum
0x61c7f71a19038eec29420e7475d974131d06a0ba,unknown
0xe6e46ca039e76b03c6d3d186d1331e58de1f202a,unknown
0x3b5F0Be12316F61dfeD5314Cd751064De363C014,unknown
TJUmSLmgUgPG5opPMuDkVMu2BH2UCP6syh,unknown
TPW9QABv6jkosKqtB9Daa2438r8UWVMRHt,unknown
0x9b18a064efa46e078b6a84edb63210f12bf5b415,upbit
0x3f8f49Dd7D0A9daF3220a076fe3B461b585310A6,unknown
0x70d0a4888c793f8ec3e26be970ee42840e3a358317de35c7fd0d16aad28d200,unknown
0xF02c5de09cCcf60BE05dDcddab506cD75F5Eb33B,upbit
0x9c704594F76687Edd9632455d1bDD23Dcc1dDf38,unknown
0x5b990C664aE7E759763ACfEC76E11c289c53Be77,unknown
0xC21117C76aCE2621611A4b5D52d9082D2F3dDDf2,upbit
15ff854WzVHbT6cm4y7KuUFY4Jg9c3NoCe,unknown
0x4455646b7aee4bCb1efE384c72CcD1a28765E1A5,unknown
0x2c830d7cD997fbc292478b9864FC3A420aB1D951,unknown
TNpY6rdkzX9SriYCPjmEbcNJKXgYvAqC2J,unknown
0x3052cD6BF951449A984fe4B5a38B46AEF9455c8E,bitsum
TSWkxrkrnu9xWoi2ZnGXPD669ZbnUptvox,unknown
0x48bB7579C70Da30A9E625A6E6B5b583a5a956570,unknown
3KKKURyj5icn3fs8g5JsgfQ9sBpyD2wKCt,unknown
0x0016C0d0343e8f2c3A7b6A51606B84B1545Ec606,bitsum
15zHSuu55SWkH9X4gQfDDwURCztR7FXC6k,unknown
13ik2C99EQgmZg4RDGwsdpQaQdYRnLvHnZ,bitsum
15zHSuu55SWkH9X4gQfDDwURCztR7FXC6k,unknown
13ik2C99EQgmZg4RDGwsdpQaQdYRnLvHnZ,bitsum
bc1q392u6r9kyl5f748ykqvhvaj8kjps57yymajtd0,unknown
3LERFpciWpx7VpTp7k7euWENaT8haAHzig,unknown
0xc79f4b94d38bf5acbe5dd0db438d0fd29324f28ed9bc654637ac3b2de2b50d86,unknown
0xf9259444d2eeb3925b8fb8a31302e8e44c953a10,unknown
0x7ad230b152880629b8581ac32b2b47a61d1ffe82,unknown
0x3ab051cfbe80976f81db0579bfde21fa4c81b960,unknown
3QjJLcnYjKF3xZU28J2LFHFcrYBqhcpUyp,unknown
TFrMMvJgQwnypVVB9DbJdL33S9LLpj7Dej,unknown
TFrMMvJgQwnypVVB9DbJdL33S9LLpj7Dej,unknown
TJ5TeTdGgpB3rFFjSFPF1Bsi7Jn8MH26pn,unknown
3GDgbaYyoKyY1qc369FhoiqxRCBi9aaHNM,unknown
0xfd95b9aea0d0e6e49bbc9fbe78b2bc09e46d7703,unknown
bc1qwp798h6rx2hkxflqme5vsxrnplg5dmz3h22h 4f,unknown
3QjJLcnYjKF3xZU28J2LFHFcrYBqhcpUyp,unknown
0xfd95b9aea0d9e6e49bbc9fbe78b2bc09e46d7703,unknown
0x97122dDca38c29b7653D52b07998d06a7128fa0B,bitsum
TPkWyPBu1ZeVHKrGCmpggbF5eU4LBHGS9u,unknown
TGdsUUF7rYvNa5rYPa9wznVhm7AmNfszvy,unknown
0xDd47F02441D04e8F6f82e6aaA59100e10eae60eD,unknown
TZ6nh8gZcbbmGvXX9EA9wMwU1xgRC2gESg,unknown
TZ6nh8gZcbbmGvXX9EA9wMwU1xgRC2gESg,unknown
TQkiCaOiA2oA8VfapK4WibNo5Zaw5lctTP,unknown
3K9q7AjuX8F8hqVA59ySBDRRPRqzlyqgSn,unknown
raQwCVAJVqjrVm1Nj5SFRcX8i22BhdC9WA,upbit
0x0b399152229CF8b155073E76057761f68Cdaabd9,unknown
0xdAC17F958D2ee523a2206206994597C13D831ec7,unknown
0x196bf11Aebc956772106E917c9a141A38D30e9b1,unknown
0xEad5A33E9aE55846A 6C6876e0C489182FBa9d5Df,unknown
TUMw5C2gqCqcwutg7yi bjzhtuv9RsvL5GG,unknown
0xEad5A33E9aE55846A6C6876e0C489182FBa9d5Df,unknown
TUMw5C2gqCqcwutg7yibjzhtuv9RsvL5GG,unknown
TKeei2f1BfhvRMrGCCVa4H5HgS5HwZomr9,unknown
TZDF2Vuv7QNheXDHGs7g2obNLvmXsCTHb6,unknown
0xEFb2E870b14D7e555a31B392541ACf002Dae6aE9,bitsum
0x97122dDca38c29b7653D52b07998d06a7128fa0B,bitsum
0x2546564d2a6edc20EC307Ea8d74b166Ef91F79aF,bitsum
39Zq6vqvvB6RTVaR7XonitTk2YT2A7C3eU,unknown
0xfE140AbF5EFE919b531C3721Fb642CA80D24a71e,unknown
3P2SGyjwBn5skxQEvncDe7XeVKnCLeTafC,unknown
38MrA8QYnYRxopmvYuf1S1L6BGpoCdLzjy,unknown
329ULi6FwJZhMGUZvb8e2R84pbkYQJ7wZZ,unknown
39jQE7S9PLFoz2Kqxz4fudPaUtmFeqo3f8,unknown
ecb55c9f41edda5ff8f5a19f79315e926eb85c76cf1f50e46ff84f54f7ac6844,unknown
3CiX2y3Z2qjWjWT4XwEmeqqjYFHpcbR5rW,unknown
E140AbF5EFE919b531C3721Fb642CA80D24a71e,unknown
TZJV3szCYm9UR6iX2esKUTnjBA2DJRBfCd,unknown
0x0084Dfd7202E5F5C0C8Be83503a492837ca3E95E,bitsum
0x331161e425c03026ead7379732cbea281d6d4dec,unknown
0x566b17c5bdcb9b963e0b8c58efc0697fbbe13e90,unknown
r9MHYa5Cvyfv7e1j8uhV4WNANJcRMkDboX,unknown
TAdxDtZfhRtzSvzMUtMLLphrX78u9Hnp7x,unknown
r9MHYa5Cvyfv7e1j8uhV4WNANJcRMkDbox,unknown
36nPwdpWsjk9B7bTTZXDqpyGnNFS18aqzR,unknown
16ieDHhAKViyLCBQ5cuGtnehbM4g5bY5z,unknown
1LJTUFZKmACvVyJib2pkc3NSbjVYznHM1K,unknown
1JD54stTnHXiszQ7JbRNRzPC56GxULbctq,unknown
TNxpR2zmVscKMvyJpp3KMJwVCKfPGqa231,unknown
0x2E9C19c57729c884B87778Fd376C06DA42Df2ecb,unknown
0xee1e9e04D533e6068bD4F258713719200b6682DB,unknown
0x1b14ff20a5a0a9466dcf6c55301eb891a4ea3d35,upbit
0xdCD742B8D8108fC70c854ed5A664f932FD75a0e9,unknown
0xc4Df3c861dEa67946E5Fc216D1A1D40F55F87aE9,unknown
0xc4Df3c861dEa67946E5Fc216d1A1D40F55F87aE9,unknown
0xff6fbff5169bcd72e84aa8df46d0fc8ce9422979,upbit
0x75430C889F8CB5b3eD4f20823366fD636BcA6629,unknown
0xc4Df3c861dEa67946E5Fc216d1A1D40F55F87aE9,unknown
0xff6fbff5169bcd72e84aa8df46d0fc8ce9422979,upbit
0x75430C889F8CB5b3eD4f20823366fD636BcA6629,unknown
0x75430C889F8CB5b3eD4f20823366fD636BcA6629,unknown
0x9627e631e3e098fa0ed203f1614d6a9400a6e631,unknown
0x01c94e39Fe3ec9cd3bA4cd59Fdd7ac625f8efE91,unknown
0x1d4c1477BA9D47Cd6c86e04E5A57CDe603e6b3f0,unknown
0x06fb77a010f388eb1dfe7630768786da333b5937,coinone
SP15ZEDV9HKJ33E0QZNCHCXMJD0KAQHDZ633V1JVY,unknown
SP3MZ52ZTZ97V7088D1ER683A3CKCSFFSEBSJSZ,unknown
SPX8T06E8FJQ33CX8YVR9CC6D9DSTF6JE0Y8R7DS,unknown
SP307BHDXSX759Z2XFAM405REWVFJK05HKG7BWRQB,unknown
SPX8T06E8FJQ33CX8YVR9CC6D9DSTF6JE0Y8R7DS,unknown
SP1P72Z3704VMT3DMH992CB8TGQWGDBHD3RPR9GZS,unknown
SP1P72Z3704VMT3DMHPP2CB8TGQWGDBHD3RPR9GZS,unknown
SP3RFAZMSH6YA1KTJD7D7DN997AG2DG54E3Z9ZJWYN8,unknown
TTr63CCMQFserVeYHHiRvZ4DMNenk56Xa8,unknown
0x137fCc71e3bE35b45e6246e5F3cDCFf2c457af78,unknown
13HiiJTsUA1Fgt67xY4EejAwTbMmbGx84i,unknown
0xc4Df3c861dEa67946E5Fc216d1A1D40F55F87aE9,unknown
0xff6fbff5169bcd72e84aa8df46d0fc8ce9422979,upbit
0x55d398326f99059fF775485246999027B3197955,unknown
0x2e574b2631cd6fd495fc0b800e3f399b1317fb832214bf38c7b27b5a3f9b9c83,unknown
0xc4Df3c861dEa67946E5Fc216d1A1D40F55F87aE,unknown
0x75430C889F8CB5b3eD4f20823366fD636BcA6629,unknown
TVrZg8AkrUq5LhuNSFfG7MfmzRTcvSXQ1H,unknown
0x379714c94ba3a38963CD209291E33fAa66d97cD6,unknown
0xfE140AbF5EFE919b531C3721Fb642CA80D24a71e,unknown
0x0lc94e39Fe3ec9cd3bA4cd59Fdd7ac625f8efE9l,unknown
0x01c94e39Fe3ec9cd3bA4cd59Fdd7ac625f8efE91,unknown
rDjsaQDsydjcCAn2ERgSLsK3gUVWdlZ2tk,unknown
rDjsaQDsydjcCAn2ERgSLsK3gUVWdLZ2tk,unknown
TMCggoW1zo682Q4d89PTy17fppELgpWigD,unknown
TXrauXw2wazRPZd2Q5tSYRnFveCyeaCign,bitsum
TAAZ4qWHweA8XGLwMxs93R4uQpCD5cvjff,unknown
rDjsaQDsydJcCAn2ERgSLsK3gUVWdLZ2tk,unknown
TJZZxrFgQ6YRCPktoniW5jmxc,unknown
33qsDKJq19z5hLTFGoDEpWwwHMRrmXhTac,upbit
3FbJggpjbTXEdemtu8gAivZAJ2fWQj75AM,upbit
34nBZR9YCUy1gTrgZTC9avUcHTTUiFVecd,upbit
3LKVA7rWhHTWJNv1ciHwNCfamTNRhcsoaA,upbit
3MWUrkCU4eq4KNn6SjUBQCr8D1YR4Bg6j5,upbit
3EhFPVVCWT1qykY83Jnz14NnC8qrmo5nGu,upbit
36TRTKF47zxPKmvy391tC1cQhVpzdJiv6A,upbit
3QuofPtZinGjW4W3Sw8ABESMwFUtBfhDo6,upbit
356uSTCATDoDzx8DFjinQL1RMwD8DtSKos,upbit
38ibjDPDfvuE3GwFDM9kumpWG86637tJN1,upbit
0xb79E02c320ed323e921783ff7AC49108985aB917,unknown
0xb79E02c320ed323e921783ff7AC49108985aB917,unknown
0xb79E02c320ed323e921783ff7AC49108985aB917,unknown
TAAZ4qWHweA8XGLwMxs93R4uQpCD5cvjff,unknown
TCuGXswtKqRQTSfDkmgEsUCGvE8PoW7Qa3,unknown
0xff6fbff5169bcd72e84aa8df46d0fc8ce9422979,upbit
0x8A076A46AB87B5EF634259BF1c654B137BB26825,unknown
0xf00D03eb00A8dBF174E925AFDa9384feAD8457CC,unknown
TF8h4baJo6Aa6AEM5DGosHbkPHktEghjCN,unknown
THDyvD9WeaK7nF1DRe8CTjdgz3tChsb2Hm,unknown
TUsrKGeXAnrdeZVjMhw3AVT58b6CfFZtEN,unknown
TWpmSK4WcYLgSCYthJCD7iieVmE3yUjV5e,unknown
0x49D2BA72B18a71CCE607C2Bc1EBb9D823DE6DfF,unknown
0x0084Dfd7202E5F5C0C8Be83503a492837ca3E95E,bitsum
TFnV94GE9Z74oqRugK9oi8jZSExK5S5LiP,unknown
Q8Vy35qtJnD1mw46hKyyTjjDoGqKGeYcs,unknown
TNfwUqbGXMtK8aKTym2LsJjA6xBaCf534c,unknown
TWpmSK4WcYLgSCYthJCD7iieVmE3yUjV5e,unknown
TNaRAoLUyYEV2uF7GUrzSjRQTU8v5ZJ5VR,unknown
0x6853aD827722AEED9BB8b733DE70f4545FAFdEf6,unknown
TJhvaxiK9ufRVUpRayEeXAWN3oYhRocRWi,unknown
0x741555Fdf5D5188828E27f1fa14f89a85Ba0D821,unknown
0x7ea25ecc81510794611c929d44af6869d3debede,unknown
0xdac17f958d2ee523a2206206994597c13d831ec7,unknown
0xe398b1062bfee5718ade346f4204f6c81bc267e3,unknown
0x7ea25eCC81510794611C929d44aF6869D3DeBedE,unknown
0x3FcFFd646FBda94CFf026b19aD3bE63D084De974,unknown
0xa862a71232143807d6c16ac2b77f1ae09c05eb57,bitsum
0xc0e2701850167388Ff9995Dd62109604357D346E,unknown
0x67821a32BAA46525C8752a9FC04f1Ed7Bf24B4dF,unknown
0x4177b1984a4624062faF018341679615deafCB69,unknown
0xE0341d0c850592cC72EFe07b206F15f2D68C7691,unknown
0x742E6A580346dF69a1b6c9aA640861f7560B7AE9,unknown
0x741555Fdf5D5188828E27f1fa14f89a85Ba0D821,unknown
TRqM1aecgf3vqVsty8znBxMf2WTeGvecJZ,unknown
TJV2NuiExJEuiCxh5b2siroPAGNnUKUPGW,unknown
bc1q4ny9fcue0fdchsz63w03lwdxj3v2g3gz40r33g,unknown
TXf9bSmqCgYpZqu4GCH4EPeS1H4EPeS1Htyn27QQ8,unknown
TFXCDDjwwpEPPKB2gMoAESbPUApsF,unknown
TXf9bSmqCgYpZqu4GCH4EPeS1Htyn27QQ8,unknown
0x741555Fdf5D5188828E27f1fa14f89a85Ba0D821,unknown
TAgkbLXD4PpSSZEyaWez4EBiWuCh38Clc9,unknown
0xdb6f23f7365712ad3082e7c0aa63c7f6091cca80,unknown
TAgkbLXD4PpSSZEyaWez4EBiWuCh38CLc9,unknown
T9zwhQDyy3SF6n5PpDtcqjSwTaG6dBj8w8,unknown
0xdAC17F958D2ee523a2206206994597C13D831ec7,unknown
3Dq4LEWC9HZknhrKAkefem4KbyVX1YGeY7,upbit
0x1d2896b2b8cd23aea538602a4963a576d2ebb50b,unknown
0x1d2896b2b8cd23aea538602a4963a576d2ebb50b,unknown
Ox46004ef98850e5a128ca547748b2e34054248837,unknown
0x46004ef98850e5a128ca547748b2e34054248837,unknown
46004ef98850e5a128ca547748b2e34054248837,unknown
0x19a9C1DDD6f5E2E994b46d4891aF120c0F9524e6,coinone
0x46004ef98850e5a128ca547748b2e34054248837,unknown
0x19a9C1DDD6f5E2E994b46d4891aF120c0F9524e6,coinone
0x47877F207b35ab00210Dc5D0c112B1e718f52d92,unknown
0x47877F207b35ab00210Dc5D0c112B1e718f52d92,unknown
0x096BB159F193D8dC7128A6a34758106c4448e1A3,unknown
0x28c6c06298d514db089934071355e5743bf21d60,unknown
1D031D4A92D263A5FA7E6A3996B7D6598F30D90723C94CA99309777AAF050CEC,unknown
0x46004ef98850e5a128ca547748b2e34054248837,unknown
0x19a9C1DDD6f5E2E994b46d4891aF120c0F9524e6,coinone
0x7B95EC29c53166d390565D31a28e1fbF9c3eC684,unknown
0xA7DeD5991522DffE6070c296B05eaea23416CB31,unknown
0x0F63702aB05B3D551A29d372014ba235f384706D,unknown
0x7B95EC29c53166d390565D31a28e1fbF9c3eC684,unknown
0xC8B112227960a1E463E42FBeEA8D90327C6A9e2c,unknown
0xcf1ca72d97b3b50d602fce822493a6b1af0e696d,coinone
0x0B9F623F3eC3be84Dc6FA90a2A07CE133667c25b,coinone
0x42eA9fce96E71B4E8E95b0Bb7D7de021BAbf079D,coinone
0x36c88a337770e94b60e040cD50E9054dAEa953Ba,coinone
0X639ce65d0e17b25eba3001942de7a7dee6bbc660,unknown
0x639ce65d0e17b25eba3001942de7a7dee6bbc660,unknown
TMeUBhn6qab7spajXrcQfUnmvjXy8XesAi,unknown
TXL9SKNRk2w1qYjr2PfPXcKTS2RnX5Mk,unknown
0xA7b05343B2001B9e6e051d8b09d815449D116a5B,unknown
TB3Dp5k22KUK5WTDqfiBLut9P4z8u6nDr1,unknown
bc1qqducf33lv30c6500smr4hxr9kclk76wc42xrpc,unknown
14G9gMBzYFgfdC6Q6U5zWL2aCrm5r8Sj99,unknown
bc1qrjfq7s4vdrslmmhv4tg4zvandwu33dlvlztemy,unknown
TW8ZBgKzsgyFKnzE7HztDbX73sJqN7umQ,unknown
TYmzk5Qjiq5AK2PrYPSuSyk7JzWrpy9FF5,unknown
TW8ZBgKzsgyFKnzE7Hztdbx73sJ7qN7umQ,unknown
TW8ZBgKzshyFKnzE7HztDbX73sJ7qN7umQ,unknown
TW8ZBgKzsgyFKnzE7HztDbX73sJqN7umQ,unknown
TW8ZBgkzsgyFKnE7HztDbX73SJ7qN7umQ,unknown
TW8ZBgKzsgyFKnzE7HztDbX73sJ7qN7umQ,unknown
TYmzk5Qjiq5AK2PrYPSuSyk7JzWrPy9FF5,unknown
TG8FNZVKigR2Uvxpk38co6wnPNSJjp2zk6,unknown
0xD6e7595cB8d496a19D5345969Be59b743baae53a,unknown
0x6f0c6214488ec7666e73ffdaeae9d4b0a094a21a,upbit
TRkkSzTtMpP52E5fEPpRQfPuUkCiFhUXV3,unknown
0x8655a0f5b96c11ac7175c4755276390ef9eda693,upbit
TFeB7FQsAFzmFivUa3859Af3EobeHrcq1w,unknown
TCW4EDao1rfaTZE8Ti64chS8hFfoQT1Wwg,unknown
bc1qft34t698g8syy6ukj9lpr4ljx6h9u9ez97pn0f,unknown
bc1q248dkm2jawqh940w0m5ttual39459s24f9k7e5,unknown
bc1q5h6cju6slr4t5lsu4dmf3t6qt5tcuy2r79skcd,unknown
bc1qr7cz79argdsty023pqc8wlrcwzs3fy79qnehtp,unknown
TFqN8v58WSscFUrHMtTErA9v9MuMTRnbG4,unknown
1Ke2CZRYfvyw3kiLYDbazt2X3diyuw4yC7,unknown
bc1qsj32zchn324j13zanw6xx4pk672pxv6nqsfugn,unknown
3BBjuqiiG6gsRiHZz96p69LrKn4bQHoF7F,unknown
0x393e8c839637830F69da2ce75bdF2DC3a0C6333C,unknown
0x004966c5d2f1e61bfc263e7a3faf8d9011e046809b9443d31cd8cf9d940df8f9,unknown
0xa727793ee950a6300caecc096b592baea589b3ea232a15ae5af29d242ddf9509,unknown
0x91463b3dfed926053424570699423c918a72781d1d59d4e92bd9d62c444fe653,unknown
0x0ccd3d951e5a901e2078f080521a838ae414e907e96bbd01f220bc3222455cb1,unknown
0xf6e1e2c5e20cecc6125f57ec6eee391e32fe403a67e3850282e9173634fd45f8,unknown
0xf6e1e2c5e20cecc6125f57ec6eee391e32fe403a67e3850282e9173634fd45f8,unknown
0x119bbcd7659f968adec5837231b97da734919ab3edbd33613d5f2c8deb18b025,unknown
TWccqLXwcfBkdptJFrxyTbjvDUaVjUSHVE,unknown
0x4a172ccee1de3c358a3562f8744d044da33d11492253c7d9e7a8d1eac3ca38d8,unknown
0x0792089fc648cae91417ea07c594d4e7cfdd7acfb1d02b49b99a74a7231f9e88,unknown
0xcaa52738ff4718b83042675b98f4f19a01a24f66af475496147dd0742b8ced9a,unknown
bc1q9pq93nfugx7ptna2lendvvqysjjp390vpp37d2,unknown
0xd777a6b4b392ef4b4279666ac1c4a1d3b1efa646325b5b502b7e86183d253be2,unknown
0x77343d9485ccb7a8a1621764633193bb50a13b6c5b5c3bf64cff61317703d83e,unknown
0x843a820b783143c4a1150d8472287a1d6957119bdb7788719dee73b0e0e7df8a,unknown
0x80fdaea28092bff69cb5202f6036f898c3abd9915e1155ddd07987ff8566f842,unknown
0xddbc62e1270b90b7cf00a84e28ffbf5888a37bd12e795f5e4f01b22beac66a05,unknown
0x714ca83e5e7b91670b2c6bd7e0487a9e0df0be3e0c9fa7ec402340978dda22d7,unknown
0xf16a46b0f8f77f678f0962429548851dca3ad67beb115cbf2f5098655a4eb330,unknown
0x60ac3d5669d957f0edcafbafcebfb5361d95b06add22886716f7a087291c8b01,unknown
0x1299d760db23144b4a43ce601891efa5bae059e4aee41df57083ea4ce8ad205e,unknown
0x4730379cb0d6f3a4effee598e06fe84635020c72d2d68f6085cb7caf553eb4bc,unknown
0x60ac3d5669d957f0edcafbafcebfb5361d95b06add22886716f7a087291c8b01,unknown
0x92e929d8B2c8430BcAF4cD87654789578BB2b786,unknown
TPQroW3JDMbyMuWBPqPtiCyv7u29Puv1ez,unknown
TAqMbskeRjhxw8UFVpRAKmuBEvvgGYdgXv,unknown
TC7EQ893cww2pB9QLFjqqfbYLq4iHbxwxT,unknown
TVUfSK7FeEDsLWwbJxmK2tAAyzCyp6tVm6,unknown
TVUfSK7FeEDsLWwbJxMk2tAAyzCyp6tVm6,unknown
TVUfSK7FeEDsLWwbJxMk2tAAyzCyp6tVm6trc,unknown
0xC5568e3C048E77E871CDC916b32e02F1778988e0,upbit
bc1q8fmqy2z745vxedegq2w98k7ay605kfzfksruk7,unknown
bc1q8fmqy2z745vxedegq2w98k7ay605kfzfksruk7,unknown
bc1q8fmqy2z745vxedegq2w98k7ay605kfzfksruk7,unknown
87c490379b029d64987f8e0421a2f04b74029272232d51a68b91c31bec9307fe,unknown
7a47ff0e27b938c9b0153a3c3f5e7fbaecf1de347cf4f53e77dfb3e0e13fb2e7,unknown
92e929d8b2c8430bcaf4cd87654789578bb2b786,unknown
bc1qtm0uxu8x9lppwlp3h65w0udu6fd25vdm76eswt,unknown
0xa7Ca2C8673bcFA5a26d8ceeC2887f2CC2b0Db22A,unknown
bc1qxrfkck3h25ryqhnkg4g0erk8knmkhg91ak133z,unknown
bc1qxrfkck3h25ryqhnkg4g0erk8knmkhg9lakl33z,unknown
33XAKVoHu3GoFRYnNJPAwf7FQRvWpg16Rj,unknown
TM2bL2ZEhiVimJvSMfhqKtLM2pPMWECBgG,unknown
bc1qv42fcsaz2n7u4eyazcrsrrlwlxwpgr6uq83m2z,unknown
TV6MuMXfmLbBqPZvBHdwFsDnQeVfnmiuSi,unknown
TR7NqjeKQxGTCI8q8ZY4PL8otSzgjLj64,unknown
TR7NqjeKQxGTCi8q8ZY4pL8otSzgiLj64,unknown
TScSLnUodZVsgoGchZspDoimDjDB9bwqVv,unknown
TNW7qGUEdcgKUa9E7G5H8TQgXvdagB6XKG,unknown
TV6MuMXfmLbBqPZvBHdwFsDnQeVfnmiuSi,unknown
로맨스스캠 사건의  가상자산 흐름 추적,unknown
0x2E9C19c57729c884B87778Fd376C06DA42Df2ecb,unknown
0xee1e9e04D533e6068bD4F258713719200b6682DB,unknown
18XNK3WPPWepSkMNtKqhz2MW8AQ6RrLi1u,unknown
1CSs7PUDqFjvvBLoKwNKD4c38SMN3yMN66,unknown
TEvM2taccKXRb7Qyk8F8jC8H5jWTYatcpi,unknown
TKwDRTtkTVKCxcoZjTGjW9ZvT77tJTA4Lz,unknown
0x3786FC29b056A8a49b3FCc9F1efdC5e024dEEa,unknown
TRSucfxSwL8KghkTJMgeGbUzwYZhjbPefJ,unknown
0x31d04f294ba0a86b1bdae072b0622cd552d081fc23d2d8e37a214cf5b76dd51311,unknown
bc1qvyh6n2t9u83q4wrmd7w5ykttz9g4dh8gj3f5aa,unknown
0x5ca17823e8aC1961654735dD0ce491aB27CAA600,unknown
bc1q6yc3z0xz89xsgfp9w9398shrzxutc4r0a0mjp3,unknown
0x5eDCFB4B2869dE950624430CBEAA1099CD9d95c9,unknown
0x5eDCFB4B2869dE950624430cbeAA1099CD9d95c9,unknown
0xca6fCb6FeB14565FDe720d2904407ef3B6bc6EE75,unknown
0xca6fCb6FeB14565FDe720d290407ef3B6bc6EE75,unknown
TXfPvcs7GwKajvPRHmnxHo22doUVq6LUmh,unknown
bc1qcm654sawtfxnujuh0ctfms8kv4hjszr8ce2,unknown
rEb8TK3gBgk5auZkwc6sHnwrGVJH8DuaLh,unknown
rEb8TK3gBgk5auZkwc6sHnwrGVJH8DuaLh?dt=486954067,unknown
bc1qcm654sawtfxnujuh0ctfms8kv4hjszr8ce25t7,unknown
bc1qcm654sawtfxnujuhOctfms8kv4hjszr8ce25t7,unknown
0x33db8fe1931f25cE25664f0ca951595cBf1aECF7,unknown
0x8fc94e9e8b4bfa456fcc6b401882fa24ba51c376da7c77c5a2599d628afd906e,unknown
0xa3be820607da601b9a1249289bf6b9ac4dc36d6a,unknown
TMPshniA7DkZgTuEGwaEqiiGB2HQWf9o2,unknown
11122HJJZWxk2mtTjitrEWRFAfPjEpYeDc,unknown
TCskYvVdN3pB7BjecK3EhdBa8Xur6JwoBT,unknown
TEgsloBd3hU7UdbfU2UrhBg8lrv8rggVG,unknown
bc1qy4yljgc26fv4hv47j9ndg6l3pyy94lcrxyvz40,unknown
TF4wZAKw9rqMfaPL2VptUoBzev9Vy6t6Mt,unknown
bc1q2qqn3pwcjlrveu42dzg7qruje76n95ulxcfylf,unknown
0xf8798df962e981d565f054ab5b69a164bc8638ce,unknown
rGDreBvnHrX1get7na3J4oowN19ny4GzFn,unknown
rGDreBvnHrX1get7na3J4oowN19ny4GzFn,unknown
1PMy5wbPJJQQWX3BkKfcJPMwoBDpCWNaj,unknown
1PMy5wbPJJQQWX3BkKfcJPMwoBDpCWNaj,unknown
1PMy5wbPJJQQWX3BkKfcJPMw0BDpCWNaj,unknown
TGEbXaL2eDExpsdwnk9qKDzsZnegNwqMKF,unknown
TNNyH8vH5k9TPAdLQ6zSTcCiG8qKrae1Ax,unknown
b115e19dd39f598fa9b12998ed0ef6ec4e67b3355464c754b3abb7f49b1c8628,unknown
0x9c9743c00b8e7ef8b74957c437f3c4dd3b96e961,unknown
TMVWiVQLvWTaNYmXwvnrxyspc1K7pTaaDk,unknown
TBQv7xkx8dczXMWQm2FoyE6vfT58EPLQkG,unknown
TN1fitGqgF8qtqjSdPYH6ssorSP2vLrtdg,unknown
1Jfv1tWdmWWc2xTsT9mEDgFHGtdUvn56Bs2,unknown
33pGN5Tacs93k4RFQwEbCoS84bJ7Tu9U3W,unknown
0xb3eC1BcDB4c2A0373e1eE6aE1C827687176D25a4,unknown
0xe801760091a2da85251a88429c990a48132ae06696b987dfb99176f5104b64f20,unknown
0x4C3E7167906921569E65D48Dd63ab774499EB85E,unknown
0x038BdA68d922bBA9683A5D04691C961C85c8cdC8,unknown
0x038BdA68d922bBA9683A5D04691C961C85c8cdC8,unknown
0x62e683F6489Db9CCa07efe90FeDcb315E9873e30,unknown
0x03f34bE1BF910116595dB1b11E9d1B2cA5D59659,unknown
0xa796f6805b7615F304A4F3C48711869B305F6942,unknown
0x1873021A57D95b98f8C46Ec5313cfdF97F846A5c,unknown
0xF5b4045c373B5ff6387b58a51FAa052aB034513A,unknown
0x3F3ef3cb9537e6127EA4ff43ECA42c192BFB3222,unknown
0x1ed78ccd71824d2Eef63bCb03550Da36a795ab11,unknown
0x3556a34660Bc7158257cAA4664A98aC3F470B27C,unknown
35iMHbUZeTssxBodiHwEEkb32jpBfVueEL,bitsum
bnb1c8vavzej4sl00p6v3wtj6xsc0q3eta0zff9qh2,bitsum
1BLPNo66x3K9EoPMKGzZkFh4WJ8TsaEvk3,unknown
0x1ccbc1c911427e779d219e3,unknown
0x1ccbc1c911427e779d219e3163958675def77060,unknown
1Q7RqXwShMfWrEJRrcLXs6etKVgCeTU6zP,unknown
0xc2c98ce32ca1b15550a93fd8b862acdbc3301579,unknown
TBsbn48wQMS2kjwEXqyPnRomTyPafR6iut,unknown
19JyAkHKh36sFduqK4hMsMZhU6ZDoLotW,unknown
TDZYvHGdxa8t9ER9XUStc6TPHHTTFUUNYX,unknown
TSvU13Bhk3xtVY6mqr46q9sUnL9FhDZXNk,unknown
TFGuJWqigYv2nZ43gGpP58bWwybacXVzUB,unknown
rNxp4h8apvRis6mJf9Sh8C6iRxfrDWN7AV,unknown
0x5eDCFB4B2869dE950624430cbeAA1099CD9d95c9,unknown
3H6vJ4iqnrbMKodzNG1okcgKCzYWV7zBVc,unknown
bc1q5qe2qu9jl392aw3fls48sr6qltypqahjtzxfyt,unknown
0xe017280E276c6621826F9921B9E31eC04B6B80ac,unknown
TMV3rG97LuhCMoJTD3TA8fSTzx4RYkrp3D,unknown
TAhgivXrFWRg8jXUn7iemmNGj2bgy2GW6t,unknown
TMV3rG97LuhCMoJTD3TA8fSTzx4RYkrp3D,unknown
0xCbA06cB2DA22c79dcE9bDe9244E8f142A8567fCc,unknown
bc1q8fmqy2z745vxedegq2w98k7ay605kfzfksruk7,unknown
TNW7qGUEdcgKUa9E7G5H8TQgXvdagB6XKG,unknown
TYASr5UV6HEcXatwdFQfmLVUqQQQMUxHLS,unknown
0x3498527afAd15Cc919513F7075A35DB7F4e,unknown
0x09f767A738653a4dAcC680404b42A10Aa2dcA731,unknown
0x36419A5A346Fa7b1A659aa21B6a903a28c536dF7,unknown
1NavNGKBSFBmcgoxCXH1AZ3tJoLmHf8cd8,unknown
0xE46D370C4140771e1f730F29eDda8A8643E86501,unknown
0x8Ce23e121c5bcfBe81Ae4B81CDC6Aac5B3E1e59F,unknown
0x8C099CAAcdF270788e2eC09f80076C94ADA2aD16,unknown
0xfF60665205A8b6514dB4C8a60056698a4fE3754D,unknown
TZCLP4BWFwRbnsHnb1YspZRTD9dCra9mm5,unknown
TC5ebmUBMLkeUn4ExHUuSqPmFVijNMMoTT,unknown
TBL4FVpVB8aqvfXW4WL1rJszCMza7ap38x,unknown
TY9xP9HsYKVgg1NEMtuLaXhWbtn8Vg6Mfb,unknown
TDYnm7xHdXZxvJgAohs8kjXN5HAqwhhAKJ,unknown
TCX5dhMQVEiY1WwJAK7a4wg95ZBDL98DVt,unknown
TJUnPLn9imi9BZbifaRcVBcQinVpMYXnYd,unknown
rDxfhNRgCDNDckm45zT5ayhKDC4Ljm7UoP_1006095881,unknown
rDxfhNRgCDNDckm45zT5ayhKDC4Ljm7UoP_1006095881,unknown
FEC7AA554B73F4D8946B294D6DF2E000ABC82F4FF2B5579DF571840627778265,unknown
17c91Ytr7guAzZz1zS97D1G346rXwz8uhW,bitsum
TGbCNdBGyMHMXkwy7DvT7kWL2Db7urnfD2,bitsum
TR7Cj5KDrqXevo3mWtYRsgnxoWQnpT9ts9,unknown
1LvCSsSZugEkYDLSS7gtDL3pezsTConkkV,unknown
bc1q0dr9p5qrs6lh0nnytvcf2e9amu6ak7eq2wn2nh,unknown
0x00b23eb82667ee0a14cdc2162477ede5096cdd47,bitsum
TGbCNdBGyMHMXkwy7DvT7kWL2Db7urnfD2,bitsum
1006095881,unknown
CGxDbSHKiaNgeRQhGx6PJom2pRauQwSbF3kLC7C9Xz6V,bitsum
17DYZEEYTagJR89QER84TTUyd2JhvooNA1,unknown
17DYZEEYTagJR89QEF84TTUyd2JhvooNA1,unknown
rUzWJkXyEtT8ekSSxkBYPqCvHpngcy6Fks,unknown
rNxp4h8apvRis6mJf9Sh8C6iRxfrDWN7AV,unknown
0x1DA3f708eB6f91D3848B88394320E1E0b1bA7323,unknown
TNW7qGUEdcgKUa9E7G5H8TQgXvdagB6XKG,unknown
0xFA7093CDD9EE6932B4eb2c9e1cde7CE00B1FA4b9,unknown
0x53a45A0f3A5409643256dF3dFB0A32bf710721b4,unknown
TGbCfW8yG1W2EUuBpGEwrBLRR,unknown
bc1q5qe2qu9jl392aw3fls48sr6qltypqahjtzxfyt,unknown
TGbCfW8yG1W2EUuBpGEwrBLRRmM4FuYy2f,unknown
0xe017280E276c6621826F9921B9E31eC04B6B80ac,unknown
TGbCfW8yG1W2EUuBpGEwrBLRRmM4FuYy2f,unknown
0x53a45A0f3A5409643256dF3dFB0A32bf710721b4,unknown
0xFA7093CDD9EE6932B4eb2c9e1cde7CE00B1FA4b9,unknown
bc1q5qe2qu9jl392aw3fls48sr6qltypqahjtzxfyt,unknown
bc1q77a0094gf7zvh5qm7av9v50pku2nkuhggwc2r6,unknown
bc1qxqjaaced203n2qwqyaxmfr3hadqk7wqc4sz9fq,unknown
bc1qxhd0uhjydeh0s7qp4s7ve3w99g22l00uasxk0d,unknown
bc1qfapmflzh52zdq960ngqh2yhudp6vjugc4jnfsj,unknown
1NVFEM1pLKbccm9VCuYDQDLpriVAH2veLQ,unknown
18BZT2jGxVDeLqKjTUTnuonfBzBee1aNzV,unknown
bc1q6tl0g35cp5hvmgnn3twlyn4s6q0j55kca4428w,unknown
TAiDno5rMYQb1sNrTPvkVyMUSPWTntpSu8,unknown
bc1qngsxn4jlk0y624k0zsxutv86jmyjjwf0aahd9u,unknown
0x4C3E7167906921569E65D48Dd63ab774499EB85E,unknown
0x74cea5e3656cb257c201e4fd2f0cce45f849be80,unknown
0xb082e500faecb492e87f0176b38c2626a185ddd7,unknown
0x31FDbd08f0c40a15051aAd817d64C069b31965b9,unknown
0x68fA259305F56Cd14C0B9401B5F23cb9EaCB31D9,unknown
Ox9EA77e677CO14d58ab1Ca3a2OC2A3Ad1670do6od,unknown
Ox1C1eD327bC7Ce9a7eEF9eCB120576055e43b30d8,unknown
14iSzDPQ1x3A7wooCYn6eyKLZh8WURi68hnu73fdQe1yEwZ7,bitsum
TWZ3occLsXMqnzcnGVm9SuvGN6c39Koz,unknown
TWZ3occLs6sXMqnzcnGVm9SuvGN6c39Koz,unknown
0x1e492348e5f50346897e0a2d9440445aa27f2d4c,unknown
TKnFiKraaom7LAyH5GVLsYsKZA5qz,unknown
https://stacks-wallet.com,unknown
0xgy948ep5h2ustj8ldle2lv0cstn32z0v71rpb496,unknown
TEjdzkNmcsxj4AyYG1i5mdZhZ4o7YvjxNX,unknown
raQwCVAJVqjrVm1Nj5SFRcX8i22BhdC9WA,upbit
TSjqZJFogF3Xv4Yzj7WG5uRuZdR1ytjaJp,unknown
rp2diYfVtpbgEMyaoWgFCAkqCAEg28,unknown
TBCHJKUxNHLa13dhsSRqfWNU3xpvqpVXfm,unknown
TS7orUPeuzWsqWfABjm37eDqcwFRACWCAS,unknown
TSPigHB6HMcJ3j6HkufGBmNbBsjkLRWzoX,unknown
0x56A1a325C4a94522B4cd01c57E3663CE11792399,unknown
0x11111254369792b2Ca5d084aB5eEA397cA8fa48B,unknown
0xdAC17F958D2ee523a2206206994597C13D831ec7,unknown
0x0986B5D524dEDec2D1A67dAE088Ad90D50315C84,unknown
0x4016A5D787A407C7D7Ed5ce5cb50cA4969DBBa91,unknown
1EqX4BQxLpfQqwj1pdVkReGCDy8pngjw3C,unknown
1EqX4BQxLpfQqwj1pdVkReGCDy8pngjw3C,unknown
1EqX4BQxLpfQqwj1pdVkReGCDy8pngjw3C,unknown
TXf9bSmgCgYpZqu4GCH4EPeS1Htyn27008,unknown
0xe95f6604A591F6ba33aCCB43a8a885C9c272108a,unknown
0x5f5fa6caa172d76684d46ed4945ebef89091d472,unknown
0x21ad5b73a5b491896ded8a792311d2870282b517,unknown
0xdac17f958d2ee523a2206206994597c13d831ec7,unknown
Ox9EA77e677CO14d58ab1Ca3a2OC2A3Ad1670do6od,unknown
Ox1C1eD327bC7Ce9a7eEF9eCB120576055e43b30d8,unknown
Ox7196bB81501f9a9f13D3554056dA5EE52c5cf2DF,unknown
0x9696f59E4d72E237BE84fFD425DCaD154Bf96976,unknown
0xdF1f8A169C7171a7182e7445450f9944Cdd0889E,unknown
0xa1ff804ab039e2148498612ab52b91c9dd1bd9bbd5dd7326d1ee2d2c425bfddc,unknown
0xDFd5293D8e347dFe59E90eFd55b2956a1343963d,unknown
0xdF1f8A169C7171a7182e7445450f9944Cdd0889E,unknown
0x8815f41d79ed70b45e6d9a3ddbc31ba87f2d1f76dad4d6a8e3feb05a48e7551a,unknown
tz2WDATNYnp7FdsmuZDYSidioZqeoLNZqXvE,unknown
tz1YSTpuhwEwTiL4U7YuH22n9NhbfykQXzxM,unknown
oo3nUrQAQUxX2mnsu8J85RjuSNnuLxzbnfsds5htLEAtaKC2Gxr,unknown
0xdF1f8A169C7171a7182e7445450f9944Cdd0889E,unknown
0x74de5d4FCbf63E00296fd95d33236B9794016631,unknown
Ox6899844245639b99f08512656f94,unknown
0x712181Ce5C4b1bDa34E0c366BEFEe4E611db5cdE,unknown
bc1q2cl5n3ceha2ngwefy95f5qdjck3gcuhfn5j5ze,unknown
bc1qcnwux63yf6a8264g8dtd7y0shvsxrxre0yfftz,unknown
bc1qgxadter355dd04e4t4mtf9a6karqhr3u4esyq2,unknown
bc1qw2ghj9uckx0kekal8czqfm9af5940z6srx0r0l,unknown
31hAbMzC7QVNYkHNN4xHmpKC9ovxZfZav1,unknown
rGDreBvnHrX1get7na3J4oowN19ny4GzFn,unknown
bc1qc6vfsw2mgjsc2kqmj2n2uygxsu7e0u97fz2pdz,unknown
bc1qc6vfsw2mgjsc2kqmj2n2uygxsu7e0u97fz2pdz,unknown
bc1qc6vfsw2mgjsc2kqmj2n2uygxsu7e0u97fz2pdz,unknown
rGDreBvnHrXIget7na3J4oowN19ny4GzFn,unknown
bc1q5mdh6ymkhwauc3jhtvxf9rd9w3j5kcwk366u46,unknown
bc1qyznn7u9h8ldjgjn4s84kd9athg0f7yu9zp9q78,unknown
bc1qtn37dzw0k38cjh0989cmdhf0qpgw9w2d2lc644,unknown
bc1qqe0h944k44cfyk2pznmxw33xceyux4rtv22cyy,unknown
bc1q607ztewk4h2dd7fu7uqphmcw3ga663sj3mxrgs,unknown
1EqX4BQxLpfQqwj1pdVkReGCDy8pngjw3C,unknown
0x6899844245639b99f08512656f94,unknown
0x189cCC9467D2c439b78985D6e44c1336Caf1B6b5,unknown
TAXmteTWTNQMhSP41ckKcFkoyx67V8mEJM,unknown
TK8TAJBSmvTofjzJacttz8KmlTJZFo6uMz,unknown
TTzNz4cU99qWPwQC4c33QtcpYo7v4TtTcr,unknown
TEStU19tdzztSZyw8D2hDdmRpoPAhuDjxP,unknown
36bWVXakbEHmuwaWQiYFsRueErH6V9q7Ju,upbit
0x52Ec0F1F3A47e21AD0bf4A077d995A5EF43Daf58,unknown
0x55f670d3c123FbA95cdf98F337e27BfFb77ecDfF,unknown
TAZwLwRtxGsngMVBAaygw7sY8MrS8sXaRe,unknown
TS5ZfJT5WBLRjva67rH4A9NriKZFhYXft3,unknown
0xbb4CdB9CBd36B01bD1cBaEBF2De08d9173bc095c,unknown
0xfDE376F9a768723f21eC65bDe07c8520fCF1Ff76,unknown
0xC02aaA39b223FE8D0A0e5C4F27eAD9083C756Cc2,unknown
0x982e9E43aeb4E57b153F280A578be00f6978f73b,unknown
0xfBFcAC54E373Aa23e43ADF472E120AB67eFD1459,unknown
0x982e9E43aeb4E57b153F280A578be00f6978f73b,unknown
0xdAC17F958D2ee523a2206206994597C13D831ec7,unknown
bc1qeyt9xg549scqcm75qm34djsstpj2npm844dkll,unknown
0x236F9F97e0E62388479bf9E5BA4889e46B0273C3,unknown
0x3c11F6265Ddec22f4d049Dde480615735f451646,unknown
TL7rsRodwaAhMzYj84i5m21fiEdJoNwdbW,unknown
0xF386aAD12882c549C1c0914B55ab7424091244E,unknown
0x79354C3329c5ace803F0213E8bD6bE097fe87e2c,unknown
0x6F55F05794aCda66839A7f0D08f78A29DF5C9273,unknown
1tbc.co.kr,unknown
TvkMXOkKtZKvY1o3GkKfoF2oCpeSqd4pGH,unknown
bcqn8m82wwfdecwxqx4pm604evcluvyvvps736vgv,unknown
14G9gMBzYFgfdC6Q6U5zWL2aCrm5r8Sj99,unknown
bc1qqducf33lv30c6500smr4hxr9kclk76wc42xrpc,unknown
TvkmXOkKtZKvY1o3GkKfoF20CpeSq4pGH,unknown
TXf9bSmgCgYpZqu4GCH4EPeS1Htyn270Q8,unknown
TXf9bSmgCgYpZqu4GCH4EPeS1Htyn270Q8,unknown
TVkMXQkKtZKvY1o3GkKfoF20CpeSqd4pGH,unknown
1G35E5ZoWVksvSumJK3VX3jYt59BdFdTJS,unknown
1781ungoDXVeTNsae2HdUmgYDNMPrfUbPX,unknown
rHgwmSf7JSSPdzZFchfH6HtJBAm9CdnArG,unknown
0xaA7AE9bC2dc9e25D7125cb7b34b12c40aBD6E865,unknown
0xb8d263778daa72559caf22444ed4777bde592a8b6,unknown
0x0fec33d6440e35926ba7b01c035a408dde0303ee,unknown
0x9ebf8d9e8bad3e552a9bb0e3ef27b454413d75ab,unknown
1CJwymBs4y1izJCbCpJJAnVFcqAeo4c7E9,bitsum
0x3614bec898c043486e2ae278166f458a8bb052af,upbit
1HEcCNtWMkXwXpPaMm8t1GCub3WBXpVcXH,unknown
0x6361391857e03C46B166583CcCdeBD7f40998,unknown
bc1qeyt9xg549scqcm75qm34djsstpj2npm844dkll,unknown
0x4907bE9bdB17eCf1F634CF51947d3276a335FdaF,unknown
0xB608C6a59a982C138B987c66a21d2CC93958ABD7,unknown
bc1qauxlt6w8azcwcsayjvm9vrh3hktypaevup90kq,unknown
0xbC2f0A7E700e57534F053d7FE36095B15E96C304,unknown
0x7827D3aB73402F6F8f5e46405d59876f9fB4D2a8,unknown
0x59F97bAB50615DA43E03E50B56fA6D5A79216608,unknown
0x42c4fEa16FCdcb606dfE9662516Fa6c8b8a17A16,unknown
0xafD3c4CDF255e02F8E9715bB2d5a349e2e066198,unknown
0x06F530901a2bD9e9853B1F0CF4F56d53AfD09754,unknown
0xB7FF218bF4387f1E52Cd0d53beC8d40708daF5C9,unknown
0x06F530901a2bD9e9853B1F0CF4F56d53AfD09754,unknown
6fC2777f02F1cb91AB3caCb6B29eaA4a3ac013e,unknown
TCWnfzgnR7Goao95QxPLjnefh9ivp62E3W,unknown
TAKrSnNEDq4ExxJ23gQbzKsa8e3Arix231,unknown
rByfvxyctqfdKa7VT6C9SL5A3MhXokfa63,unknown
0x9e987e5e9ab872598f601be4acc5ac23f484845e,unknown
0xb8c969b0fb857ce8e668d32271076eaabe33a236,unknown
0x03f34bE1BF910116595dB1b11E9d1B2cA5D59659,unknown
0x5ca17823e8aC1961654735dD0ce491aB27CAA600,unknown
0xB7FF218bF4387f1E52Cd0d53beC8d40708daF5C9,unknown
0x06F530901a2bD9e9853B1F0CF4F56d53AfD09754,unknown
0x1d0B577b938DA2870B3c06648ef8F96B698dB45B,unknown
0x72f62c9568892F596E1151B6945963134367957C,unknown
0xB8288872ccA7C3dd543206AAFf0925a71B45C148,unknown
TKecFmDp9jPLX36FgRbr9VtJMUwQmz8eer,unknown
TUyoetJw398P8gbcWszNipucwmyHSkVP14,unknown
0x0016C0d0343e8f2c3A7b6A51606B84B1545Ec606,bitsum
0xB9E3E2F577b0071D0612dF863E0C94ae84e59db1,unknown
TFqN8v58WSscFUrHMtTErA9v9MuMTRnbG4,unknown
0xee7f2d8257aa658c5895796f070e4046ba8fb37e,unknown
0xee7f2d8257aa658c5895796f070e4046ba8fb37e,unknown
0x63a2823a90036fe0f07196cfa8f49cf4d4932855,unknown
0x088cf4bd57e8dc4c1edbbeeeb0b57e775bf0c816,unknown
0xa8348b6dd0e9bfd6559a1501db3ea85f2c738f8f,unknown
0x8854911265050af07571b146a76488eec1faca22,unknown
0x4817c5549a240478c8cdb1f11db002aadcb1fea1,unknown
0x47x9d121d4d5167b6f368d08070be5e05b34f769,unknown
0x47c9d121d4d5167b6f368d08070be5e05b34f769,unknown
0x8fff93e810a2edaafc326edee51071da9d398e83,unknown
0x042aac4e4b0294e720d4e93f7ed35d642b0cbcb8,unknown
15WmgxxEZdL47TVQfm3gjMByp37oGLeBxb,unknown
0xh88f9u5672z5i48vcg7vli3he8l36z8883wz9l7i,unknown
1EqX4BQxLpfQqw1pdVkReGCDy8pngjw3c,unknown
1EqX4BQxLpfQqwj1pdVkReGCDy8pngjw3C,unknown
TC8hMbr4zH52pZN9QfyQBxjEaveQ9nc9Jt,unknown
0x2651f5579b8d2d1cebf95cb9ec9ce74d570ff48b,unknown
TC8hMbr4zH52pZN9QfyqBxjEaveQ9nc9Jt,unknown
0x871ea22ad5888B05c94D18c651b18a19bF33A575,unknown
0x4Ea575108f4A148432fC79ef996c06EcF41dCA0b,unknown
16 0x28c6c06298d514db089934071355e5743bf21d60,unknown
TQJX RePg JBvd Ms19 PKHn TMt9 Fcgb drgV Lu,unknown
0xe7804c37c13166fF0b37F5aE0BB07A3aEbb6e245,unknown
0x28C6c06298d514Db089934071355E5743bf21d60,unknown
0x28C6c06298d514Db089934071355E5743bf21d60,unknown
0xe14f07b167b0e3affe101385a7272e098458ba97,unknown
0xab3aaf115a853a96c36a96c6954760ac5f39cb61ce12a1a4383ab7516b04a19f,unknown
1MDDZwGD6BUTpu32eRbJ2jeFEt28jDwdeE,unknown
0x507b4D206A7e1eF233103D8477a3f3C606543383,unknown
98b4d6f920f5e42bf99e459869e3b6ca4786e2bb808202b9f2bdbfbfb198a40879,unknown
0xba13c20e22eea2c0d22efc115d848cd28a45d773503e7ee52c51566961210b98,unknown
TYzPu5hexnbV1G5yzsAscRUvXSCvk2eGTA,unknown
TLCtcT9Wynb1GmLqxfoMLTuKKBT9EAKYy,unknown
TLCLtcT9Wynb1GmLqxfoMLTuKKBt9EAKYy,unknown
0x80c20E1a02DE326BD0dbC982686699187d3320aA,unknown
0x80c20E1a02DE3226BD0dbC982686699187d3320aA,unknown
0x80c20E1a02DE326BD0dbC982686699187d3320aA,unknown
0xdAC17F958D2ee523a2206206994597C13D831ec7,unknown
0x43C2837b18A56e283496EE99c9E7981845858c39,unknown
0x7E731E2135399a2A834dEaA2f369734317D143f5,unknown
0x91fcec752e703dfb9d64407585b3d14898ee6d36fa5c3034fd83dcb436c4a78d,unknown
0x881D40237659C251811CEC9c364ef91dC08D300C,unknown
0x881D40237659C251811CEC9c364ef91dC08D300C,unknown
0x3c9fd7f9d0967649543c3d7f1a416936,unknown
0x694db15a3281c17cab28d00a13d7f5c2cbaf4473,unknown
0x9e7aa6d41d2fb7371289060f5b805e9f985d70d2,unknown
0x251393b695c6c1a11465ab42a00c2929219d32f5,unknown
0x94798bafcfe0e3563586e02710969ca8e02c5994,unknown
0x82498c53014f32b72ad61b029c692329c3d9f86,unknown
TK8TAJBSmvTofjzJacttz8kM1TJZFo6uMz,unknown
1DsCp1hndjeK3a2uu1HksgfCvqAdz2koVg,unknown
1BLUEGocpmo482eFWrYhyvV9MLNj2vwNTg,unknown
14KuJDJAHFHSiPDrt3vqPE2hJeAHzaXfRv,unknown
1Pb2WqHFp3Z72XCsSTMBEvnCL5hoUz8o9o,unknown
0xe45a393e0c05ad712d444f035883a2fc22390b8b,unknown
bc1qdzafskfz6847cdm2vujv92hpsypgzaejwhrexj,unknown
bc1qfjd9evf8gxd3rdga3drunvwp4jt6l6w5xc575h,unknown
TQSuem7tMGMwroegBeCYZUVCAMP2CttFZR,unknown
TQSuem7tMGMwroegBeCYZUVCAMP2CttFZR,unknown
TAbokJ1JfqYvRTPD8BsT4hLXCD2njKA5bn,unknown
TAbokJ1JfqYvRTPD7BsT4hLXCD2njKA5bn,unknown
TQSuem7tMGMwroegBeCYZUVCAMP2CttFZR,unknown
0x775091aDE3b27d8C2101dE2e216Dd02E93Df153F,unknown
0xE592427A0AEce92De3Edee1F18E0157C05861564,unknown
0x1c72d92be358f1ef2417e52436c0727b207db245,unknown
0e4e64c1025ac45702ef8b38864b6037587d,unknown
080e424e2acd1e989efb2b31556,unknown
bc1qz8xk89875s6gp7ehy4v6m5up6jejkjnfjd34tz,unknown
TJwXyuCGZ3Mv7RukFMB,unknown
TXVWthJCpJpq6oMNwekUpz1PZmr6odocAh,unknown
TV6MuMXfmLbBqPZvBHdwFsDnQeVfnmiuSi,unknown
OxCA9054db73C10b2e3d596805ce2433f66ec4125C,unknown
0x6853aD827722AEED9BB8b733DE70f4545FAFdEf6,unknown
0xCA9054bd73C10be3d596805ce2433f66ec4125C,unknown
0x412f156d5741e8dd521738ee2aefe9482043de089ad26279a78370880efcd652,unknown
0x6853aD827722AEED9BB8b733DE70f4545FAFdEf6,unknown
0xcbe5e5ec55d4cf9e5714fa2cd82f7d2844209192038b6aa757d48b7eebbaa61e,unknown
TQxSS7HKgSKM33XGZU7jHjfJd4bfx9UXDL,unknown
TEcXVqUMKnGf9K3DaKkYq699nbLciG7GcA,unknown
TDyczRoP4ehci7ZK9ayt392RSzFkw3pFiE,unknown
TYkrZwFPUgatRTx3kMpxxxqy4mRLVJBSXm,unknown
TQiDQcNYR6HBZ9nu4vkdmDr6SbR6w2uzZn,unknown
TB7R3Bomsoq9oVyEL6WhFwqFAm826oM7z6,unknown
TSWnKLofiDobHru1Cojg3WN2wpwirm2nnr,unknown
TQxSS7HKgSKM33XGZU7jHjfJd4bfx9UXDL,unknown
0x7AbaBEcE7809577743B5dE123bD2fb5c27Ac8c29,bitsum
0xf16DE185702Dc38Ff93200A11Bc6b3ED00aC661C,unknown
0xDCA6338Bc866a736472BB7837D8F41B92012bbAa,unknown
0x12F95C38B29AFf4f1AEEFd758d9c059e3C9e9C00,unknown
TGLwW4DACJfJak1dUBHaufcdKWLpYKxx32,unknown
0x57744ea17065FF528be240Dda67471330797f49F,unknown
TWyhwGksYRh4tPgo7G2drr12R5TCLntp2o,unknown
0xb8c0149e76Cd56F7E8383B5C062F02b0cbE82e17,unknown
0x741E1EB29CEe041dD19c052C0578379B8e78Dd1D,upbit
0xEb14CE8b284a26b838aF64e9A4565C9760b1DEEF,unknown
0x9e8815741e780DEB1E4FF8D143e20dE1ff9b8D6A,upbit
TJxYrR3W1ZSFQTcKAEnjuJpv8Wrz7KD45K,unknown
TYsUnih5kPNCoCEyid8H3SQAQ4U5pXoFFs,unknown
rGsr9MCJ3DH3PPKXeEZ2XPPhyxVxkAFtQX,unknown
38nMLG1GMWuJgHQkRNfMqQLSg1x67ZZtsN,upbit
0xef2ebc8d3c5f2eb136236bfd8e47ceefc9e88571,unknown
1CJwymBs4y1izJCbCpJJAnVFcqAeo4c7E9,bitsum
TWr6TT7GmEpAN4CSLp8Wwv2j4mpvNKWvf8,unknown
THFi756ApMKYYS7CDDw6cnutCQ79e2AivU,unknown
0x1b3b903fd563eee12e94221cf8edfccb2e6d24b1,unknown
0x97f2586EBD3dFAc961D5f9fbcD11B75e7921ee43,unknown
TJYq54RVShEruDSHeTnwiF2HXF1NxPLbXe,unknown
TUEugwLT3ET4dA7crdWgr6HknwZDfkD4bz,unknown
TNh7TkvTy4PujYAZmkftdmKSMBwmLW6bEQ,unknown
TGEycxRPLjpkmnHCcD6QufKy1wdRkaSKKn,unknown
TGEycxRPLjpkmnHCcD6QufKy1wdRkaSKKn,unknown
TScSLnUodZVsgoGchZspDoimDjDB9bwqVv,unknown
TPrMJcmPVuGitekhff6y9mBDyqpjGCcchy,unknown
0x12f95c38b29aff4f1aeefd758d9c059e3c9e9c00,unknown
0x042FCA5D9855280BAB855ac2D04D684d5895102b,upbit
0xac6c65A5382c110c86239591a4a40b82A1A30f5a,unknown
0xf16DE185702Dc38Ff93200A11Bc6b3ED00aC661C,unknown
0x4534c03C0EF109feA05457cb2B1f2cCb1d8845d3,unknown
0x7E08C9EbBca7217568E1f845eF72d4398D3B2D1c,unknown
0x92e929d8B2c8430BcAF4cD87654789578BB2b789,unknown
0xe8abdf7574fae43615f8114b1f1a4c137ee1125a993f37fc3021b3e16880e9c7,unknown
0x8866d8643e98e46c520aa4865f51521954f0d2a3c3fed2d08295e1e13b1bde26,unknown
0x02d6379baab350ead0964bde38d445d14f3fc8284e4fa31450841c68e9276651,unknown
4ad53b1df214231bc6abda9795ba2c266a2cc800e687acb028a9608fa9562d1e,unknown
TW8ZBgKzsgyFKnzE7HztDbX73sJ7qN7umQ,unknown
TCPp7DmCG5Teip1xj5GihvufX2PaZVXBpM,unknown
669ecf683f7e418ca230ffb7e640b8a1d5bb07d96c1065939f3f089ebf2dff7e_bc1q8fv2de0es3pm2qr4g6eue2r0uq5uk7779jfqgx,unknown
0xD9e731320dc2f22F7784cb18D10b4C14b006aB5F,unknown
0xD9e731320dc2f22F7784cb18D10b4C14b006aB5f,unknown
669ecf683f7e418ca230ffb7e640b8a1d5bb07d96c1065939f3f089ebf2dff7e,unknown
77e01f770B0A2E5aF097086B4852f3Ef31D,unknown
0x6f21577e01f770B0A2E5aF097086B4852f3Ef31D,unknown
0xD9e731320dc2f22F7784cb18D10b4C14b006aB5f,unknown
TYzLhEE6ouTdfWHDHdNxF8aArgac9JHpRV,unknown
TAhWDPECzZieptwEdGoCSjfdnA5WRx5HGz,unknown
0x3c11F6265Ddec22f4d049Dde480615735f451646,unknown
0x31f077189aed37480d704f7cffcc0ea58d252e9c,unknown
3NkgAtWvowH9awmtV4QH1Y9XbToe6ASSLx,upbit
1Bk7YNiik15evvthzXpAfWKsEtrC6Uysi7,unknown
1LGfkwK1PNvp4rpmKqeRVpJMzWrShLo1Pe,unknown
1Bpm7tkLMrWRMvAdoZ9NgeVqXmdC79mSa6,unknown
14G1cdx3zWbXXFZFsr4FMd1EyHpsNSfahC,unknown
1Fy8nV9xGrzwGCBNAeXb8FnfkM6bH5B46h,unknown
16riTZLZS9MYTimGkM1yf7qjgRC1kXLP6E,unknown
1KkciRTmiXF1ernfbcYuWFHy7G67c9B7wX,unknown
1HSSLSc9tvSaZCM3ZxEa2vLPLx7Dy28oSe,unknown
1LjvjogJJq2xhM6PuzcFEEmhMyehywEzQo,unknown
bc1qjhc6w9wzy3ehkpw93v6kvth5l09zkse2c3mkye,unknown
3NkgAtWvowH9awmtV4QH1Y9XbToe6ASSLx,upbit
bc1qsss9a5v4hnadqc26upx28s4rp2gd46mlueelga,unknown
bc1qxstdlm0gwl0zqqg7e0zfhn3j5wuwe50k850hx7,unknown
19DZiP2mHwfWAyn85iKp9ZqJKQiixBb7Fs,unknown
19gpXEa6SBijWG7ZLb25KJKoXTH6gMrLng,unknown
1FjTFPWnMNnGtrRMaHuTtKtoUQnR6vs5qs,unknown
1FmNrKX9pTDd6F2pCXk3NqMzYruAstX2VY,unknown
1Agc51iviMnrz9fUQUcm7cb4Sz9uc8pf2Z,unknown
19DZiP2mHwfWAyn85iKp9ZqJKQiixBb7Fs,unknown
19gpXEa6SBijWG7ZLb25KJKoXTH6gMrLng,unknown
0x92e929d8B2c8430BcAF4cD87654789578BB2b786,unknown
0x513B61F50d1D4AbfA174B56541f04abC7DA614eb,unknown
bc1qeg5uxawttah4ug0sjc74emyxz7ryfjfe04rxsr,unknown
bc1qeg5uxawttah4ug0sjc74emyxz7ryfjfe04rxsr,unknown
bc1qa2ug5cfh32s6z90z95hyhtgl737hs44nrzvgml,unknown
bc1q5jdemvyhnghxk44ehdqrgwv6u3w980w8828q9c,unknown
bc1qlfw7z78x5vk3jad0dznskfxmqc6hl69xxumuck,unknown
bc1qsfjrpypx22xf0msfx4al8yqc6vr9qqk2gs2g5c,unknown
0xd40708D45d70CBbd31728634e939bd8d27d7954E,unknown
0xac7bb6f8480593a60fbf500dc014044274635ecb,unknown
0x695e0e317ff55465caaaca99de430a66a100c820,unknown
0x833f5fc899d16bcc00915f192cc2a6d593b2d399,unknown
0x9294a7b70d8d8074ed80763b47a03cf6f6630894,unknown
0x9c9d24b77e3889e1b807a32817c1c88e0e495bc0,unknown
0x29f9b7d3531ab5d13c30063ecae9140d93fe25e7,unknown
0x0d1926f7a66f2f43415716ea605fb173265df48c,upbit
bc1q2e5gslf4g03twea0tlzwfjuxuw03el8d5lc8d0,unknown
bc1q2e5gslf4g03twea0tlzwfjuxuw03el8d5lc8d0,unknown
TEfkOblhC6hJ9lgejL3TjdXh6Jrb8shrBY,unknown
665e6f8778c42ea39d42ea39d4ba5062e40f418c4fb16e0a8af9ef75b1377863f7d32d8,unknown
57eb4e60cbc3ff5e6bb3a83d7177457e9c0ac4debfdb24be3506c1934216ef14,unknown
bcfd09d8c6c3ce597db64e0fd0bc42488f9e0bddbc857ccab99669e28c2dee12,unknown
67608ddad25ba92837bdc13d94b17a55ed9879c142d63d2a1bb77069ef66a4dc,unknown
526c01eb501cab413a58990253bc2c56a25ef37ea12b168bdd63f8abc5026cf5,unknown
c0d48d3fda8124d1bb5313a68dc442a25aba6a1ae7becb1b2fa30fe74dcd5832,unknown
d33de1a98ff7234289820ecafe14f6617423cf037786b3d0cf12312ae5c905bd,unknown
oxf7e5C7372FaCe6138E85208B37472eD306BC0693,unknown
Oxf7e5C7372FaCe6138E85208B37472eD306BC0693,unknown
oxf7e5C7372FaCe6138E85208B37472eD306BCO693,unknown
Ox167a9333bf582556f35bd4d16a7e80e191aa6476,unknown
Oxfba053c59d6f9b67b4033911897f83Bb0B526682,unknown
38VSjJvyTnxjj2ZSwiHhQKe2VSYFGxghVB,unknown
0xEa1c89C7587AcF6f05c6FE08Bfbf77671400991b,unknown
Ox43C2837b18A56e283496EE99c9E7981845858c39,unknown
Ox7E731E2135399a2A834dEa2f369734317D143f5,unknown
Ox7E731E21355399a2A834dEaA2f369734317D143f5,unknown
Ox7E731E21355399a2A834dEaA2f369734317D143f5,unknown
1Kg6gMBZLpbf8U8z5fbRe2uPz97sK2QdiF,unknown
0x1976e2f3DE02A5a41921CA94dd1cAe4c9dbe7aB7,unknown
0x2A5CA3137E0F76E237D224E7A22b40AA204fc3B7,unknown
0x1ccbc1c911427e779d219e3163958675def77060,unknown
0xc2c98ce32ca1b15550a93fd8b862acdbc3301579,unknown
0x86f18f4ebaf811c6219f9516e21811133d38cb01,unknown
0x6cd65EE265e99541F2b69600745636617ED3776A,unknown
0x290a6a7460b308ee3f19023d2d00de604bcf5b42,unknown
0x7d1afa7b718fb893db30a3abc0cfc608aacfebb0,unknown
0x290a6a7460b308ee3f19023d2d00de604bcf5b42,unknown
0x07A6E955bA4345BAe83Ac2A6fAa771fddd8A2011,unknown
bc1qxckq6ryymxrvk5h02ujn006px6pp08r5j7puhq,unknown
TRECD1s82Tr5pu5UxjcAe1iZ1Vi5oRHMwb,unknown
TMxV65xg4SmvSX3FeVavNo9ELsk6AUGSL,unknown
TQ13dcaPvwnNw5u3SQPvGJ8CZkQaNkrDwn,unknown
TVGifgiYWNVoSENoVaa3FnUF9hdmCmEn4,unknown
0x10ab48e4768bc9d9aaac9f0c36a7e7e2e38,unknown
0x01C952174C24E1210d26961D456A77A39e1F0BB0,unknown
0x352f217D73EA622b3B6f3D92D6586283A6Af6885,unknown
0x39a90A73fe09Eac343Be68A8fac000E8683c5699,unknown
98b4d6f920f5e42bf99e459869e3b6ca4786e2bb808202b9f2bdbfb198a40879,unknown
a4fcd9b725159b89d5590729de7094395f0c56ba44a7869364914e8925f56966,unknown
b688ce4601f58a3f49fd91bf40b467f799a42730e2c2cfd2c9246e0cf311aca0,unknown
1f9b2846f4ffe0500bffc63a5d48bf5f231a8e1c421e5ade300bdc6cd16d343e,unknown
bc1q2e5gslf4g03twea0tlzwfjuxuw03el8d5lc8d0,unknown
0x9e987e5e9ab872598f601be4acc5ac23f484845e,unknown
0x8310dad97c6cab44c89de43c526ba09854e800a7,unknown
0x5de741e51cd87f6e945ae70651dce00c3e087e5e,unknown
0x91b10f106a08854fd6e77799776d4e0c5c674ed5,unknown
0x6acc5fa5ebea7e6d9e5b1f18036ad0f5bce2ff26,unknown
0x9fe994c0847b2642f860b80c1089db96930985fd,unknown
0x66403af0ca444dff607b17a6071f7dad39427fe,unknown
0x88593860ebce9733b475ce02957e57ea6cc45ac6,unknown
0x089a4055b37e033675538513d84841b99a32226e,unknown
0x7aeb56df177f652f1ce6b9f4fda029d3ec5ad34f,unknown
0x6acc5fa5ebea7e6d9e5b1f18036ad0f5bce2ff26,unknown
0x9fe994c0847b2642f860b80c1089db96930985fd,unknown
0xee7f2d8257aa658c5895796f070e4046ba8fb37e,unknown
0x03cf8c3a3a9a24a0e76b841b6d9d8d1cdf5f4eb1,unknown
0x6acc5fa5ebea7e6d9e5b1f18036ad0f5bce2ff26,unknown
0x9fe994c0847b2642f860b80c1089db96930985fd,unknown
0xfe994c0847b2642f860b80c1089db96930985fd,unknown
0xee7f2d8257aa658c5895796f070e4046ba8fb37e,unknown
0x63a2823a90036fe0f07196cfa8f49cf4d4932855,unknown
0x088cf4bd57e8dc4c1edbbeeeb0b57e775bf0c816,unknown
0xa8348b6dd0e9bfd6559a1501db3ea85f2c738f8f,unknown
0x8854911265050af07571b146a76488eex1faca22,unknown
0x4817c5549a240478c8cdb1f11db002aadcb1fea1,unknown
0x47c9d121d4d5167b6f368d08070be5e05b34f769,unknown
0x8fff93e810a2edaafc326edee51071da9d398e83,unknown
0x042aac4e4b0294e720d4e93f7ed35d642b0cbcb8,unknown
0xf0bfc4baa0212554fbed89e3f8b5da5cdce185a2,unknown
0x249a35f42a3035b59cefdba25ec7a4506d7c2369,unknown
0x58a34d06d2b1a4867785d166c1e8f08b7832b6cf,unknown
0x3617527866b0bd64b2b379d1ad346e249d68b8d9,unknown
0xdf8b7aceb7a720a1f66ec7797b735b94632794fe,unknown
